raceId,constructorId,points
1,1,0
1,2,0
1,3,3
1,4,4
1,5,3
1,6,0
1,7,11
1,9,0
1,10,0
1,23,18
2,1,1
2,2,4
2,3,0
2,4,0
2,5,0
2,6,0
2,7,5
2,9,1
2,10,0
2,23,7
3,1,7
3,2,0
3,3,0
3,4,0
3,5,1
3,6,0
3,7,2
3,9,18
3,10,0
3,23,11
4,1,5
4,2,0
4,3,0
4,4,1
4,5,0
4,6,3
4,7,8
4,9,8
4,10,0
4,23,14
5,1,0
5,2,2
5,3,1
5,4,4
5,5,0
5,6,3
5,7,0
5,9,11
5,10,0
5,23,18
6,1,0
6,2,0
6,3,3
6,4,2
6,5,1
6,6,11
6,7,0
6,9,4
6,10,0
6,23,18
7,1,0
7,2,2
7,3,4
7,4,0
7,5,0
7,6,3
7,7,6
7,9,14
7,10,0
7,23,10
8,1,0
8,2,0
8,3,4
8,4,0
8,5,0
8,6,6
8,7,2
8,9,18
8,10,0
8,23,9
9,1,1
9,2,0
9,3,5
9,4,2
9,5,0
9,6,6
9,7,0
9,9,18
9,10,0
9,23,7
10,1,14
10,2,0
10,3,5
10,4,0
10,5,0
10,6,8
10,7,4
10,9,6
10,10,0
10,23,2
11,1,13
11,2,1
11,3,4
11,4,3
11,5,0
11,6,6
11,7,0
11,9,0
11,10,0
11,23,12
12,1,3
12,2,9
12,3,1
12,4,0
12,5,0
12,6,10
12,7,0
12,9,6
12,10,8
12,23,2
13,1,3
13,2,2
13,3,0
13,4,4
13,5,0
13,6,6
13,7,0
13,9,1
13,10,5
13,23,18
14,1,12
14,2,1
14,3,0
14,4,6
14,5,0
14,6,0
14,7,8
14,9,5
14,10,0
14,23,7
15,1,6
15,2,3
15,3,4
15,4,0
15,5,0
15,6,5
15,7,8
15,9,10
15,10,0
15,23,3
16,1,6
16,2,8
16,3,0
16,4,0
16,5,2
16,6,3
16,7,0
16,9,15
16,10,0
16,23,5
17,1,0
17,2,4
17,3,0
17,4,0
17,5,1
17,6,0
17,7,5
17,9,18
17,10,0
17,23,11
18,1,14
18,2,8
18,3,9
18,4,5
18,5,2
18,6,1
18,7,0
18,8,0
18,9,0
18,10,0
18,11,0
19,1,10
19,2,11
19,3,0
19,4,1
19,5,0
19,6,10
19,7,5
19,8,0
19,9,2
19,10,0
19,11,0
20,1,4
20,2,11
20,3,1
20,4,0
20,5,0
20,6,18
20,7,3
20,8,0
20,9,2
20,10,0
20,11,0
21,1,6
21,2,5
21,3,2
21,4,0
21,5,0
21,6,18
21,7,1
21,8,0
21,9,4
21,10,0
21,11,3
22,1,8
22,2,9
22,3,1
22,4,3
22,5,0
22,6,16
22,7,0
22,9,2
22,10,0
22,11,0
23,1,11
23,2,8
23,3,2
23,4,0
23,5,4
23,6,6
23,7,0
23,9,5
23,10,0
23,11,3
24,1,0
24,2,18
24,3,0
24,4,0
24,5,1
24,6,4
24,7,8
24,9,6
24,10,0
24,11,2
25,1,5
25,2,4
25,3,0
25,4,3
25,5,0
25,6,18
25,7,6
25,9,3
25,10,0
25,11,0
26,1,14
26,2,8
26,3,1
26,4,3
26,5,0
26,6,5
26,7,2
26,9,0
26,10,0
26,11,6
27,1,14
27,2,7
27,3,0
27,4,8
27,5,1
27,6,9
27,7,0
27,9,0
27,10,0
27,11,0
28,1,14
28,2,1
28,3,0
28,4,8
28,5,0
28,6,6
28,7,10
28,9,0
28,10,0
28,11,0
29,1,13
29,2,6
29,3,1
29,4,0
29,5,3
29,6,10
29,7,6
29,9,0
29,10,0
29,11,0
30,1,6
30,2,11
30,3,0
30,4,5
30,5,6
30,6,10
30,7,0
30,9,1
30,10,0
30,11,0
31,1,10
31,2,10
31,3,0
31,4,5
31,5,10
31,6,3
31,7,0
31,9,1
31,10,0
31,11,0
32,1,6
32,2,3
32,3,9
32,4,10
32,5,4
32,6,0
32,7,5
32,9,2
32,10,0
32,11,0
33,1,0
33,2,8
33,3,0
33,4,15
33,5,3
33,6,8
33,7,4
33,9,1
33,10,0
33,11,0
34,1,10
34,2,7
34,3,0
34,4,6
34,5,0
34,6,14
34,7,2
34,9,0
34,10,0
34,11,0
35,1,6
35,2,0
35,3,0
35,4,8
35,5,5
35,6,16
35,7,4
35,9,0
35,10,0
35,11,0
36,1,14
36,2,5
36,3,2
36,4,4
36,5,0
36,6,13
36,7,1
36,8,0
36,9,0
36,11,0
36,12,0
37,1,18
37,2,5
37,3,0
37,4,4
37,5,0
37,6,10
37,7,2
37,8,0
37,9,0
37,11,0
37,12,0
38,1,12
38,2,8
38,3,0
38,4,1
38,5,0
38,6,16
38,7,2
38,8,0
38,9,0
38,11,0
38,12,0
39,1,14
39,2,5
39,3,3
39,4,2
39,5,0
39,6,10
39,7,0
39,8,1
39,9,4
39,11,0
39,12,0
40,1,18
40,2,7
40,3,2
40,4,5
40,5,0
40,6,7
40,7,0
40,8,0
40,9,0
40,11,0
40,12,0
41,1,12
41,2,8
41,3,6
41,4,5
41,5,0
41,6,4
41,7,1
41,8,3
41,9,0
41,11,0
41,12,0
43,1,8
43,2,9
43,3,0
43,4,3
43,5,0
43,6,18
43,7,0
43,8,0
43,9,0
43,11,1
43,12,0
44,1,14
44,2,8
44,3,0
44,4,3
44,5,0
44,6,14
44,7,0
44,8,0
44,9,0
44,11,0
44,12,0
45,1,10
45,2,5
45,3,5
45,4,1
45,5,0
45,6,8
45,7,0
45,8,0
45,9,10
45,11,0
45,12,0
46,1,15
46,2,10
46,3,2
46,4,1
46,5,0
46,6,8
46,7,3
46,8,0
46,9,0
46,11,0
46,12,0
47,1,10
47,2,6
47,3,2
47,4,3
47,5,0
47,6,18
47,7,0
47,8,0
47,9,0
47,11,0
47,12,0
48,1,18
48,2,9
48,3,3
48,4,2
48,5,0
48,6,6
48,7,0
48,8,0
48,9,0
48,11,1
48,12,0
49,1,11
49,2,4
49,3,3
49,4,1
49,5,0
49,6,18
49,7,0
49,8,0
49,9,2
49,11,0
49,12,0
50,1,10
50,2,2
50,3,0
50,4,12
50,5,0
50,6,9
50,7,0
50,8,0
50,9,5
50,11,0
50,12,1
51,1,8
51,2,2
51,3,0
51,4,0
51,5,8
51,6,16
51,7,0
51,8,0
51,9,1
51,11,4
51,12,0
52,1,8
52,2,7
52,3,5
52,4,0
52,5,0
52,6,18
52,7,1
52,8,0
52,9,0
52,11,0
52,12,0
53,1,10
53,2,0
53,3,5
53,4,10
53,5,0
53,6,8
53,7,0
53,8,0
53,9,1
53,11,5
53,13,0
54,1,5
54,2,2
54,3,0
54,4,18
54,5,0
54,6,7
54,7,1
54,8,0
54,9,0
54,11,6
54,13,0
55,1,8
55,2,8
55,3,0
55,4,14
55,5,0
55,6,0
55,7,6
55,8,0
55,9,1
55,11,2
55,13,0
56,1,10
56,2,0
56,3,3
56,4,9
56,5,0
56,6,15
56,7,0
56,8,0
56,9,0
56,11,2
56,13,0
57,1,5
57,2,1
57,3,2
57,4,11
57,5,0
57,6,16
57,7,0
57,8,0
57,9,0
57,11,4
57,13,0
58,1,4
58,2,1
58,3,0
58,4,16
58,5,0
58,6,13
58,7,0
58,8,0
58,9,0
58,11,5
58,13,0
59,1,8
59,2,2
59,3,0
59,4,13
59,5,0
59,6,4
59,7,1
59,8,0
59,9,6
59,11,5
59,13,0
60,1,9
60,2,3
60,3,0
60,4,15
60,5,0
60,6,12
60,7,0
60,8,0
60,9,0
60,11,0
60,13,0
61,1,6
61,2,2
61,3,0
61,4,15
61,5,0
61,6,12
61,7,3
61,8,0
61,9,1
61,11,0
61,13,0
63,1,6
63,2,1
63,3,0
63,4,11
63,5,0
63,6,16
63,7,5
63,8,0
63,9,0
63,11,0
63,13,0
64,1,6
64,2,0
64,3,0
64,4,7
64,5,0
64,6,18
64,7,2
64,8,0
64,9,1
64,11,5
64,13,0
65,1,8
65,2,6
65,3,0
65,4,0
65,5,0
65,6,3
65,7,3
65,8,0
65,9,4
65,11,15
65,13,0
66,1,4
66,2,0
66,3,0
66,4,11
66,5,0
66,6,16
66,7,2
66,8,0
66,9,0
66,11,6
66,13,0
67,1,8
67,2,7
67,3,0
67,4,5
67,5,0
67,6,10
67,7,2
67,8,0
67,9,0
67,11,7
67,14,0
68,1,4
68,2,2
68,3,1
68,4,14
68,5,0
68,6,10
68,7,0
68,8,0
68,9,0
68,11,8
68,14,0
69,1,4
69,2,1
69,3,0
69,4,16
69,5,0
69,6,8
69,7,5
69,8,0
69,9,0
69,11,5
69,14,0
70,1,5
70,2,0
70,3,0
70,4,11
70,5,0
70,6,15
70,7,0
70,8,0
70,9,0
70,11,8
70,14,0
71,1,4
71,3,4
71,4,16
71,6,8
71,7,0
71,9,7
71,15,0
71,16,0
71,17,0
71,18,0
72,1,5
72,3,6
72,4,10
72,6,2
72,7,12
72,9,4
72,15,0
72,16,0
72,17,0
72,18,0
73,1,10
73,3,3
73,4,10
73,6,0
73,7,13
73,9,1
73,15,2
73,16,0
73,17,0
73,18,0
74,1,6
74,3,5
74,4,10
74,6,8
74,7,4
74,9,1
74,15,5
74,16,0
74,17,0
74,18,0
75,1,12
75,3,3
75,4,12
75,6,0
75,7,11
75,9,1
75,15,0
75,17,0
75,18,0
76,1,14
76,3,14
76,4,5
76,6,3
76,7,3
76,9,0
76,15,0
76,17,0
76,18,0
77,1,2
77,3,8
77,4,13
77,6,10
77,7,1
77,9,5
77,15,0
77,16,0
77,17,0
77,18,0
78,1,10
78,3,4
78,4,0
78,6,14
78,7,3
78,9,3
78,15,5
78,16,0
78,17,0
78,18,0
80,1,8
80,3,0
80,4,13
80,6,6
80,7,6
80,9,0
80,15,1
80,16,5
80,17,0
80,18,0
81,1,16
81,3,0
81,4,13
81,6,5
81,7,1
81,9,0
81,15,0
81,16,4
81,17,0
81,18,0
82,1,8
82,3,0
82,4,15
82,6,4
82,7,3
82,9,2
82,15,1
82,16,6
82,17,0
82,18,0
83,1,10
83,3,5
83,4,0
83,6,8
83,7,11
83,9,0
83,15,0
83,16,5
83,17,0
83,18,0
84,1,16
84,3,0
84,4,13
84,6,0
84,7,3
84,9,3
84,15,0
84,16,4
84,17,0
84,18,0
85,1,15
85,3,2
85,4,14
85,6,0
85,7,7
85,9,0
85,15,0
85,16,1
85,17,0
85,18,0
86,1,10
86,3,5
86,4,8
86,6,4
86,7,2
86,9,0
86,15,3
86,16,6
86,17,1
86,18,0
87,1,18
87,3,0
87,4,10
87,6,8
87,7,1
87,9,0
87,15,0
87,16,2
87,17,0
87,18,0
88,1,10
88,3,5
88,4,14
88,6,2
88,7,1
88,9,3
88,15,0
88,16,4
88,17,0
88,18,0
89,1,8
89,3,2
89,4,15
89,6,0
89,7,6
89,9,4
89,15,3
89,16,1
89,17,0
89,18,0
90,1,1
90,3,9
90,4,8
90,6,18
90,7,0
90,15,0
90,16,3
90,17,0
90,18,0
90,19,0
91,1,3
91,3,8
91,4,6
91,6,15
91,7,0
91,15,1
91,16,6
91,17,0
91,18,0
91,19,0
92,1,0
92,3,2
92,4,8
92,6,18
92,7,0
92,15,0
92,16,10
92,17,0
92,18,0
92,19,1
93,1,1
93,3,8
93,4,9
93,6,13
93,7,0
93,15,0
93,16,8
93,17,0
93,18,0
93,19,0
94,1,0
94,3,3
94,4,11
94,6,18
94,7,0
94,15,2
94,16,5
94,17,0
94,18,0
94,19,0
95,1,0
95,3,5
95,4,10
95,6,6
95,7,4
95,15,4
95,16,8
95,17,2
95,18,0
95,19,0
96,1,0
96,3,1
96,4,9
96,6,18
96,7,0
96,15,3
96,16,6
96,17,0
96,18,0
96,19,2
97,1,7
97,3,0
97,4,0
97,6,18
97,7,0
97,15,5
97,16,6
97,17,3
97,18,0
97,19,0
99,1,5
99,3,1
99,4,13
99,6,16
99,7,0
99,15,0
99,16,4
99,17,0
99,18,0
99,19,0
100,1,10
100,3,4
100,4,0
100,6,16
100,7,0
100,15,3
100,16,5
100,17,0
100,18,0
100,19,1
101,1,5
101,3,6
101,4,6
101,6,10
101,7,0
101,15,0
101,16,9
101,17,0
101,18,0
101,19,3
102,1,0
102,3,7
102,4,6
102,6,18
102,7,0
102,15,1
102,16,7
102,17,0
102,18,0
102,19,0
103,1,12
103,3,0
103,4,0
103,6,14
103,7,1
103,15,9
103,16,0
103,17,0
103,18,0
103,19,3
104,1,3
104,3,6
104,4,0
104,6,18
104,7,0
104,15,1
104,16,11
104,17,0
104,18,0
104,19,0
105,1,6
105,3,4
105,4,5
105,6,10
105,7,0
105,15,3
105,16,11
105,17,0
105,18,0
105,19,0
106,1,3
106,3,10
106,4,4
106,6,10
106,7,0
106,15,1
106,16,11
106,17,0
106,18,0
106,19,0
107,1,8
107,3,14
107,4,5
107,6,8
107,7,0
107,15,1
107,16,3
107,17,0
107,18,0
107,19,0
108,1,16
108,3,9
108,4,6
108,6,5
108,7,0
108,15,3
108,16,0
108,17,0
108,18,0
108,19,0
109,1,10
109,3,5
109,4,10
109,6,11
109,7,0
109,15,1
109,16,2
109,17,0
109,18,0
109,19,0
110,1,13
110,3,2
110,4,7
110,6,0
110,7,0
110,15,4
110,16,3
110,17,10
110,18,0
110,19,0
111,1,12
111,3,7
111,4,3
111,6,16
111,7,0
111,15,0
111,16,1
111,17,0
111,18,0
111,19,0
112,1,0
112,3,9
112,4,8
112,6,16
112,7,3
112,15,0
112,16,0
112,17,1
112,18,0
112,19,2
113,1,12
113,3,3
113,4,1
113,6,16
113,7,0
113,15,0
113,16,5
113,17,0
113,18,0
113,19,2
114,1,10
114,3,15
114,4,7
114,6,7
114,7,0
114,15,0
114,16,0
114,17,0
114,18,0
114,19,0
115,1,3
115,3,14
115,4,5
115,6,14
115,7,1
115,15,0
115,16,0
115,17,0
115,18,0
115,19,2
116,1,0
116,3,18
116,4,5
116,6,10
116,7,0
116,15,1
116,16,2
116,17,0
116,18,0
116,19,3
117,1,9
117,3,18
117,4,0
117,6,8
117,7,1
117,15,0
117,16,0
117,17,0
117,18,0
117,19,3
118,1,10
118,3,8
118,4,3
118,6,15
118,7,2
118,15,0
118,16,1
118,17,0
118,18,0
118,19,0
119,1,8
119,3,10
119,4,11
119,6,2
119,7,7
119,15,0
119,16,1
119,17,0
119,18,0
119,19,0
120,1,12
120,3,11
120,4,12
120,6,1
120,7,0
120,15,0
120,16,0
120,17,0
120,18,0
120,19,3
121,1,5
121,3,12
121,4,1
121,6,16
121,7,0
121,15,0
121,16,3
121,17,0
121,18,0
121,19,2
123,1,14
123,3,0
123,4,4
123,6,11
123,7,2
123,15,0
123,16,8
123,17,0
123,18,0
123,19,0
124,1,4
124,3,6
124,4,0
124,6,10
124,7,1
124,15,0
124,16,0
124,17,0
124,18,2
124,19,3
124,21,0
125,1,0
125,3,16
125,4,3
125,6,4
125,7,0
125,15,3
125,16,0
125,17,0
125,18,0
125,19,0
125,21,0
126,1,4
126,3,8
126,4,3
126,6,10
126,7,1
126,15,0
126,16,0
126,17,0
126,18,0
126,19,0
126,21,0
127,1,1
127,3,7
127,4,2
127,6,16
127,7,0
127,15,0
127,16,0
127,17,0
127,18,0
127,19,0
127,21,0
128,1,4
128,3,6
128,4,0
128,6,10
128,7,0
128,15,5
128,16,0
128,17,0
128,18,0
128,19,0
128,21,1
129,1,1
129,3,7
129,4,0
129,6,16
129,7,0
129,15,0
129,16,0
129,17,2
129,18,0
129,19,0
129,21,0
130,1,10
130,3,4
130,4,3
130,6,6
130,7,0
130,15,0
130,16,0
130,17,2
130,18,0
130,19,0
130,21,1
131,1,9
131,3,0
131,4,1
131,6,14
131,7,0
131,15,0
131,16,0
131,17,2
131,18,0
131,19,0
131,21,0
132,1,4
132,3,3
132,4,2
132,6,16
132,7,0
132,15,1
132,16,0
132,17,0
132,18,0
132,19,0
132,21,0
133,1,0
133,3,4
133,4,0
133,6,16
133,7,0
133,15,1
133,16,5
133,17,0
133,18,0
133,19,0
133,21,0
134,1,10
134,3,5
134,4,1
134,6,10
134,7,0
134,15,0
134,16,0
134,17,0
134,18,0
134,19,0
134,21,0
135,1,2
135,3,10
135,4,0
135,6,13
135,7,0
135,15,1
135,16,0
135,17,0
135,18,0
135,19,0
135,21,0
136,1,5
136,3,4
136,4,0
136,6,16
136,7,0
136,15,0
136,16,0
136,17,1
136,18,0
136,19,0
137,1,3
137,3,6
137,4,0
137,6,16
137,7,0
137,15,0
137,16,0
137,17,0
137,18,0
137,19,1
138,1,0
138,3,0
138,4,5
138,6,16
138,7,0
138,15,0
138,16,1
138,17,0
138,18,0
138,19,4
140,1,4
140,3,3
140,4,1
140,6,16
140,7,0
140,15,0
140,16,0
140,17,2
140,18,0
140,19,0
141,1,6
141,3,0
141,6,14
141,15,4
141,16,0
141,17,2
141,18,0
141,19,0
141,20,0
141,21,0
141,22,0
142,1,5
142,3,2
142,6,16
142,15,0
142,16,0
142,17,3
142,18,0
142,19,0
142,20,0
142,21,0
142,22,0
143,1,10
143,3,0
143,6,6
143,15,4
143,16,3
143,17,2
143,18,0
143,19,0
143,20,0
143,21,0
143,22,1
144,1,9
144,3,10
144,6,4
144,15,0
144,16,0
144,17,3
144,18,0
144,19,0
144,20,0
144,21,0
144,22,0
145,1,2
145,3,6
145,6,10
145,15,1
145,16,4
145,17,3
145,18,0
145,19,0
145,20,0
145,21,0
145,22,0
146,1,10
146,3,0
146,6,10
146,15,3
146,16,2
146,17,0
146,18,0
146,19,0
146,20,0
146,21,1
146,22,0
147,1,2
147,3,0
147,6,16
147,15,0
147,16,3
147,17,0
147,18,0
147,19,4
147,20,1
147,21,0
147,22,0
148,1,4
148,3,10
148,6,6
148,15,3
148,16,0
148,17,0
148,18,0
148,19,1
148,20,2
148,21,0
148,22,0
149,1,5
149,3,9
149,6,12
149,15,0
149,16,0
149,17,0
149,18,0
149,19,0
149,20,0
149,21,0
149,22,0
150,1,3
150,3,6
150,6,14
150,15,1
150,16,0
150,17,2
150,18,0
150,19,0
150,20,0
150,21,0
150,22,0
151,1,10
151,3,3
151,6,10
151,15,3
151,16,0
151,17,0
151,18,0
151,19,0
151,20,0
151,21,0
151,22,0
152,1,0
152,3,10
152,6,6
152,15,0
152,16,4
152,17,0
152,18,0
152,19,0
152,20,1
152,21,0
152,22,5
153,1,6
153,3,3
153,6,16
153,15,1
153,16,0
153,17,0
153,18,0
153,19,0
153,20,0
153,21,0
153,22,0
154,1,9
154,3,0
154,6,12
154,15,0
154,16,0
154,17,1
154,18,0
154,19,0
154,20,0
154,21,0
154,22,4
155,1,0
155,3,14
155,6,9
155,15,0
155,16,1
155,17,0
155,18,0
155,19,2
155,20,0
155,21,0
155,22,0
157,1,7
157,3,7
157,6,12
157,15,0
157,16,0
157,17,0
157,18,0
157,19,0
157,20,0
157,21,0
157,22,0
158,1,0
158,3,4
158,6,16
158,15,0
158,16,4
158,17,0
158,18,0
158,19,0
158,20,0
158,21,0
158,22,2
159,1,0
159,3,3
159,6,10
159,15,0
159,16,0
159,17,7
159,18,0
159,19,0
159,20,0
159,21,0
159,22,6
160,1,10
160,3,0
160,6,13
160,15,1
160,16,2
160,17,0
160,18,0
160,19,0
160,20,0
160,21,0
160,22,0
161,1,16
161,3,5
161,6,4
161,15,0
161,16,0
161,17,1
161,18,0
161,19,0
161,20,0
161,21,0
161,22,0
162,1,16
162,3,3
162,6,6
162,15,0
162,16,0
162,17,1
162,18,0
162,19,0
162,20,0
162,21,0
162,22,0
163,1,10
163,3,0
163,6,13
163,15,0
163,16,0
163,17,0
163,18,0
163,19,0
163,20,0
163,21,1
163,22,2
164,1,11
164,3,0
164,6,6
164,15,2
164,16,0
164,17,0
164,18,0
164,19,3
164,20,0
164,21,0
164,22,4
165,1,3
165,3,0
165,6,16
165,15,0
165,16,0
165,17,1
165,18,0
165,19,0
165,20,0
165,21,2
165,22,4
166,1,16
166,3,2
166,6,4
166,15,0
166,16,3
166,17,1
166,18,0
166,19,0
166,20,0
166,21,0
166,22,0
167,1,16
167,3,2
167,6,4
167,15,1
167,16,3
167,17,0
167,18,0
167,19,0
167,20,0
167,21,0
167,22,0
168,1,10
168,3,3
168,6,10
168,15,2
168,16,0
168,17,0
168,18,0
168,19,0
168,20,0
168,21,1
168,22,0
169,1,14
169,3,2
169,6,9
169,15,0
169,16,0
169,17,1
169,18,0
169,19,0
169,20,0
169,21,0
169,22,0
170,1,13
170,3,6
170,6,6
170,15,0
170,16,0
170,17,1
170,18,0
170,19,0
170,20,0
170,21,0
170,22,0
171,1,6
171,3,4
171,6,10
171,15,0
171,16,1
171,17,0
171,18,0
171,19,0
171,20,0
171,21,3
171,22,2
173,1,10
173,3,2
173,6,13
173,15,0
173,16,1
173,17,0
173,18,0
173,19,0
173,20,0
173,21,0
173,22,0
174,1,9
174,3,0
174,6,14
174,15,0
174,16,2
174,17,0
174,18,0
174,19,1
174,20,0
174,21,0
174,22,0
175,1,0
175,3,4
175,6,10
175,15,0
175,16,0
175,17,6
175,18,0
175,20,0
175,21,1
175,22,3
175,24,2
176,1,10
176,3,3
176,6,8
176,15,0
176,16,0
176,17,4
176,18,0
176,20,1
176,21,0
176,22,0
176,24,0
177,1,6
177,3,0
177,6,10
177,15,1
177,16,0
177,17,3
177,18,0
177,20,0
177,21,0
177,22,2
177,24,4
178,1,4
178,3,0
178,6,16
178,15,0
178,16,0
178,17,3
178,18,0
178,20,0
178,21,0
178,22,3
178,24,0
179,1,16
179,3,2
179,6,7
179,15,0
179,16,0
179,17,0
179,18,0
179,20,1
179,21,0
179,22,0
179,24,0
180,1,10
180,3,3
180,6,4
180,15,1
180,16,0
180,17,0
180,18,0
180,20,0
180,21,0
180,22,6
180,24,2
181,1,6
181,3,3
181,6,3
181,15,0
181,16,0
181,17,10
181,18,0
181,20,0
181,21,0
181,22,0
181,24,4
182,1,10
182,3,4
182,6,6
182,15,1
182,16,0
182,17,5
182,18,0
182,20,0
182,21,0
182,22,0
182,24,0
183,1,10
183,3,0
183,6,10
183,15,1
183,16,0
183,17,3
183,18,0
183,20,0
183,21,0
183,22,2
183,24,0
184,1,2
184,3,3
184,6,16
184,15,0
184,16,0
184,17,4
184,18,0
184,20,1
184,21,0
184,22,0
184,24,0
185,1,16
185,3,0
185,6,4
185,15,0
185,16,0
185,17,4
185,18,0
185,20,0
185,21,0
185,22,0
185,24,2
186,1,16
186,3,2
186,6,3
186,15,0
186,16,0
186,17,5
186,18,0
186,20,0
186,21,0
186,22,0
186,24,0
187,1,2
187,3,6
187,6,5
187,15,0
187,16,0
187,17,10
187,18,0
187,20,0
187,21,0
187,22,0
187,24,3
188,1,2
188,3,3
188,6,0
188,15,0
188,16,0
188,17,0
188,18,1
188,20,6
188,21,0
188,22,0
188,24,14
189,1,4
189,3,0
189,6,16
189,15,0
189,16,0
189,17,1
189,18,0
189,20,0
189,21,0
189,22,0
189,24,5
190,1,10
190,3,2
190,6,10
190,15,1
190,16,0
190,17,3
190,18,0
190,20,0
190,21,0
190,22,0
190,24,0
191,1,16
191,3,6
191,6,3
191,15,1
191,17,0
191,18,0
191,20,0
191,21,0
191,22,0
191,24,0
191,25,0
192,1,16
192,3,2
192,6,4
192,15,0
192,17,0
192,18,0
192,20,0
192,21,0
192,22,4
192,24,0
192,25,0
193,1,7
193,3,0
193,6,14
193,15,2
193,17,0
193,18,0
193,20,0
193,21,0
193,22,3
193,24,0
193,25,0
194,1,10
194,3,5
194,6,10
194,15,1
194,17,0
194,18,0
194,20,0
194,21,0
194,22,0
194,24,0
194,25,0
195,1,16
195,3,1
195,6,4
195,15,0
195,17,0
195,18,0
195,20,0
195,21,0
195,22,3
195,24,2
195,25,0
196,1,10
196,3,2
196,6,4
196,15,0
196,17,0
196,18,0
196,20,0
196,21,4
196,22,6
196,24,0
196,25,0
197,1,0
197,3,0
197,6,14
197,15,0
197,17,0
197,18,0
197,20,0
197,21,0
197,22,9
197,24,3
197,25,0
198,1,5
198,3,3
198,6,16
198,15,0
198,17,0
198,18,0
198,20,0
198,21,0
198,22,2
198,24,0
198,25,0
199,1,6
199,3,0
199,6,14
199,15,0
199,17,1
199,18,0
199,20,0
199,21,0
199,22,5
199,24,0
199,25,0
200,1,16
200,3,1
200,6,7
200,15,0
200,17,2
200,18,0
200,20,0
200,21,0
200,22,0
200,24,0
200,25,0
201,1,16
201,3,4
201,6,2
201,15,0
201,17,4
201,18,0
201,20,0
201,21,0
201,22,0
201,24,0
201,25,0
202,1,7
202,3,6
202,6,10
202,15,0
202,17,3
202,18,0
202,20,0
202,21,0
202,22,0
202,24,0
202,25,0
203,1,0
203,3,3
203,6,0
203,15,4
203,17,16
203,18,0
203,20,1
203,21,2
203,22,0
203,24,0
203,25,0
204,1,3
204,3,0
204,6,16
204,15,2
204,17,5
204,18,0
204,20,0
204,21,0
204,22,0
204,24,0
204,25,0
205,1,14
205,3,2
205,6,9
205,15,0
205,17,0
205,18,0
205,20,0
205,21,0
205,22,1
205,24,0
205,25,0
206,1,14
206,3,3
206,6,6
206,15,0
206,17,3
206,18,0
206,20,0
206,21,0
206,22,0
206,24,0
206,25,0
207,1,14
207,3,0
207,6,6
207,15,1
207,17,0
207,18,0
207,20,2
207,21,0
207,22,3
207,24,0
207,25,0
207,26,0
208,1,3
208,3,10
208,6,2
208,15,0
208,17,0
208,18,0
208,20,4
208,21,0
208,22,7
208,24,0
208,25,0
209,1,2
209,3,10
209,6,6
209,15,3
209,17,4
209,18,0
209,20,0
209,21,0
209,22,1
209,24,0
209,25,0
210,1,1
210,3,10
210,6,10
210,15,0
210,17,3
210,18,0
210,20,0
210,21,0
210,22,2
210,24,0
210,25,0
211,1,0
211,3,0
211,6,14
211,15,0
211,17,1
211,18,0
211,20,3
211,21,0
211,22,0
211,24,6
211,25,2
212,1,1
212,3,10
212,6,3
212,15,2
212,17,0
212,18,0
212,20,6
212,21,0
212,22,4
212,24,0
212,25,0
213,1,0
213,3,3
213,6,10
213,15,2
213,17,4
213,18,0
213,20,1
213,21,0
213,22,6
213,24,0
213,25,0
214,1,0
214,3,9
214,6,14
214,15,0
214,17,1
214,18,0
214,20,0
214,21,0
214,22,2
214,24,0
214,25,0
215,1,3
215,3,10
215,6,0
215,15,0
215,17,2
215,18,0
215,20,0
215,21,1
215,22,10
215,24,0
215,25,0
216,1,4
216,3,0
216,6,6
216,15,0
216,17,2
216,18,0
216,20,3
216,21,0
216,22,11
216,24,0
216,25,0
217,1,0
217,3,10
217,6,3
217,15,4
217,17,2
217,18,0
217,20,1
217,21,6
217,22,0
217,24,0
217,25,0
218,1,0
218,3,6
218,6,10
218,15,3
218,17,6
218,18,0
218,20,0
218,21,0
218,22,1
218,24,0
218,25,0
219,1,10
219,3,6
219,6,1
219,15,0
219,17,3
219,18,0
219,20,0
219,21,0
219,22,6
219,24,0
219,25,0
220,1,6
220,3,14
220,6,1
220,15,0
220,17,5
220,18,0
220,20,0
220,21,0
220,22,0
220,24,0
220,25,0
221,1,0
221,3,14
221,6,0
221,15,0
221,17,0
221,18,0
221,20,1
221,21,2
221,22,9
221,24,0
221,25,0
222,1,3
222,3,6
222,6,14
222,15,1
222,17,0
222,18,0
222,20,0
222,21,0
222,22,2
222,24,0
222,25,0
223,1,16
223,3,5
223,6,2
223,15,0
223,17,0
223,18,0
223,20,0
223,21,0
223,22,3
223,24,0
223,25,0
224,1,2
224,3,16
224,6,4
224,15,0
224,17,0
224,18,0
224,22,3
224,25,1
224,27,0
224,28,0
224,29,0
225,1,3
225,3,10
225,6,4
225,15,0
225,17,0
225,18,0
225,22,6
225,25,2
225,27,1
225,28,0
225,29,0
226,1,0
226,3,16
226,6,2
226,15,0
226,17,3
226,18,0
226,22,4
226,25,0
226,27,0
226,28,0
226,29,1
227,1,4
227,3,13
227,6,6
227,15,0
227,17,3
227,18,0
227,22,0
227,25,0
227,27,0
227,28,0
227,29,0
228,1,0
228,3,10
228,6,9
228,15,0
228,17,2
228,18,0
228,22,5
228,25,0
228,27,0
228,28,0
228,29,0
229,1,7
229,3,0
229,6,0
229,15,7
229,17,0
229,18,0
229,22,0
229,25,2
229,27,10
229,28,0
229,29,0
230,1,2
230,3,4
230,6,10
230,15,3
230,17,0
230,18,0
230,22,6
230,25,0
230,27,1
230,28,0
230,29,0
231,1,5
231,3,16
231,6,0
231,15,0
231,17,1
231,18,0
231,22,4
231,25,0
231,27,0
231,28,0
231,29,0
232,1,3
232,3,16
232,6,0
232,15,0
232,17,0
232,18,0
232,22,7
232,25,0
232,27,0
232,28,0
232,29,0
233,1,6
233,3,10
233,6,0
233,15,0
233,17,4
233,18,0
233,22,6
233,25,0
233,27,0
233,28,0
233,29,0
234,1,2
234,3,14
234,6,3
234,15,0
234,17,1
234,18,0
234,22,6
234,25,0
234,27,0
234,29,0
235,1,3
235,3,16
235,6,0
235,15,0
235,17,1
235,18,0
235,22,4
235,25,0
235,27,2
235,29,0
236,1,4
236,3,8
236,6,10
236,15,0
236,17,0
236,18,0
236,22,4
236,25,0
236,27,0
236,29,0
237,1,4
237,3,0
237,6,10
237,15,0
237,17,5
237,18,0
237,22,6
237,25,0
237,27,1
237,29,0
238,1,0
238,3,16
238,6,6
238,15,0
238,17,0
238,18,0
238,22,4
238,25,0
238,27,0
238,29,0
239,1,4
239,3,10
239,6,6
239,15,1
239,17,2
239,18,0
239,22,3
239,25,0
239,27,0
239,29,0
240,1,4
240,3,6
240,6,6
240,15,0
240,17,0
240,18,0
240,22,10
240,25,0
240,27,0
240,28,0
240,29,0
240,30,0
240,31,0
241,1,0
241,3,10
241,6,7
241,15,2
241,17,0
241,18,0
241,22,7
241,25,0
241,27,0
241,28,0
241,29,0
241,30,0
241,31,0
242,1,2
242,3,13
242,6,10
242,15,1
242,17,0
242,18,0
242,22,0
242,25,0
242,27,0
242,28,0
242,29,0
242,30,0
242,31,0
243,1,0
243,3,3
243,6,4
243,15,0
243,17,2
243,18,0
243,22,16
243,25,0
243,27,1
243,28,0
243,29,0
243,30,0
243,31,0
244,1,2
244,3,6
244,6,4
244,15,1
244,17,0
244,18,0
244,22,13
244,25,0
244,27,0
244,28,0
244,29,0
244,30,0
244,31,0
245,1,0
245,3,0
245,6,10
245,15,0
245,17,10
245,18,0
245,22,2
245,25,0
245,27,3
245,28,0
245,29,1
245,30,0
246,1,0
246,3,10
246,6,2
246,15,0
246,17,1
246,18,0
246,22,10
246,25,0
246,27,3
246,28,0
246,29,0
246,30,0
247,1,2
247,3,4
247,6,6
247,15,1
247,17,0
247,18,0
247,22,10
247,25,0
247,27,3
247,28,0
247,29,0
247,30,0
248,1,0
248,3,6
248,6,4
248,15,2
248,17,0
248,18,0
248,22,13
248,25,0
248,27,1
248,28,0
248,29,0
248,30,0
249,1,0
249,3,16
249,6,4
249,15,2
249,17,0
249,18,0
249,22,3
249,25,0
249,27,1
249,28,0
249,29,0
249,30,0
250,1,2
250,3,6
250,6,0
250,15,3
250,17,1
250,18,0
250,22,10
250,25,0
250,27,4
250,28,0
250,29,0
250,30,0
251,1,9
251,3,0
251,6,0
251,15,5
251,17,0
251,18,0
251,22,10
251,25,2
251,27,0
251,28,0
251,29,0
251,30,0
252,1,0
252,3,14
252,6,5
252,15,1
252,17,0
252,18,0
252,22,6
252,25,0
252,27,0
252,28,0
252,29,0
252,30,0
253,1,0
253,3,4
253,6,6
253,15,0
253,17,4
253,18,0
253,22,12
253,25,0
253,27,0
253,28,0
253,29,0
253,30,0
254,1,0
254,3,10
254,6,5
254,15,0
254,17,0
254,18,0
254,22,11
254,25,0
254,27,0
254,28,0
254,29,0
254,30,0
255,1,6
255,3,0
255,6,0
255,15,0
255,17,3
255,18,0
255,22,14
255,25,1
255,27,2
255,28,0
255,29,0
255,30,0
256,1,3
256,3,10
256,6,0
256,15,0
256,17,0
256,18,1
256,22,0
256,25,2
256,27,6
256,28,0
256,29,4
256,30,0
257,1,0
257,3,6
257,6,4
257,15,1
257,17,3
257,18,0
257,22,10
257,25,2
257,27,0
257,29,0
257,30,0
257,31,0
257,32,0
257,33,0
258,1,0
258,3,0
258,6,6
258,15,2
258,17,4
258,18,0
258,22,10
258,25,0
258,27,0
258,29,3
258,30,0
258,31,0
258,32,0
258,33,1
259,1,4
259,3,1
259,6,6
259,15,3
259,17,0
259,18,0
259,22,10
259,25,2
259,27,0
259,29,0
259,30,0
259,31,0
259,32,0
259,33,0
260,1,6
260,3,0
260,6,6
260,15,0
260,17,3
260,18,1
260,22,10
260,25,0
260,27,0
260,29,0
260,30,0
260,31,0
260,32,0
260,33,0
261,1,0
261,3,10
261,6,3
261,15,0
261,17,1
261,18,2
261,22,6
261,25,4
261,27,0
261,29,0
261,30,0
261,31,0
261,32,0
261,33,0
262,1,0
262,3,8
262,6,7
262,15,0
262,17,0
262,18,0
262,22,11
262,25,0
262,27,0
262,29,0
262,30,0
262,31,0
262,32,0
262,33,0
263,1,0
263,3,6
263,6,4
263,15,4
263,17,0
263,18,2
263,22,10
263,25,0
263,27,0
263,29,0
263,30,0
263,31,0
263,32,0
263,33,0
264,1,4
264,3,12
264,6,6
264,15,0
264,17,3
264,18,0
264,22,0
264,25,1
264,27,0
264,29,0
264,30,0
264,31,0
264,32,0
264,33,0
265,1,0
265,3,0
265,6,10
265,15,0
265,17,0
265,18,0
265,22,0
265,25,0
265,27,10
265,29,5
265,30,0
265,31,0
265,32,0
265,33,1
266,1,3
266,3,6
266,6,0
266,15,0
266,17,0
266,18,0
266,22,14
266,25,2
266,27,1
266,29,0
266,30,0
266,31,0
266,32,0
266,33,0
267,1,6
267,3,13
267,6,0
267,15,0
267,17,0
267,18,0
267,22,4
267,25,2
267,27,0
267,29,1
267,30,0
267,31,0
267,32,0
267,33,0
268,1,6
268,3,11
268,6,6
268,15,0
268,17,3
268,18,0
268,22,0
268,25,0
268,27,0
268,29,0
268,30,0
268,31,0
268,32,0
268,33,0
269,1,5
269,3,16
269,6,0
269,15,0
269,17,3
269,18,0
269,22,2
269,25,0
269,27,0
269,29,0
269,30,0
269,31,0
269,32,0
269,33,0
270,1,4
270,3,6
270,6,2
270,15,1
270,17,3
270,18,0
270,22,10
270,25,0
270,27,0
270,29,0
270,30,0
270,31,0
270,32,0
270,33,0
271,1,0
271,3,13
271,6,4
271,15,1
271,17,2
271,18,0
271,22,6
271,25,0
271,27,0
271,29,0
271,30,0
271,31,0
271,32,0
271,33,0
272,1,4
272,3,10
272,6,7
272,15,0
272,17,3
272,18,0
272,22,0
272,25,0
272,27,2
272,29,0
272,30,0
272,31,0
272,32,0
272,33,0
273,1,6
273,3,10
273,6,1
273,15,2
273,17,0
273,18,3
273,22,0
273,25,0
273,26,0
273,27,4
273,29,0
273,32,0
273,33,0
274,1,10
274,3,6
274,6,0
274,15,0
274,17,0
274,18,0
274,22,4
274,25,0
274,26,0
274,27,2
274,29,0
274,32,4
274,33,0
275,1,10
275,3,10
275,6,0
275,15,0
275,17,0
275,18,1
275,22,2
275,25,0
275,26,0
275,27,0
275,29,0
275,32,3
275,33,0
276,1,0
276,3,10
276,6,0
276,15,3
276,17,0
276,18,1
276,22,6
276,25,0
276,26,0
276,27,4
276,29,0
276,32,0
276,33,2
277,1,8
277,3,10
277,6,1
277,15,0
277,17,0
277,18,0
277,22,7
277,25,0
277,26,0
277,27,0
277,29,0
277,32,0
277,33,0
278,1,10
278,3,9
278,6,4
278,15,0
278,17,0
278,18,2
278,22,0
278,25,0
278,26,0
278,27,1
278,29,0
278,32,0
278,33,0
279,1,0
279,3,14
279,6,3
279,15,1
279,17,0
279,18,0
279,22,6
279,25,0
279,26,0
279,27,2
279,29,0
279,32,0
279,33,0
280,1,4
280,3,16
280,6,0
280,15,0
280,17,0
280,18,0
280,22,4
280,25,0
280,26,0
280,27,2
280,29,0
280,32,0
280,33,0
281,1,2
281,3,10
281,6,0
281,15,0
281,17,0
281,18,0
281,22,10
281,25,0
281,26,0
281,27,0
281,29,1
281,32,3
281,33,0
282,1,3
282,3,10
282,6,1
282,15,0
282,17,0
282,18,0
282,22,8
282,25,0
282,26,0
282,27,4
282,29,0
282,32,0
282,33,0
283,1,0
283,3,10
283,6,4
283,15,1
283,17,0
283,18,0
283,22,6
283,25,0
283,26,0
283,27,2
283,29,3
283,32,0
283,33,0
284,1,3
284,3,14
284,6,0
284,15,0
284,17,0
284,18,0
284,22,7
284,25,0
284,26,0
284,27,0
284,29,0
284,32,2
284,33,0
285,1,4
285,3,10
285,6,6
285,15,3
285,17,0
285,18,0
285,22,2
285,25,0
285,26,0
285,27,0
285,29,0
285,32,0
285,33,1
286,1,0
286,3,10
286,6,3
286,15,2
286,17,0
286,18,0
286,22,10
286,25,0
286,26,0
286,27,1
286,29,0
286,32,0
286,33,0
287,1,14
287,3,9
287,6,0
287,15,0
287,17,3
287,18,0
287,22,0
287,25,0
287,27,0
287,29,0
287,32,0
287,33,0
288,1,10
288,3,10
288,6,5
288,15,0
288,17,0
288,18,0
288,22,0
288,25,0
288,27,1
288,29,0
288,32,0
288,33,0
289,1,6
289,3,16
289,6,0
289,17,0
289,18,0
289,22,3
289,25,0
289,27,0
289,29,0
289,32,1
289,33,0
289,34,0
289,35,0
289,36,0
289,37,0
290,1,3
290,3,16
290,6,0
290,17,0
290,18,0
290,22,4
290,25,2
290,27,0
290,29,0
290,32,1
290,33,0
290,34,0
290,35,0
290,36,0
290,37,0
291,1,0
291,3,16
291,6,5
291,17,0
291,18,0
291,22,4
291,25,0
291,27,0
291,29,1
291,32,0
291,33,0
291,34,0
291,35,0
291,36,0
291,37,0
292,1,3
292,3,10
292,6,4
292,17,0
292,18,0
292,22,6
292,25,0
292,27,0
292,29,2
292,32,0
292,33,0
292,34,0
292,35,1
292,36,0
292,37,0
292,38,0
293,1,4
293,3,16
293,6,0
293,17,0
293,18,0
293,22,3
293,25,0
293,27,0
293,29,2
293,32,0
293,33,0
293,34,0
293,35,1
293,36,0
293,37,0
293,38,0
294,1,10
294,3,10
294,6,0
294,17,0
294,18,0
294,22,5
294,25,0
294,27,0
294,29,0
294,32,0
294,33,1
294,34,0
294,35,0
294,36,0
294,37,0
294,38,0
295,1,10
295,3,0
295,6,4
295,17,0
295,18,0
295,22,6
295,25,2
295,27,1
295,29,0
295,32,0
295,33,0
295,34,0
295,35,0
295,36,0
295,37,3
295,38,0
296,1,0
296,3,16
296,6,0
296,17,0
296,18,0
296,22,4
296,25,0
296,27,2
296,29,0
296,32,4
296,33,0
296,34,0
296,35,0
296,36,0
296,37,0
297,1,2
297,3,16
297,6,0
297,17,0
297,18,0
297,22,7
297,25,0
297,27,0
297,29,0
297,32,1
297,33,0
297,34,0
297,35,0
297,36,0
297,37,0
297,38,0
298,1,6
298,3,10
298,6,2
298,17,0
298,18,0
298,22,7
298,25,0
298,27,1
298,29,0
298,32,0
298,33,0
298,34,0
298,35,0
298,36,0
298,37,0
298,38,0
299,1,14
299,3,6
299,6,1
299,17,0
299,18,0
299,22,2
299,25,0
299,27,0
299,29,0
299,32,3
299,33,0
299,34,0
299,35,0
299,36,0
299,37,0
299,38,0
300,1,2
300,3,10
300,6,0
300,17,0
300,18,0
300,22,13
300,25,0
300,27,0
300,29,0
300,32,1
300,33,0
300,35,0
300,36,0
300,37,0
300,38,0
301,1,13
301,3,2
301,6,0
301,17,0
301,18,0
301,22,10
301,25,1
301,27,0
301,29,0
301,32,0
301,33,0
301,35,0
301,36,0
301,37,0
302,1,10
302,3,10
302,6,0
302,17,0
302,18,0
302,22,3
302,25,0
302,27,0
302,29,1
302,32,2
302,33,0
302,35,0
302,37,0
303,1,6
303,3,10
303,6,2
303,17,0
303,18,1
303,22,4
303,25,3
303,27,0
303,29,0
303,32,0
303,33,0
303,35,0
303,37,0
304,1,10
304,3,0
304,6,3
304,17,1
304,18,0
304,22,10
304,25,0
304,27,2
304,29,0
304,32,0
304,33,0
304,35,0
304,37,0
306,1,14
306,3,6
306,6,4
306,17,0
306,18,0
306,22,2
306,25,0
306,27,0
306,29,0
306,32,0
306,33,0
306,34,0
306,35,0
306,36,0
306,39,0
306,40,0
306,41,0
306,42,0
307,1,16
307,3,0
307,6,0
307,17,0
307,18,3
307,22,0
307,25,0
307,26,0
307,27,0
307,29,0
307,32,3
307,34,0
307,35,4
307,36,0
307,39,0
307,40,0
307,41,0
307,42,0
308,1,10
308,3,6
308,6,6
308,17,0
308,18,0
308,22,3
308,25,0
308,26,0
308,27,0
308,29,0
308,32,0
308,34,0
308,35,1
308,36,0
308,39,0
308,40,0
308,41,0
308,42,0
309,1,0
309,3,5
309,6,0
309,17,5
309,18,0
309,22,10
309,25,6
309,26,0
309,27,0
309,29,0
309,32,0
309,34,0
309,35,0
309,36,0
309,39,0
309,40,0
309,41,0
309,42,0
310,1,4
310,3,16
310,6,0
310,17,3
310,18,0
310,22,2
310,25,0
310,26,1
310,27,0
310,29,0
310,32,0
310,34,0
310,35,0
310,36,0
310,39,0
310,40,0
310,41,0
310,42,0
311,1,4
311,3,12
311,6,9
311,17,1
311,18,0
311,22,0
311,25,0
311,26,0
311,27,0
311,29,0
311,32,0
311,34,0
311,35,0
311,36,0
311,39,0
311,40,0
311,41,0
311,42,0
312,1,9
312,3,10
312,6,4
312,17,1
312,18,0
312,22,2
312,25,0
312,26,0
312,27,0
312,29,0
312,32,0
312,34,0
312,35,0
312,36,0
312,39,0
312,40,0
312,41,0
312,42,0
313,1,3
313,3,16
313,6,4
313,17,3
313,18,0
313,22,0
313,25,0
313,26,0
313,27,0
313,29,0
313,32,0
313,34,0
313,35,0
313,36,0
313,39,0
313,40,0
313,41,0
313,42,0
314,1,13
314,3,10
314,6,2
314,17,0
314,18,0
314,22,0
314,25,0
314,26,0
314,27,0
314,29,0
314,32,0
314,34,0
314,35,0
314,36,0
314,39,0
314,40,0
314,41,1
314,42,0
315,1,16
315,3,2
315,6,0
315,17,0
315,18,0
315,22,7
315,25,0
315,26,0
315,27,0
315,29,0
315,32,0
315,34,1
315,35,0
315,36,0
315,39,0
315,40,0
315,41,0
315,42,0
316,1,9
316,3,10
316,6,4
316,17,0
316,18,0
316,22,3
316,25,0
316,26,0
316,27,0
316,29,0
316,32,0
316,34,0
316,35,0
316,36,0
316,39,0
316,40,0
316,41,0
316,42,0
317,1,6
317,3,10
317,6,4
317,17,0
317,18,3
317,22,3
317,25,0
317,26,0
317,27,0
317,29,0
317,32,0
317,34,0
317,35,0
317,36,0
317,39,0
317,40,0
317,41,0
317,42,0
318,1,2
318,3,14
318,6,9
318,17,0
318,18,0
318,22,1
318,25,0
318,26,0
318,27,0
318,29,0
318,32,0
318,34,0
318,35,0
318,36,0
318,39,0
318,40,0
318,41,0
319,1,16
319,3,4
319,6,3
319,17,0
319,18,0
319,22,0
319,25,1
319,26,0
319,27,0
319,29,0
319,32,0
319,34,2
319,35,0
319,36,0
319,40,0
319,41,0
319,42,0
320,1,7
320,3,4
320,6,0
320,17,0
320,18,0
320,22,1
320,25,0
320,27,0
320,29,0
320,32,0
320,33,0
320,34,0
320,35,0
320,36,0
320,40,0
320,41,0
320,42,0
322,1,10
322,3,2
322,6,12
322,18,0
322,21,0
322,22,1
322,25,0
322,27,0
322,32,0
322,33,0
322,34,0
322,35,0
322,39,0
322,41,0
322,42,0
322,44,0
322,45,0
322,46,0
322,47,0
323,1,6
323,3,9
323,6,3
323,18,0
323,21,0
323,22,6
323,25,1
323,27,0
323,32,0
323,33,0
323,34,0
323,35,0
323,39,0
323,41,0
323,42,0
323,44,0
323,45,0
323,46,0
323,47,0
324,1,13
324,3,3
324,6,0
324,18,0
324,21,2
324,22,0
324,25,6
324,27,0
324,32,0
324,33,1
324,34,0
324,35,0
324,39,0
324,41,0
324,42,0
324,44,0
324,45,0
324,46,0
324,47,0
325,1,12
325,3,0
325,6,6
325,18,0
325,21,0
325,22,6
325,25,0
325,27,0
325,32,1
325,33,0
325,34,0
325,35,0
325,39,0
325,41,0
325,42,0
325,44,0
325,45,0
325,46,0
325,47,0
326,1,4
326,3,2
326,6,15
326,18,0
326,21,0
326,22,4
326,25,0
326,27,0
326,32,0
326,33,0
326,34,0
326,35,0
326,39,0
326,41,0
326,42,0
326,44,0
326,45,0
326,46,0
326,47,0
327,1,6
327,3,1
327,6,9
327,18,0
327,21,0
327,22,3
327,25,0
327,27,0
327,32,0
327,33,0
327,34,0
327,35,0
327,39,0
327,41,6
327,42,0
327,44,0
327,45,0
327,46,0
327,47,0
328,1,4
328,3,6
328,6,9
328,18,0
328,21,0
328,22,2
328,25,0
328,27,0
328,32,0
328,33,4
328,34,0
328,35,0
328,39,0
328,41,0
328,42,0
328,44,0
328,45,0
328,46,0
328,47,0
329,1,13
329,3,3
329,6,3
329,18,0
329,21,0
329,22,6
329,25,0
329,27,0
329,32,0
329,33,0
329,34,0
329,35,0
329,39,0
329,41,0
329,42,0
329,44,0
329,45,0
329,46,0
329,47,0
330,1,6
330,3,12
330,6,0
330,18,0
330,21,0
330,22,4
330,25,0
330,27,0
330,32,2
330,33,1
330,34,0
330,35,0
330,39,0
330,41,0
330,42,0
330,44,0
330,45,0
330,46,0
330,47,0
331,1,13
331,3,0
331,6,6
331,18,0
331,21,0
331,22,5
331,25,0
331,27,0
331,32,0
331,33,0
331,34,0
331,35,0
331,39,0
331,41,1
331,42,0
331,44,0
331,45,0
331,47,0
332,1,13
332,3,2
332,6,9
332,18,0
332,21,0
332,22,0
332,25,1
332,27,0
332,32,0
332,33,0
332,34,0
332,35,0
332,39,0
332,41,0
332,42,0
332,44,0
332,45,0
332,47,0
333,1,9
333,3,0
333,6,13
333,18,0
333,21,0
333,22,3
333,25,0
333,27,0
333,32,0
333,33,0
333,34,0
333,35,0
333,39,0
333,41,0
333,42,0
333,44,0
333,45,0
333,47,0
334,1,0
334,3,5
334,6,15
334,18,0
334,21,0
334,22,4
334,25,0
334,27,0
334,32,0
334,33,1
334,34,0
334,35,0
334,39,0
334,41,0
334,42,0
334,44,0
334,45,0
334,47,0
335,1,0
335,3,5
335,6,0
335,18,0
335,21,0
335,22,15
335,25,1
335,27,0
335,32,0
335,33,4
335,34,0
335,35,0
335,39,0
335,41,0
335,42,0
335,45,0
336,1,3
336,3,3
336,6,10
336,18,0
336,21,0
336,22,9
336,25,0
336,27,0
336,32,0
336,33,0
336,34,0
336,35,0
336,39,0
336,41,0
336,42,0
336,45,0
337,1,21
337,3,1
337,4,0
337,5,0
337,6,43
337,9,16
337,10,2
337,15,0
337,131,18
337,164,0
337,166,0
337,205,0
338,1,33
338,3,4
338,4,18
338,5,0
338,6,27
338,9,2
338,10,6
338,15,0
338,131,11
338,164,0
338,166,0
338,205,0
339,1,12
339,3,1
339,4,12
339,5,2
339,6,6
339,9,43
339,10,10
339,15,0
339,131,15
339,164,0
339,166,0
339,205,0
340,1,43
340,3,0
340,4,16
340,5,0
340,6,14
340,9,12
340,10,0
340,15,0
340,131,16
340,164,0
340,166,0
340,205,0
341,1,10
341,3,2
341,4,4
341,5,1
341,6,26
341,9,40
341,10,6
341,15,0
341,131,12
341,164,0
341,166,0
341,205,0
342,1,10
342,3,0
342,4,15
342,5,1
342,6,20
342,9,43
342,10,6
342,15,0
342,131,6
342,164,0
342,166,0
342,205,0
343,1,43
343,3,0
343,4,8
343,5,0
343,6,10
343,9,15
343,10,2
343,15,1
343,131,22
343,164,0
343,166,0
343,205,0
344,1,43
344,3,0
344,4,6
344,5,4
344,6,15
344,9,22
344,10,3
344,15,0
344,131,8
344,164,0
344,166,0
344,205,0
345,1,33
345,3,12
345,4,10
345,5,2
345,6,4
345,9,25
345,10,8
345,15,6
345,131,1
345,164,0
345,166,0
345,205,0
346,1,30
346,3,11
346,4,0
346,5,0
346,6,0
346,9,31
346,10,4
346,15,8
346,131,17
346,164,0
346,166,0
346,205,0
347,1,22
347,3,0
347,4,7
347,5,0
347,6,43
347,9,23
347,10,0
347,15,0
347,131,6
347,164,0
347,166,0
347,205,0
348,1,4
348,3,9
348,4,10
348,5,0
348,6,30
348,9,40
348,10,0
348,15,8
348,131,0
348,164,0
348,166,0
348,205,0
349,1,25
349,3,0
349,4,17
349,5,0
349,6,12
349,9,18
349,10,11
349,15,4
349,131,14
349,164,0
349,166,0
349,205,0
350,1,18
350,3,7
350,4,4
350,5,0
350,6,40
350,9,20
350,10,0
350,15,0
350,131,12
350,164,0
350,166,0
350,205,0
351,1,12
351,3,9
351,4,6
351,5,0
351,6,29
351,9,33
351,10,2
351,15,0
351,131,10
351,164,0
351,166,0
351,205,0
352,1,22
352,3,2
352,4,0
352,5,1
352,6,15
352,9,43
352,10,0
352,15,10
352,131,8
352,164,0
352,166,0
352,205,0
353,1,18
353,3,7
353,4,10
353,5,0
353,6,40
353,9,0
353,10,8
353,15,6
353,131,12
353,164,0
353,166,0
353,205,0
354,1,22
354,3,4
354,4,2
354,5,0
354,6,15
354,9,43
354,10,0
354,15,1
354,131,14
354,164,0
354,166,0
354,205,0
355,1,33
355,3,0
355,4,18
355,5,2
355,6,7
355,9,29
355,10,0
355,15,0
355,131,12
355,164,0
355,166,0
355,205,0
356,1,6
356,3,0
356,6,9
356,18,0
356,21,2
356,22,4
356,25,0
356,27,0
356,32,0
356,33,0
356,34,0
356,35,0
356,37,4
356,39,0
356,42,0
356,44,0
356,45,0
356,46,0
356,48,0
356,49,0
357,1,15
357,3,3
357,6,0
357,18,0
357,21,2
357,22,4
357,25,1
357,27,0
357,32,0
357,33,0
357,34,0
357,35,0
357,37,0
357,39,0
357,42,0
357,44,0
357,45,0
357,46,0
357,48,0
357,49,0
358,1,15
358,3,0
358,6,0
358,18,0
358,21,0
358,22,0
358,25,2
358,27,0
358,32,0
358,33,0
358,34,5
358,35,3
358,37,0
358,39,0
358,42,0
358,44,0
358,45,0
358,46,0
358,48,0
358,49,0
359,1,11
359,3,6
359,6,0
359,18,0
359,21,0
359,22,3
359,25,4
359,27,0
359,32,0
359,33,0
359,34,0
359,35,0
359,37,0
359,39,1
359,42,0
359,44,0
359,45,0
359,46,0
359,48,0
359,49,0
361,1,0
361,3,15
361,6,0
361,18,0
361,21,0
361,22,0
361,25,0
361,27,2
361,32,3
361,33,0
361,34,0
361,35,5
361,37,0
361,39,0
361,42,0
361,44,0
361,45,0
361,46,0
361,48,0
361,49,0
362,1,9
362,3,4
362,6,6
362,18,0
362,21,0
362,22,0
362,25,3
362,27,1
362,32,0
362,33,0
362,34,0
362,35,0
362,37,0
362,39,0
362,42,0
362,44,0
362,45,0
362,46,2
362,48,0
362,49,0
363,1,9
363,3,0
363,6,6
363,18,3
363,21,0
363,22,4
363,25,0
363,27,0
363,32,3
363,33,0
363,34,0
363,35,0
363,37,0
363,39,0
363,42,0
363,44,0
363,45,0
363,46,0
363,48,0
363,49,0
364,1,15
364,3,3
364,6,4
364,18,0
364,21,1
364,22,0
364,25,0
364,27,0
364,32,2
364,33,0
364,34,0
364,35,0
364,37,0
364,39,0
364,42,0
364,44,0
364,45,0
364,46,0
364,48,0
364,49,0
365,1,9
365,3,4
365,6,9
365,18,0
365,21,2
365,22,0
365,25,0
365,27,0
365,32,1
365,33,0
365,34,0
365,35,0
365,37,0
365,39,0
365,42,0
365,44,0
365,45,0
365,46,0
365,48,0
365,49,0
366,1,15
366,3,3
366,6,4
366,18,0
366,21,1
366,22,2
366,25,0
366,27,0
366,32,0
366,33,0
366,34,0
366,35,0
366,37,0
366,39,0
366,42,0
366,44,0
366,45,0
366,46,0
366,48,0
366,49,0
367,1,9
367,3,7
367,6,6
367,18,0
367,21,0
367,22,0
367,25,2
367,27,0
367,32,0
367,33,0
367,34,1
367,35,0
367,37,0
367,39,0
367,42,0
367,44,0
367,45,0
367,46,0
367,48,0
367,49,0
368,1,6
368,3,0
368,6,9
368,18,2
368,21,0
368,22,3
368,25,1
368,27,0
368,32,0
368,33,0
368,34,0
368,35,0
368,37,0
368,39,0
368,42,0
368,44,0
368,45,0
368,46,4
368,48,0
368,49,0
369,1,13
369,3,2
369,6,6
369,18,0
369,21,0
369,22,0
369,25,3
369,27,0
369,32,0
369,33,1
369,34,0
369,35,0
369,37,0
369,39,0
369,42,0
369,44,0
369,45,0
369,46,0
369,48,0
369,49,0
370,1,0
370,3,10
370,6,0
370,18,0
370,21,1
370,22,9
370,25,0
370,27,0
370,32,3
370,33,0
370,34,2
370,35,0
370,37,0
370,39,0
370,42,0
370,44,0
370,45,0
370,46,0
370,48,0
370,49,0
371,1,0
371,3,13
371,6,0
371,18,1
371,21,0
371,22,8
371,25,0
371,27,0
371,32,3
371,33,0
371,34,0
371,35,0
371,37,0
371,39,0
371,42,0
371,44,0
371,45,0
371,46,0
371,48,0
371,49,0
372,1,9
372,3,0
372,6,8
372,18,0
372,21,3
372,22,0
372,25,0
372,27,0
372,32,5
372,33,0
372,35,0
372,37,0
372,39,0
372,42,0
372,44,0
372,45,0
372,48,0
372,49,0
373,1,15
373,3,0
373,6,2
373,18,0
373,21,0
373,22,4
373,25,0
373,27,0
373,32,4
373,33,0
373,35,0
373,37,0
373,39,0
373,42,0
373,44,0
373,45,0
373,48,0
373,49,0
374,1,9
374,3,1
374,6,10
374,18,0
374,21,3
374,22,0
374,25,2
374,27,0
374,32,0
374,33,0
374,35,0
374,37,0
374,39,0
374,42,0
374,44,0
374,45,0
374,48,0
374,49,0
375,1,15
375,3,0
375,6,7
375,18,0
375,21,3
375,22,0
375,25,0
375,27,0
375,32,0
375,33,0
375,35,0
375,37,0
375,39,0
375,42,0
375,44,0
375,45,0
375,48,0
375,49,0
376,1,15
376,3,0
376,6,0
376,18,0
376,21,0
376,22,4
376,25,1
376,27,0
376,32,3
376,33,0
376,35,0
376,37,2
376,39,0
376,42,0
376,44,0
376,45,0
376,48,0
376,49,0
378,1,15
378,3,0
378,6,7
378,18,0
378,21,0
378,22,1
378,25,0
378,27,0
378,32,2
378,33,0
378,35,0
378,37,0
378,39,0
378,42,0
378,44,0
378,45,0
378,48,0
378,49,0
379,1,9
379,3,6
379,6,0
379,18,0
379,21,1
379,22,4
379,25,0
379,27,0
379,32,2
379,33,0
379,35,0
379,37,3
379,39,0
379,42,0
379,44,0
379,45,0
379,48,0
379,49,0
380,1,15
380,3,0
380,6,7
380,18,0
380,21,0
380,22,1
380,25,0
380,27,0
380,32,0
380,33,0
380,35,0
380,37,2
380,39,0
380,42,0
380,44,0
380,45,0
380,48,0
380,49,0
381,1,15
381,3,1
381,6,3
381,18,0
381,21,0
381,22,4
381,25,0
381,27,0
381,32,0
381,33,0
381,35,0
381,37,2
381,39,0
381,42,0
381,44,0
381,45,0
381,48,0
381,49,0
382,1,15
382,3,0
382,6,0
382,18,0
382,21,3
382,22,0
382,25,0
382,27,0
382,32,3
382,33,0
382,35,0
382,37,4
382,39,0
382,42,0
382,44,0
382,45,0
382,48,0
382,49,0
383,1,0
383,3,0
383,6,15
383,18,0
383,21,7
383,22,1
383,25,0
383,27,0
383,32,0
383,33,0
383,35,0
383,37,2
383,39,0
383,42,0
383,44,0
383,45,0
383,48,0
383,49,0
384,1,10
384,3,0
384,6,2
384,18,0
384,21,3
384,22,4
384,25,0
384,27,0
384,32,0
384,33,0
384,35,0
384,37,6
384,39,0
384,42,0
384,44,0
384,45,0
384,48,0
384,49,0
385,1,12
385,3,8
385,6,1
385,18,0
385,21,0
385,22,4
385,25,0
385,27,0
385,32,0
385,33,0
385,35,0
385,37,0
385,39,0
385,42,0
385,44,0
385,45,0
385,48,0
385,49,0
386,1,15
386,3,1
386,6,3
386,18,0
386,21,0
386,22,6
386,25,0
386,27,0
386,32,0
386,33,0
386,35,0
386,37,0
386,39,0
386,42,0
386,44,0
386,45,0
386,48,0
386,49,0
387,1,15
387,3,3
387,6,0
387,18,0
387,21,0
387,22,2
387,25,0
387,27,0
387,32,4
387,33,0
387,35,0
387,37,1
387,39,0
387,42,0
387,44,0
387,45,0
387,48,0
387,49,0
388,1,13
388,3,7
388,6,3
388,18,0
388,21,0
388,22,2
388,25,0
388,32,0
388,34,0
388,37,0
388,39,0
388,45,0
388,49,0
389,1,3
389,3,9
389,6,4
389,18,0
389,21,0
389,22,0
389,25,0
389,27,0
389,32,7
389,33,0
389,34,0
389,37,0
389,39,0
389,45,0
389,49,2
390,1,15
390,3,0
390,6,0
390,18,0
390,21,3
390,22,0
390,25,0
390,27,1
390,32,2
390,33,0
390,34,4
390,37,0
390,39,0
390,45,0
390,49,0
391,1,0
391,3,6
391,6,7
391,18,0
391,21,0
391,22,0
391,25,2
391,27,0
391,32,9
391,33,0
391,34,0
391,37,1
391,39,0
391,45,0
391,49,0
393,1,4
393,3,15
393,6,0
393,18,0
393,21,0
393,22,2
393,25,1
393,27,0
393,32,3
393,33,0
393,34,0
393,37,0
393,39,0
393,45,0
393,49,0
394,1,0
394,3,15
394,6,0
394,18,0
394,21,2
394,22,1
394,25,0
394,27,0
394,32,7
394,33,0
394,34,0
394,37,0
394,39,0
394,45,0
394,49,0
395,1,6
395,3,9
395,6,0
395,18,0
395,21,0
395,22,0
395,25,5
395,27,0
395,32,4
395,33,1
395,34,0
395,37,0
395,39,0
395,45,0
395,49,0
396,1,4
396,3,9
396,6,0
396,18,0
396,21,1
396,22,3
396,25,0
396,27,0
396,32,6
396,33,0
396,34,2
396,37,0
396,39,0
396,45,0
396,49,0
397,1,1
397,3,15
397,6,0
397,18,0
397,21,0
397,22,7
397,25,0
397,27,0
397,32,2
397,33,0
397,34,0
397,37,0
397,39,0
397,45,0
397,49,0
398,1,1
398,3,13
398,6,3
398,18,0
398,21,0
398,22,2
398,25,0
398,27,0
398,32,6
398,33,0
398,34,0
398,37,0
398,39,0
398,42,0
398,45,0
398,49,0
399,1,11
399,3,4
399,6,6
399,18,0
399,21,1
399,22,3
399,25,0
399,27,0
399,32,0
399,33,0
399,34,0
399,37,0
399,45,0
399,49,0
400,1,10
400,3,12
400,6,0
400,18,0
400,21,0
400,22,0
400,25,0
400,27,0
400,32,2
400,33,1
400,34,0
400,37,0
400,39,0
400,42,0
400,45,0
400,49,0
401,1,0
401,3,15
401,6,0
401,18,0
401,21,3
401,22,2
401,25,0
401,27,0
401,32,0
401,33,1
401,34,4
401,37,0
401,45,0
401,49,0
402,1,4
402,3,0
402,6,12
402,18,0
402,21,0
402,22,2
402,25,0
402,27,0
402,32,7
402,33,0
402,34,0
402,37,0
402,39,0
402,45,0
402,49,0
403,1,0
403,3,0
403,6,15
403,18,0
403,21,0
403,22,4
403,25,3
403,27,0
403,32,0
403,33,0
403,34,0
403,37,0
403,39,1
403,45,0
403,49,0
404,1,0
404,3,9
404,6,0
404,18,0
404,21,0
404,22,1
404,25,2
404,26,0
404,27,7
404,32,6
404,34,0
404,45,0
404,49,0
405,1,7
405,3,6
405,6,0
405,18,0
405,21,0
405,22,3
405,25,0
405,26,0
405,27,0
405,32,9
405,34,0
405,45,0
405,49,0
406,1,11
406,3,6
406,6,3
406,18,0
406,21,0
406,22,4
406,25,0
406,26,0
406,27,0
406,32,0
406,34,1
406,45,0
406,49,0
407,1,15
407,3,3
407,6,0
407,18,0
407,21,0
407,22,0
407,25,0
407,26,0
407,27,3
407,32,4
407,34,0
407,45,0
407,49,0
408,1,1
408,3,9
408,6,7
408,18,0
408,21,0
408,22,0
408,25,0
408,26,0
408,27,2
408,32,6
408,34,0
408,45,0
408,49,0
409,1,9
409,3,13
409,6,0
409,18,0
409,21,0
409,22,0
409,25,0
409,26,0
409,27,1
409,32,2
409,34,0
409,45,0
409,49,0
411,1,9
411,3,13
411,6,0
411,18,0
411,21,0
411,22,0
411,25,0
411,26,0
411,27,3
411,32,0
411,34,0
411,45,0
411,49,0
412,1,4
412,3,15
412,6,0
412,18,0
412,21,0
412,22,0
412,25,3
412,26,0
412,27,3
412,32,0
412,34,0
412,45,0
412,49,0
413,1,3
413,3,13
413,6,0
413,18,0
413,21,0
413,22,0
413,25,0
413,26,0
413,27,3
413,32,6
413,34,0
413,45,0
413,49,0
414,1,0
414,3,13
414,6,3
414,18,0
414,21,0
414,22,0
414,25,1
414,26,0
414,27,0
414,32,8
414,34,0
414,45,0
414,49,0
415,1,9
415,3,0
415,6,10
415,18,0
415,21,1
415,22,0
415,25,0
415,26,5
415,27,0
415,32,0
415,34,0
415,45,0
415,49,0
416,1,3
416,3,15
416,6,4
416,18,0
416,21,0
416,22,2
416,25,0
416,26,1
416,27,0
416,32,0
416,34,0
416,39,0
416,45,0
416,49,0
417,1,6
417,3,13
417,6,3
417,18,0
417,21,0
417,22,0
417,25,0
417,26,0
417,27,0
417,32,3
417,34,0
417,39,0
417,45,0
417,49,0
418,1,6
418,3,5
418,6,0
418,18,0
418,21,0
418,22,9
418,25,0
418,26,0
418,27,1
418,32,4
418,34,0
418,45,0
418,49,0
419,1,9
419,3,6
419,6,4
419,18,0
419,21,0
419,22,0
419,25,5
419,26,0
419,27,0
419,32,1
419,34,0
419,45,0
419,49,0
420,1,9
420,3,0
420,4,2
420,6,9
420,18,0
420,21,0
420,25,0
420,27,1
420,32,4
420,34,0
420,45,0
420,50,0
420,51,0
420,52,0
421,1,0
421,3,2
421,4,4
421,6,6
421,18,0
421,21,0
421,25,1
421,27,0
421,32,12
421,34,0
421,45,0
421,49,0
421,50,0
421,51,0
421,52,0
422,1,3
422,3,2
422,4,4
422,6,1
422,18,0
422,21,6
422,25,0
422,27,0
422,32,9
422,34,0
422,45,0
422,49,0
422,50,0
422,51,0
422,52,0
423,1,9
423,3,0
423,4,2
423,6,6
423,21,0
423,25,0
423,27,4
423,32,4
423,34,0
423,45,0
423,49,0
423,50,0
423,51,0
423,53,0
424,1,4
424,3,4
424,4,0
424,6,15
424,18,0
424,21,0
424,25,0
424,27,0
424,32,2
424,34,0
424,45,0
424,50,0
424,51,0
424,53,0
426,1,4
426,3,6
426,4,1
426,6,3
426,18,0
426,21,0
426,25,0
426,27,0
426,32,2
426,34,9
426,45,0
426,49,0
426,50,0
426,51,0
426,53,0
427,1,9
427,3,0
427,4,2
427,6,6
427,18,0
427,21,0
427,25,0
427,27,4
427,32,0
427,34,4
427,45,0
427,49,0
427,50,0
427,51,0
427,53,0
428,1,8
428,3,1
428,4,0
428,6,9
428,18,0
428,21,3
428,25,0
428,27,4
428,32,0
428,34,0
428,45,0
428,49,0
428,50,0
428,51,0
428,53,0
429,1,9
429,3,0
429,4,0
429,6,7
429,18,0
429,21,0
429,25,0
429,27,0
429,32,8
429,34,1
429,45,0
429,49,0
429,50,0
429,51,0
429,53,0
430,1,15
430,3,1
430,4,0
430,6,3
430,18,0
430,21,0
430,25,0
430,27,0
430,32,6
430,34,0
430,45,0
430,49,0
430,50,0
430,51,0
430,53,0
431,1,9
431,3,0
431,4,0
431,6,2
431,18,0
431,21,0
431,25,0
431,26,0
431,27,0
431,32,5
431,34,9
431,45,0
431,50,0
431,51,0
431,53,0
432,1,4
432,3,9
432,4,1
432,6,0
432,18,0
432,21,0
432,25,0
432,27,0
432,32,9
432,34,2
432,45,0
432,49,0
432,50,0
432,51,0
432,53,0
433,1,3
433,3,13
433,4,0
433,6,0
433,18,0
433,21,1
433,25,0
433,26,0
433,27,0
433,32,8
433,34,0
433,49,0
433,50,0
433,51,0
433,53,0
434,1,4
434,3,15
434,6,3
434,18,0
434,21,3
434,25,0
434,26,0
434,32,0
434,34,0
434,45,0
434,51,0
434,53,0
435,1,0
435,3,9
435,4,0
435,6,2
435,18,0
435,21,1
435,25,3
435,26,0
435,27,10
435,32,0
435,34,0
435,45,0
435,51,0
435,53,0
436,1,9
436,3,6
436,4,2
436,6,0
436,21,1
436,25,0
436,27,0
436,32,4
436,34,0
436,45,0
436,50,0
436,51,3
436,52,0
436,53,0
436,54,0
437,1,15
437,3,0
437,4,4
437,6,0
437,21,0
437,25,0
437,27,2
437,32,0
437,34,0
437,45,0
437,50,0
437,51,3
437,52,0
437,53,1
437,54,0
438,1,0
438,3,3
438,4,6
438,6,13
438,21,0
438,25,0
438,27,0
438,32,2
438,34,0
438,45,0
438,50,0
438,51,0
438,52,0
438,53,1
438,54,0
439,1,9
439,3,0
439,4,3
439,6,6
439,21,2
439,25,0
439,27,1
439,32,4
439,34,0
439,45,0
439,50,0
439,51,0
439,52,0
439,53,0
439,54,0
440,1,9
440,3,1
440,4,6
440,6,3
440,21,0
440,25,0
440,27,0
440,32,6
440,34,0
440,45,0
440,50,0
440,51,0
440,52,0
440,53,0
440,54,0
441,1,4
441,3,1
441,4,0
441,6,2
441,21,0
441,25,0
441,27,0
441,32,1
441,34,0
441,45,0
441,50,0
441,51,0
441,52,0
441,53,3
441,54,0
442,1,10
442,3,0
442,4,0
442,6,2
442,21,0
442,25,0
442,27,0
442,32,4
442,34,9
442,45,0
442,50,0
442,51,0
442,52,0
442,53,0
442,54,0
445,1,9
445,3,0
445,4,6
445,6,3
445,21,0
445,25,0
445,27,0
445,32,3
445,34,0
445,45,0
445,50,0
445,51,0
445,52,0
445,53,4
445,54,0
446,1,15
446,3,0
446,4,6
446,6,1
446,21,0
446,25,0
446,27,0
446,32,3
446,34,0
446,45,0
446,50,0
446,51,0
446,52,0
446,53,0
446,54,0
447,1,9
447,3,0
447,4,0
447,6,4
447,21,3
447,25,0
447,27,0
447,32,0
447,34,9
447,45,0
447,50,0
447,51,0
447,52,0
447,53,0
447,54,0
448,1,15
448,3,0
448,4,1
448,6,0
448,21,0
448,25,0
448,27,0
448,32,7
448,34,2
448,45,0
448,50,0
448,51,0
448,52,0
448,53,0
448,54,0
449,1,9
449,3,0
449,4,0
449,6,6
449,21,0
449,27,0
449,32,0
449,34,0
449,45,0
449,50,0
449,51,4
449,52,0
449,53,3
449,54,0
450,1,12
450,3,0
450,4,0
450,6,8
450,21,0
450,27,0
450,32,0
450,34,4
450,45,0
450,50,0
450,51,1
450,52,0
450,53,0
450,54,0
451,1,15
451,3,0
451,4,0
451,6,3
451,21,0
451,27,0
451,32,2
451,34,1
451,45,0
451,50,0
451,51,0
451,52,0
451,53,4
451,54,0
452,1,4
452,3,3
452,4,0
452,6,2
452,21,1
452,25,0
452,27,0
452,32,0
452,34,9
452,45,0
452,50,0
452,51,0
452,53,0
452,54,0
452,55,0
454,1,0
454,3,3
454,4,13
454,6,3
454,21,0
454,25,0
454,27,0
454,32,0
454,34,6
454,45,0
454,50,0
454,51,0
454,53,0
454,54,0
454,55,0
455,1,2
455,3,3
455,4,6
455,6,13
455,21,1
455,25,0
455,27,0
455,32,0
455,34,0
455,45,0
455,50,0
455,51,0
455,53,0
455,54,0
455,55,0
456,1,0
456,3,9
456,4,4
456,6,3
456,21,0
456,25,2
456,27,0
456,32,0
456,34,6
456,45,0
456,50,0
456,51,1
456,53,0
456,54,0
456,55,0
457,1,0
457,3,3
457,4,13
457,6,6
457,21,0
457,25,0
457,27,0
457,32,0
457,34,3
457,45,0
457,50,0
457,51,0
457,53,0
457,54,0
457,55,0
459,1,1
459,3,3
459,4,8
459,6,13
459,21,0
459,25,0
459,27,0
459,32,0
459,34,0
459,45,0
459,50,0
459,51,0
459,53,0
459,54,0
459,55,0
460,1,1
460,3,0
460,4,9
460,6,6
460,21,0
460,25,0
460,27,0
460,32,3
460,34,6
460,45,0
460,50,0
460,51,0
460,52,0
460,53,0
460,54,0
460,55,0
461,1,2
461,3,1
461,4,3
461,6,9
461,21,0
461,25,0
461,27,0
461,32,0
461,34,4
461,45,0
461,50,0
461,51,6
461,52,0
461,53,0
461,54,0
461,55,0
462,1,1
462,3,0
462,4,12
462,6,6
462,21,0
462,25,0
462,27,0
462,32,2
462,34,4
462,45,0
462,50,0
462,51,0
462,52,0
462,53,0
462,54,0
462,55,0
463,1,4
463,3,0
463,4,0
463,6,15
463,21,0
463,25,1
463,27,0
463,32,0
463,34,0
463,45,0
463,50,0
463,51,2
463,52,0
463,53,3
463,54,0
463,55,0
464,1,0
464,3,0
464,4,4
464,6,9
464,21,0
464,25,0
464,27,0
464,32,2
464,34,9
464,45,0
464,50,0
464,51,0
464,52,0
464,53,1
464,54,0
464,55,0
465,1,0
465,3,0
465,4,6
465,6,0
465,21,0
465,25,0
465,27,0
465,32,4
465,34,9
465,45,0
465,50,0
465,51,3
465,52,0
465,53,3
465,54,0
465,55,0
466,1,0
466,3,2
466,4,1
466,6,0
466,21,0
466,25,0
466,27,0
466,32,0
466,34,13
466,45,0
466,50,0
466,51,6
466,53,3
466,54,0
467,1,4
467,3,8
467,4,13
467,6,0
467,21,0
467,25,0
467,27,0
467,32,0
467,34,0
467,37,0
467,45,0
467,51,0
467,53,0
467,54,0
467,55,0
467,56,0
467,57,0
468,1,6
468,3,0
468,4,9
468,6,1
468,21,0
468,25,3
468,27,0
468,32,4
468,34,0
468,37,0
468,45,0
468,51,0
468,53,0
468,54,2
468,55,0
468,56,0
468,57,0
470,4,0
470,6,15
470,25,4
470,45,3
470,51,0
470,53,0
470,54,2
471,1,9
471,3,6
471,4,0
471,6,0
471,21,0
471,25,0
471,27,4
471,32,3
471,34,2
471,37,0
471,45,0
471,51,0
471,53,0
471,54,0
471,55,0
471,56,1
471,57,0
472,1,0
472,3,1
472,4,0
472,6,6
472,21,0
472,25,0
472,27,0
472,32,5
472,34,9
472,37,0
472,45,0
472,51,4
472,53,0
472,54,0
472,55,0
472,56,0
472,57,0
474,1,4
474,3,0
474,4,0
474,6,0
474,21,2
474,25,0
474,27,0
474,32,3
474,34,15
474,37,0
474,45,0
474,51,1
474,54,0
474,55,0
474,56,0
474,57,0
475,1,3
475,3,6
475,4,0
475,6,9
475,21,1
475,25,0
475,27,0
475,32,0
475,34,6
475,37,0
475,45,0
475,51,0
475,53,0
475,54,0
475,55,0
475,56,0
475,57,0
476,1,9
476,3,2
476,4,1
476,6,10
476,21,0
476,25,0
476,27,0
476,32,3
476,34,0
476,37,0
476,45,0
476,51,0
476,53,0
476,54,0
476,55,0
476,56,0
476,57,0
477,1,0
477,3,2
477,4,15
477,6,7
477,21,0
477,25,1
477,27,0
477,32,0
477,34,0
477,37,0
477,45,0
477,51,0
477,53,0
477,54,0
477,55,0
477,57,0
478,1,0
478,3,4
478,4,6
478,6,9
478,21,1
478,25,3
478,27,0
478,32,0
478,34,0
478,37,0
478,45,0
478,51,2
478,53,0
478,54,0
478,55,0
478,56,0
478,57,0
479,1,2
479,3,6
479,4,0
479,6,3
479,21,1
479,25,0
479,27,4
479,32,9
479,34,0
479,37,0
479,45,0
479,51,0
479,53,0
479,54,0
479,55,0
479,56,0
479,57,0
480,1,4
480,3,9
480,4,6
480,6,0
480,21,0
480,25,0
480,27,0
480,32,1
480,34,5
480,37,0
480,45,0
480,51,0
480,53,0
480,54,0
480,55,0
480,56,0
480,57,0
481,1,3
481,3,0
481,4,9
481,6,10
481,21,0
481,25,2
481,27,1
481,32,0
481,34,0
481,37,0
481,45,0
481,51,0
481,53,0
481,54,0
481,55,0
481,56,0
481,57,0
484,1,0
484,3,15
484,4,0
484,6,0
484,21,4
484,25,0
484,27,1
484,32,2
484,34,0
484,37,0
484,45,0
484,51,0
484,54,0
484,55,0
484,56,0
484,57,3
485,1,0
485,3,9
485,4,6
485,6,0
485,21,0
485,25,0
485,27,0
485,32,1
485,34,9
485,37,0
485,45,0
485,51,0
485,54,0
485,55,0
485,56,0
485,57,0
486,1,1
486,3,4
486,4,0
486,6,2
486,21,6
486,25,0
486,27,0
486,32,0
486,34,12
486,37,0
486,45,0
486,51,0
486,53,0
486,54,0
486,55,0
486,56,0
486,57,0
487,1,0
487,3,9
487,4,0
487,6,3
487,21,0
487,25,1
487,27,6
487,32,6
487,34,0
487,37,0
487,45,0
487,51,0
487,53,0
487,54,0
487,55,0
487,56,0
487,57,0
488,1,0
488,3,6
488,4,0
488,6,12
488,21,0
488,25,2
488,27,4
488,32,0
488,34,0
488,37,0
488,45,0
488,51,0
488,53,0
488,54,0
488,55,0
488,56,0
488,57,1
489,1,4
489,3,3
489,4,0
489,6,9
489,21,0
489,25,0
489,27,6
489,32,3
489,34,0
489,37,0
489,45,0
489,51,0
489,53,0
489,54,0
489,55,0
489,56,0
489,57,0
490,1,6
490,3,0
490,4,12
490,6,2
490,21,0
490,25,0
490,27,0
490,32,1
490,34,4
490,37,0
490,45,0
490,51,0
490,53,0
490,54,0
490,55,0
490,56,0
490,57,0
491,1,9
491,3,6
491,4,0
491,6,0
491,21,0
491,25,3
491,27,4
491,32,0
491,34,2
491,37,0
491,45,0
491,51,0
491,53,0
491,54,1
491,55,0
491,56,0
491,57,0
492,1,1
492,3,0
492,4,6
492,6,0
492,21,0
492,25,2
492,27,4
492,32,0
492,34,12
492,37,0
492,45,0
492,51,0
492,53,0
492,54,0
492,55,0
492,56,0
492,57,0
493,1,1
493,3,5
493,4,6
493,6,0
493,21,0
493,25,0
493,27,9
493,32,0
493,34,4
493,37,0
493,45,0
493,51,0
493,53,0
493,54,0
493,55,0
493,57,0
494,1,0
494,3,4
494,4,9
494,6,0
494,21,0
494,25,0
494,27,0
494,32,2
494,34,9
494,37,0
494,45,0
494,51,0
494,53,0
494,54,0
494,55,0
494,56,0
494,57,1
495,1,0
495,3,10
495,4,9
495,6,2
495,21,0
495,25,0
495,27,0
495,32,3
495,34,1
495,37,0
495,45,0
495,51,0
495,53,0
495,54,0
495,55,0
495,56,0
495,57,0
496,1,6
496,3,0
496,4,0
496,6,4
496,21,0
496,25,0
496,27,9
496,32,1
496,34,2
496,37,0
496,45,0
496,51,3
496,53,0
496,54,0
496,55,0
496,56,0
496,57,0
498,1,1
498,3,9
498,4,0
498,6,0
498,21,0
498,25,3
498,27,0
498,32,0
498,34,6
498,45,0
498,51,2
498,54,0
498,56,4
498,57,0
498,58,0
499,1,2
499,3,4
499,4,9
499,6,0
499,21,1
499,25,0
499,27,3
499,32,6
499,34,0
499,45,0
499,51,0
499,54,0
499,56,0
499,57,0
499,58,0
500,1,0
500,3,2
500,4,9
500,6,0
500,21,1
500,25,0
500,27,10
500,32,0
500,34,3
500,45,0
500,51,0
500,54,0
500,56,0
500,57,0
500,58,0
502,1,0
502,3,10
502,4,3
502,6,1
502,21,0
502,25,2
502,27,9
502,32,0
502,34,0
502,45,0
502,51,0
502,54,0
502,56,0
502,57,0
502,58,0
503,1,0
503,3,9
503,4,0
503,6,2
503,21,3
503,25,0
503,27,6
503,32,0
503,34,4
503,45,0
503,51,0
503,54,0
503,56,1
503,57,0
503,58,0
504,1,0
504,3,10
504,4,2
504,6,0
504,21,0
504,25,0
504,27,10
504,32,0
504,34,3
504,45,0
504,51,0
504,54,0
504,56,0
504,57,0
504,58,0
505,1,1
505,3,13
505,4,0
505,6,0
505,21,0
505,25,5
505,27,0
505,32,0
505,34,6
505,45,0
505,51,0
505,54,0
505,56,0
505,57,0
506,1,0
506,3,10
506,4,0
506,6,1
506,21,0
506,25,0
506,27,9
506,32,0
506,34,3
506,45,0
506,51,2
506,54,0
506,56,0
506,57,0
507,1,0
507,3,10
507,4,9
507,6,0
507,21,0
507,25,0
507,27,3
507,32,1
507,34,2
507,45,0
507,51,0
507,54,0
507,56,0
507,57,0
508,1,1
508,3,3
508,4,6
508,6,0
508,21,0
508,25,2
508,27,4
508,32,0
508,34,9
508,45,0
508,51,0
508,54,0
508,56,0
508,57,0
509,1,0
509,3,10
509,4,0
509,6,0
509,21,0
509,25,0
509,27,1
509,32,3
509,34,9
509,45,0
509,51,0
509,54,0
509,56,2
509,57,0
510,1,3
510,3,15
510,4,0
510,6,2
510,21,0
510,25,0
510,27,4
510,32,0
510,34,1
510,45,0
510,51,0
510,54,0
510,56,0
510,57,0
512,1,4
512,3,0
512,4,0
512,6,0
512,21,0
512,25,0
512,27,12
512,32,8
512,54,0
512,56,1
512,57,0
512,58,0
512,59,0
512,60,0
512,204,0
513,1,0
513,3,0
513,4,0
513,6,3
513,21,0
513,25,3
513,27,15
513,32,4
513,54,0
513,56,0
513,57,0
513,58,0
513,59,0
513,60,0
513,204,0
514,1,0
514,3,0
514,4,0
514,6,15
514,21,0
514,25,4
514,27,0
514,32,5
514,54,0
514,56,0
514,57,0
514,58,0
514,59,0
514,60,0
514,204,1
516,1,0
516,3,0
516,4,0
516,6,3
516,21,0
516,25,3
516,27,9
516,32,10
516,54,0
516,56,0
516,57,0
516,58,0
516,59,0
516,60,0
516,61,0
516,204,0
517,1,1
517,3,0
517,4,0
517,6,9
517,21,2
517,25,4
517,27,6
517,32,3
517,51,0
517,54,0
517,56,0
517,57,0
517,58,0
517,59,0
517,60,0
517,61,0
517,204,0
518,1,3
518,3,6
518,4,0
518,6,9
518,21,1
518,25,0
518,27,2
518,32,4
518,54,0
518,56,0
518,57,0
518,58,0
518,59,0
518,60,0
518,204,0
519,1,0
519,3,4
519,4,13
519,6,6
519,21,0
519,25,2
519,27,0
519,32,0
519,51,0
519,54,0
519,56,0
519,57,0
519,58,0
519,59,0
519,60,0
519,204,0
520,1,3
520,3,9
520,4,6
520,6,2
520,21,0
520,25,4
520,27,1
520,32,0
520,54,0
520,56,0
520,57,0
520,58,0
520,59,0
520,60,0
520,204,0
521,1,2
521,3,15
521,4,0
521,6,3
521,21,1
521,25,0
521,27,4
521,32,0
521,54,0
521,56,0
521,57,0
521,58,0
521,59,0
521,60,0
521,204,0
522,1,0
522,3,11
522,4,1
522,6,9
522,21,0
522,25,0
522,27,4
522,32,0
522,54,0
522,56,0
522,57,0
522,58,0
522,59,0
522,60,0
522,204,0
523,1,0
523,3,9
523,4,0
523,6,6
523,21,1
523,25,0
523,27,6
523,32,0
523,54,0
523,56,0
523,57,0
523,58,0
523,59,0
523,60,0
523,204,3
524,1,0
524,3,4
524,4,0
524,6,15
524,21,0
524,25,1
524,27,0
524,32,2
524,51,0
524,54,0
524,56,0
524,57,0
524,58,0
524,59,0
524,60,0
524,62,0
524,204,3
525,1,1
525,3,13
525,4,0
525,6,9
525,21,0
525,25,2
525,27,0
525,32,0
525,51,0
525,54,0
525,56,0
525,57,0
525,58,0
525,59,0
525,60,0
525,62,0
525,182,0
527,1,4
527,3,0
527,6,0
527,25,4
527,27,0
527,32,11
527,34,6
527,54,0
527,55,0
527,56,0
527,57,0
527,58,0
527,59,0
527,60,0
527,63,0
527,64,0
528,1,0
528,3,0
528,6,9
528,21,0
528,25,1
528,27,0
528,32,3
528,34,4
528,54,0
528,55,0
528,56,6
528,57,0
528,58,2
528,59,0
528,60,0
528,63,0
528,64,0
529,1,0
529,3,3
529,4,0
529,6,0
529,21,0
529,25,7
529,27,2
529,32,9
529,34,4
529,54,0
529,55,0
529,56,0
529,57,0
529,58,0
529,59,0
529,60,0
529,63,0
529,64,0
529,65,0
531,1,0
531,3,0
531,4,0
531,6,0
531,21,1
531,25,11
531,27,0
531,32,0
531,34,9
531,54,0
531,55,0
531,56,0
531,57,0
531,58,0
531,59,4
531,60,0
531,63,0
531,64,0
531,65,0
532,1,0
532,3,0
532,4,0
532,6,7
532,21,0
532,25,1
532,27,2
532,32,15
532,34,0
532,54,0
532,55,0
532,56,0
532,57,0
532,58,0
532,59,0
532,60,0
532,63,0
532,64,0
532,65,0
533,1,1
533,3,0
533,4,0
533,6,0
533,21,0
533,25,0
533,27,4
533,32,15
533,34,2
533,54,0
533,55,0
533,56,0
533,57,0
533,58,0
533,59,3
533,60,0
533,63,0
534,1,3
534,3,0
534,4,0
534,6,0
534,21,6
534,25,0
534,27,0
534,32,4
534,34,9
534,54,0
534,56,1
534,57,0
534,58,2
534,59,0
534,60,0
534,63,0
535,1,4
535,3,2
535,4,0
535,6,0
535,21,0
535,25,0
535,27,0
535,32,15
535,34,3
535,54,0
535,56,0
535,57,0
535,58,0
535,59,1
535,60,0
535,63,0
535,65,0
536,1,1
536,3,0
536,4,0
536,6,9
536,21,0
536,25,3
536,27,0
536,32,0
536,34,10
536,54,0
536,56,0
536,57,0
536,58,2
536,59,0
536,60,0
536,63,0
537,1,0
537,3,0
537,4,0
537,6,0
537,21,0
537,25,2
537,27,4
537,32,10
537,34,0
537,54,0
537,56,3
537,57,0
537,58,0
537,59,6
537,60,0
537,63,0
537,65,0
538,1,0
538,3,0
538,4,0
538,6,4
538,21,0
538,25,6
538,27,2
538,32,9
538,34,0
538,54,0
538,56,3
538,57,0
538,58,0
538,59,0
538,60,0
538,63,1
538,65,0
539,1,0
539,3,0
539,4,0
539,6,1
539,21,0
539,25,0
539,27,0
539,32,15
539,34,7
539,54,0
539,56,2
539,57,0
539,58,0
539,59,0
539,60,0
539,63,0
539,65,0
540,1,2
540,3,0
540,4,0
540,6,4
540,21,0
540,25,0
540,27,3
540,32,1
540,34,15
540,54,0
540,56,0
540,57,0
540,58,0
540,59,0
540,60,0
540,63,0
542,1,0
542,3,0
542,4,0
542,6,13
542,21,3
542,25,2
542,27,0
542,32,0
542,34,0
542,54,0
542,56,0
542,57,1
542,58,0
542,59,6
542,60,0
542,63,0
543,1,0
543,6,4
543,25,0
543,27,0
543,32,2
543,34,6
543,37,0
543,56,3
543,57,1
543,58,0
543,59,9
543,63,0
544,1,6
544,6,13
544,25,0
544,27,0
544,32,2
544,34,0
544,37,0
544,56,3
544,57,0
544,58,1
544,59,0
544,63,0
544,66,0
545,1,5
545,6,9
545,25,4
545,27,0
545,32,0
545,34,1
545,37,0
545,56,0
545,57,0
545,58,0
545,59,6
545,63,0
545,66,0
547,1,3
547,6,6
547,25,0
547,27,0
547,32,11
547,34,1
547,37,0
547,56,0
547,57,0
547,58,0
547,59,4
547,63,0
547,64,0
547,66,0
547,67,0
547,68,0
548,1,3
548,6,10
548,25,0
548,27,0
548,32,2
548,34,0
548,37,0
548,56,0
548,57,0
548,58,1
548,59,9
548,63,0
548,64,0
548,67,0
549,1,0
549,6,6
549,25,4
549,27,0
549,32,9
549,34,1
549,37,0
549,56,0
549,57,0
549,58,2
549,59,0
549,63,3
549,64,0
549,66,0
549,67,0
549,68,0
550,1,6
550,6,4
550,25,3
550,27,9
550,32,1
550,34,2
550,37,0
550,56,0
550,57,0
550,58,0
550,59,0
550,63,0
550,64,0
550,66,0
550,67,0
550,68,0
551,1,4
551,6,3
551,25,0
551,27,0
551,32,12
551,34,6
551,37,0
551,56,0
551,57,0
551,58,0
551,59,0
551,63,0
551,64,0
551,66,0
551,67,0
551,68,0
552,1,12
552,4,0
552,6,6
552,25,0
552,27,1
552,32,4
552,34,2
552,37,0
552,56,0
552,57,0
552,58,0
552,59,0
552,63,0
552,64,0
552,66,0
552,67,0
552,68,0
552,69,0
553,1,0
553,6,12
553,25,0
553,27,0
553,32,0
553,34,4
553,37,0
553,56,0
553,57,1
553,58,0
553,59,6
553,63,2
553,64,0
553,66,0
553,67,0
554,1,1
554,6,9
554,25,2
554,27,0
554,32,0
554,34,4
554,37,0
554,56,0
554,57,0
554,58,9
554,59,0
554,63,0
554,64,0
554,67,0
555,1,0
555,4,0
555,6,10
555,25,0
555,27,6
555,32,0
555,34,0
555,37,0
555,56,3
555,57,2
555,58,0
555,59,4
555,63,0
555,64,0
555,66,0
555,67,0
555,70,0
556,1,3
556,4,0
556,6,6
556,25,1
556,27,0
556,32,9
556,34,0
556,37,0
556,56,0
556,57,2
556,58,4
556,59,0
556,63,0
556,64,0
556,66,0
556,67,0
556,70,0
556,71,0
558,1,4
558,4,0
558,6,0
558,25,6
558,27,0
558,32,0
558,34,0
558,37,0
558,56,0
558,57,2
558,58,3
558,59,9
558,63,1
558,64,0
558,67,0
559,1,9
559,6,6
559,25,4
559,27,2
559,32,0
559,34,0
559,37,0
559,57,0
559,58,4
559,59,0
559,63,0
559,72,0
560,1,1
560,3,0
560,6,9
560,25,8
560,27,0
560,32,0
560,37,3
560,56,0
560,58,4
560,59,0
560,66,0
560,67,0
560,204,0
561,1,10
561,6,9
561,25,3
561,27,0
561,32,0
561,37,0
561,56,0
561,57,0
561,58,0
561,59,0
561,63,0
561,64,0
561,67,2
561,73,1
561,204,0
563,1,9
563,3,0
563,6,6
563,25,0
563,27,0
563,32,4
563,37,0
563,56,0
563,57,2
563,58,0
563,59,0
563,63,0
563,64,0
563,67,0
563,70,0
563,182,0
563,204,4
564,1,1
564,6,15
564,25,3
564,27,4
564,32,0
564,37,0
564,56,0
564,57,0
564,58,0
564,59,0
564,63,2
564,64,0
564,67,0
564,70,0
564,182,0
564,204,0
565,1,2
565,6,9
565,25,10
565,27,0
565,32,0
565,37,3
565,56,1
565,57,0
565,58,0
565,59,0
565,63,0
565,64,0
565,67,0
565,70,0
565,204,0
566,1,2
566,6,5
566,25,15
566,27,3
566,32,0
566,37,0
566,56,0
566,57,0
566,58,0
566,59,0
566,63,0
566,64,0
566,67,0
566,70,0
566,182,0
566,204,0
567,1,9
567,6,0
567,25,7
567,27,0
567,32,2
567,37,0
567,56,0
567,57,0
567,58,0
567,59,0
567,63,0
567,64,0
567,67,4
567,182,0
567,204,3
568,1,0
568,6,9
568,25,6
568,27,0
568,32,0
568,37,0
568,56,1
568,57,0
568,58,3
568,59,0
568,63,2
568,64,0
568,67,4
568,182,0
568,204,0
569,1,13
569,6,0
569,25,6
569,27,0
569,32,2
569,37,0
569,56,0
569,57,0
569,58,0
569,59,0
569,63,0
569,64,0
569,67,0
569,182,0
569,204,4
570,1,3
570,25,0
570,27,6
570,32,6
570,37,1
570,56,0
570,57,0
570,58,0
570,59,0
570,63,0
570,64,0
570,67,9
570,182,0
570,204,0
571,1,9
571,6,6
571,25,2
571,27,0
571,32,4
571,37,1
571,56,0
571,57,0
571,58,3
571,59,0
571,63,0
571,64,0
571,67,0
571,70,0
571,204,0
572,1,0
572,6,9
572,25,3
572,27,4
572,32,0
572,37,9
572,56,0
572,57,0
572,58,0
572,59,0
572,63,0
572,64,0
572,67,0
572,70,0
572,204,0
573,1,11
573,6,1
573,25,9
573,27,0
573,32,4
573,37,0
573,56,0
573,57,0
573,58,0
573,59,0
573,63,0
573,64,0
573,67,0
573,204,0
575,1,4
575,6,2
575,25,6
575,27,0
575,32,10
575,37,0
575,56,0
575,58,0
575,59,0
575,63,3
575,64,0
575,67,0
575,72,0
575,74,0
575,204,0
576,1,9
576,3,0
576,6,4
576,25,2
576,26,0
576,32,0
576,34,4
576,37,0
576,56,0
576,63,0
576,64,6
576,66,0
576,67,0
576,73,0
576,202,0
577,1,10
577,3,0
577,6,5
577,25,0
577,26,0
577,32,0
577,34,9
577,37,0
577,56,0
577,63,0
577,64,1
577,66,0
577,67,0
577,73,0
577,202,0
578,1,1
578,3,0
578,6,2
578,25,13
578,26,0
578,32,0
578,34,9
578,37,0
578,56,0
578,63,0
578,64,0
578,66,0
578,67,0
578,73,0
578,75,0
578,202,0
579,1,4
579,3,0
579,6,0
579,25,0
579,26,0
579,32,3
579,34,2
579,37,1
579,56,0
579,57,0
579,63,0
579,64,0
579,66,0
579,67,0
579,73,0
579,202,1
580,1,7
580,3,0
580,6,9
580,25,2
580,32,3
580,34,4
580,37,0
580,56,0
580,57,0
580,63,0
580,64,0
580,66,0
580,67,0
580,73,0
580,75,0
580,202,0
581,1,0
581,3,0
581,6,11
581,25,9
581,32,0
581,34,4
581,37,0
581,56,0
581,63,0
581,64,0
581,66,0
581,67,0
581,75,0
581,202,1
582,1,0
582,3,0
582,6,13
582,25,0
582,32,0
582,34,6
582,37,0
582,56,0
582,63,0
582,64,0
582,66,0
582,67,2
582,73,3
582,75,1
582,202,0
583,1,0
583,3,0
583,6,10
583,25,0
583,32,0
583,34,5
583,37,0
583,56,0
583,57,0
583,63,0
583,64,9
583,66,0
583,67,0
583,74,0
583,75,0
583,202,1
584,1,7
584,3,0
584,6,9
584,25,1
584,32,0
584,34,0
584,37,0
584,56,0
584,57,0
584,63,0
584,64,6
584,66,0
584,67,0
584,73,2
584,75,0
584,202,0
585,1,9
585,3,0
585,6,0
585,25,4
585,32,0
585,34,6
585,37,3
585,56,0
585,57,0
585,63,0
585,64,3
585,73,0
585,74,0
585,75,0
585,76,0
585,202,0
586,1,0
586,3,6
586,6,4
586,25,0
586,32,0
586,34,9
586,37,0
586,56,0
586,57,1
586,64,0
586,73,0
586,74,0
586,75,2
586,202,3
587,1,1
587,3,0
587,6,0
587,25,0
587,32,1
587,34,0
587,37,4
587,56,0
587,57,0
587,63,0
587,64,3
587,66,0
587,73,0
587,74,0
587,75,0
587,202,2
587,203,0
588,1,6
588,3,0
588,6,13
588,25,0
588,32,0
588,34,3
588,37,0
588,56,0
588,57,0
588,64,2
588,66,0
588,73,0
588,74,0
588,75,0
588,202,1
588,203,0
590,1,12
590,6,10
590,25,1
590,26,0
590,32,0
590,34,0
590,37,0
590,58,0
590,63,0
590,66,2
590,80,0
591,1,11
591,6,6
591,25,0
591,26,0
591,32,5
591,34,0
591,37,0
591,58,0
591,63,3
591,66,0
591,80,0
592,1,4
592,6,0
592,25,3
592,26,0
592,32,0
592,34,9
592,37,2
592,63,0
592,64,0
592,66,6
592,80,1
593,1,5
593,6,15
593,25,2
593,26,0
593,32,0
593,34,0
593,37,3
593,58,0
593,63,0
593,64,0
593,66,0
593,77,0
593,78,0
593,80,0
594,1,10
594,6,9
594,25,4
594,26,0
594,32,0
594,34,0
594,37,0
594,57,0
594,58,0
594,63,0
594,64,0
594,66,2
594,77,0
594,79,0
594,80,0
595,1,2
595,6,3
595,25,6
595,26,0
595,32,9
595,34,1
595,37,0
595,57,0
595,58,4
595,63,0
595,64,0
595,66,0
595,77,0
595,78,0
595,80,0
596,1,3
596,6,0
596,25,15
596,26,1
596,32,0
596,34,0
596,37,0
596,57,0
596,58,2
596,63,0
596,64,4
596,66,0
596,80,0
597,1,7
597,6,15
597,25,3
597,26,0
597,32,0
597,34,0
597,37,0
597,57,0
597,58,0
597,63,0
597,64,0
597,66,0
597,77,0
597,80,0
598,1,1
598,6,10
598,25,3
598,26,0
598,32,11
598,34,0
598,37,0
598,57,0
598,58,0
598,63,0
598,64,0
598,66,0
598,80,0
599,1,6
599,6,5
599,25,9
599,26,0
599,32,4
599,34,1
599,37,0
599,57,0
599,58,0
599,63,0
599,64,0
599,66,0
599,74,0
599,76,0
599,77,0
599,79,0
599,80,0
600,1,0
600,6,9
600,25,6
600,26,0
600,32,5
600,34,4
600,37,0
600,57,0
600,58,1
600,63,0
600,64,0
600,66,0
600,74,0
600,77,0
600,78,0
600,79,0
600,80,0
601,1,6
601,6,2
601,25,0
601,26,0
601,32,0
601,34,12
601,37,1
601,57,0
601,58,0
601,63,0
601,64,4
601,66,0
601,77,0
601,79,0
601,80,0
602,1,7
602,6,0
602,25,4
602,26,0
602,32,9
602,34,2
602,37,0
602,57,0
602,58,0
602,63,0
602,64,0
602,66,0
602,77,0
602,78,0
602,80,3
603,1,10
603,6,6
603,25,2
603,26,0
603,32,4
603,34,0
603,37,0
603,57,0
603,58,0
603,63,0
603,64,3
603,66,0
603,67,0
603,73,0
603,80,0
605,1,2
605,6,3
605,25,10
605,32,9
605,34,1
605,37,0
605,63,0
605,66,0
605,80,0
606,1,4
606,6,5
606,25,6
606,32,9
606,34,0
606,37,0
606,63,0
606,66,1
606,80,0
607,1,8
607,6,3
607,25,9
607,32,4
607,34,0
607,37,0
607,58,1
607,63,0
607,66,0
607,80,0
608,1,4
608,6,0
608,25,6
608,32,9
608,34,0
608,37,0
608,58,4
608,63,0
608,66,2
608,80,0
609,1,0
609,6,0
609,25,15
609,32,4
609,34,3
609,37,0
609,58,0
609,63,0
609,66,2
609,80,0
609,81,1
610,1,3
610,6,0
610,25,12
610,32,10
610,34,0
610,37,0
610,58,0
610,63,0
610,66,0
610,80,0
610,81,0
611,1,9
611,6,1
611,25,6
611,32,6
611,34,3
611,37,0
611,58,0
611,63,0
611,66,0
611,80,0
612,1,0
612,6,2
612,25,9
612,32,9
612,34,4
612,37,1
612,57,0
612,58,0
612,63,0
612,66,0
612,80,0
613,1,13
613,6,0
613,25,2
613,32,6
613,34,1
613,37,3
613,57,0
613,58,0
613,63,0
613,66,0
613,80,0
613,81,0
614,1,3
614,25,15
614,32,0
614,34,0
614,37,4
614,57,0
614,58,0
614,63,0
614,66,2
614,80,1
614,81,0
615,1,4
615,25,15
615,32,1
615,34,2
615,37,0
615,58,0
615,63,3
615,66,0
615,80,0
616,1,0
616,6,0
616,25,6
616,32,9
616,34,3
616,37,0
616,57,0
616,58,0
616,63,4
616,66,3
616,80,0
617,1,4
617,6,0
617,25,5
617,32,15
617,34,1
617,37,0
617,57,0
617,58,0
617,63,0
617,66,0
617,80,0
618,1,9
618,6,0
618,25,2
618,32,6
618,34,0
618,37,0
618,57,0
618,58,4
618,63,0
618,66,3
618,80,1
620,1,6
620,6,7
620,25,9
620,32,0
620,34,0
620,37,1
620,63,2
620,66,0
620,82,0
621,1,13
621,6,3
621,25,0
621,32,6
621,34,1
621,37,2
621,63,0
621,66,0
621,82,0
622,1,2
622,6,10
622,25,0
622,32,9
622,34,0
622,37,1
622,63,3
622,66,0
622,82,0
623,1,2
623,6,6
623,25,3
623,32,4
623,34,0
623,37,0
623,63,0
623,66,9
623,82,1
624,1,4
624,6,0
624,25,6
624,32,9
624,34,0
624,37,2
624,63,3
624,66,0
624,81,0
624,82,1
625,1,0
625,6,0
625,25,12
625,32,6
625,34,0
625,37,2
625,63,1
625,66,0
625,82,4
626,1,6
626,6,1
626,25,6
626,32,9
626,34,0
626,37,0
626,63,0
626,66,0
626,81,0
626,82,3
626,83,0
627,1,2
627,6,15
627,25,0
627,32,0
627,34,1
627,37,4
627,63,0
627,66,3
627,81,0
627,82,0
628,1,10
628,6,0
628,25,0
628,32,9
628,34,0
628,37,0
628,63,3
628,66,1
628,81,0
628,82,2
628,84,0
629,1,7
629,6,0
629,25,0
629,32,9
629,34,2
629,37,0
629,63,6
629,66,1
629,81,0
629,82,0
630,1,10
630,6,2
630,25,9
630,32,0
630,34,3
630,37,0
630,63,0
630,66,0
630,82,1
632,1,1
632,6,13
632,25,6
632,34,0
632,63,0
632,66,0
632,82,2
632,180,3
632,199,0
632,200,0
633,1,2
633,6,6
633,25,9
633,34,0
633,63,0
633,66,3
633,82,5
633,180,0
633,199,0
633,200,0
634,1,3
634,6,4
634,25,9
634,34,0
634,63,1
634,66,0
634,82,0
634,180,2
634,200,6
635,1,0
635,6,13
635,25,0
635,34,0
635,63,2
635,66,7
635,82,0
635,180,0
635,200,3
635,201,0
636,1,0
636,6,0
636,25,15
636,34,0
636,63,0
636,66,3
636,82,2
636,180,5
636,199,0
636,200,0
637,1,0
637,6,0
637,25,9
637,34,0
637,63,3
637,66,0
637,82,0
637,180,4
637,199,0
637,200,9
637,201,0
638,1,0
638,6,7
638,25,15
638,34,1
638,63,0
638,66,0
638,82,0
638,180,0
638,199,0
638,200,2
639,1,0
639,6,0
639,25,0
639,34,6
639,63,0
639,66,9
639,180,9
639,199,0
639,200,1
640,1,0
640,6,0
640,25,4
640,34,0
640,63,3
640,66,11
640,82,1
640,85,0
640,199,0
640,200,6
640,201,0
641,1,7
641,6,0
641,25,10
641,34,0
641,63,0
641,66,0
641,82,0
641,180,2
641,200,6
643,6,0
643,32,3
643,34,9
643,37,4
643,66,0
643,82,3
643,86,0
643,187,6
644,6,0
644,32,3
644,34,0
644,37,15
644,66,0
644,82,0
644,86,0
644,187,6
644,198,0
645,6,0
645,32,11
645,34,6
645,37,0
645,66,1
645,82,4
645,86,0
645,187,3
645,198,0
646,6,3
646,32,0
646,34,2
646,37,6
646,66,9
646,82,5
646,86,0
647,6,7
647,32,9
647,34,0
647,37,6
647,66,0
647,82,2
647,85,0
647,86,0
647,187,1
647,198,0
648,6,0
648,32,9
648,34,4
648,37,6
648,66,0
648,82,2
648,85,0
648,187,4
648,198,0
649,6,3
649,32,10
649,34,6
649,37,2
649,63,0
649,66,0
649,82,0
649,187,4
649,198,0
650,6,6
650,32,12
650,34,2
650,37,0
650,63,0
650,66,0
650,82,1
650,85,0
650,86,0
650,187,4
650,198,0
651,6,15
651,32,0
651,34,4
651,37,0
651,63,0
651,66,5
651,82,1
651,85,0
651,86,0
651,187,0
651,198,0
652,6,9
652,32,0
652,34,2
652,37,7
652,63,0
652,66,0
652,82,4
652,85,0
652,86,0
652,187,3
652,198,0
653,6,15
653,25,0
653,32,0
653,34,0
653,37,4
653,63,2
653,66,3
653,82,0
653,86,0
653,187,1
653,198,0
655,6,15
655,25,0
655,32,0
655,34,0
655,37,3
655,63,0
655,66,1
655,82,2
655,187,4
656,6,0
656,66,0
656,180,9
656,182,0
656,187,6
656,191,0
656,196,10
657,6,0
657,66,2
657,180,0
657,182,1
657,187,9
657,196,13
658,6,0
658,66,0
658,167,0
658,180,16
658,182,6
658,187,3
658,196,0
659,6,4
659,66,0
659,180,6
659,182,3
659,187,3
659,196,9
660,6,0
660,180,1
660,182,4
660,187,5
660,196,15
661,6,0
661,66,0
661,180,3
661,182,8
661,187,5
661,196,9
662,66,0
662,180,5
662,182,9
662,187,4
662,196,7
662,197,0
663,6,1
663,66,0
663,180,6
663,182,2
663,187,3
663,196,13
664,6,0
664,66,0
664,180,4
664,182,15
664,183,0
664,187,2
664,189,0
664,196,4
666,6,0
666,66,1
666,180,0
666,182,10
666,187,9
666,196,5
667,6,3
667,11,0
667,66,0
667,89,0
667,167,0
667,170,0
667,180,15
667,183,0
667,190,0
667,191,4
667,194,2
667,195,0
667,196,1
668,6,0
668,11,0
668,66,0
668,180,9
668,187,6
668,191,0
668,195,7
668,196,2
669,11,0
669,66,6
669,82,0
669,180,9
669,187,2
669,190,0
669,191,0
669,194,0
669,195,7
669,196,0
670,6,4
670,11,0
670,66,6
670,82,0
670,180,2
670,187,9
670,191,0
670,194,0
670,195,1
670,196,3
671,6,4
671,11,0
671,66,4
671,82,6
671,180,0
671,187,0
671,191,2
671,194,0
671,195,0
671,196,9
672,6,9
672,11,6
672,66,1
672,82,0
672,180,0
672,187,2
672,191,0
672,195,3
672,196,4
673,6,10
673,11,2
673,66,0
673,82,0
673,180,9
673,187,3
673,190,0
673,191,0
673,194,0
673,195,0
673,196,1
674,1,0
674,6,3
674,11,0
674,26,0
674,66,1
674,82,0
674,180,6
674,187,0
674,190,0
674,191,6
674,195,0
674,196,9
675,6,4
675,11,0
675,66,3
675,82,2
675,180,0
675,187,9
675,190,0
675,191,0
675,194,1
675,195,0
675,196,6
676,6,0
676,11,0
676,66,4
676,82,0
676,180,3
676,187,15
676,191,0
676,194,0
676,195,2
676,196,1
678,6,0
678,11,2
678,66,3
678,82,0
678,180,14
678,187,6
678,191,0
678,195,0
678,196,0
679,11,4
679,66,0
679,167,9
679,170,6
679,176,0
679,183,2
679,184,0
679,189,0
679,191,4
680,6,4
680,11,0
680,66,1
680,82,0
680,167,2
680,172,0
680,176,6
680,183,0
680,189,0
680,190,0
680,191,9
680,194,3
681,6,6
681,11,0
681,66,0
681,167,0
681,176,0
681,180,9
681,183,0
681,190,0
681,191,10
681,194,0
682,6,4
682,11,0
682,66,8
682,167,3
682,180,1
682,183,0
682,190,9
682,191,0
683,6,0
683,66,6
683,167,4
683,180,0
683,183,0
683,190,0
683,191,15
684,6,4
684,11,1
684,66,0
684,167,2
684,180,9
684,183,0
684,190,0
684,191,9
684,193,0
685,6,4
685,11,3
685,26,0
685,66,0
685,82,0
685,90,0
685,167,2
685,180,0
685,182,0
685,190,0
685,191,16
686,6,1
686,66,2
686,167,0
686,170,0
686,176,0
686,180,3
686,189,0
686,190,4
686,191,15
686,194,0
687,6,0
687,11,9
687,66,2
687,167,4
687,180,4
687,190,0
687,191,6
687,194,0
689,6,0
689,11,3
689,66,2
689,167,1
689,176,0
689,180,9
689,187,0
689,189,0
689,191,10
689,194,0
690,6,6
690,66,16
690,167,0
690,172,0
690,176,0
690,181,0
690,183,0
690,187,0
690,191,0
691,6,13
691,66,0
691,167,8
691,172,0
691,176,0
691,183,0
691,188,0
691,189,0
691,191,3
692,6,6
692,66,0
692,167,3
692,172,0
692,176,0
692,181,1
692,183,0
692,189,2
692,191,13
693,66,4
693,91,0
693,167,2
693,172,3
693,176,0
693,181,0
693,183,0
693,188,1
693,189,0
693,191,15
693,192,0
694,6,1
694,66,9
694,167,0
694,172,4
694,176,2
694,181,0
694,183,0
694,189,0
694,191,9
695,6,1
695,66,5
695,167,10
695,172,0
695,176,0
695,181,0
695,183,0
695,189,0
695,191,9
695,192,0
696,6,15
696,11,0
696,66,0
696,167,3
696,172,0
696,176,2
696,181,0
696,183,1
696,189,0
696,190,0
696,191,4
698,11,3
698,66,0
698,167,10
698,176,0
698,187,0
698,189,2
698,190,0
698,191,10
699,6,6
699,51,0
699,66,5
699,93,0
699,167,0
699,170,2
699,172,12
699,176,0
699,180,0
699,181,0
699,182,0
699,183,0
699,184,0
699,185,0
699,186,0
700,6,9
700,11,0
700,66,13
700,170,2
700,172,0
700,176,0
700,181,1
700,183,0
701,6,0
701,11,1
701,66,8
701,170,4
701,172,9
701,176,0
701,181,0
701,183,3
702,6,4
702,11,0
702,66,8
702,170,0
702,172,9
702,176,0
702,181,1
702,183,3
703,6,4
703,11,0
703,66,8
703,170,0
703,172,12
703,176,0
703,181,0
703,183,1
703,186,0
704,6,0
704,11,1
704,66,9
704,170,0
704,172,9
704,176,0
704,181,0
704,183,6
705,6,1
705,66,6
705,170,3
705,172,9
705,176,0
705,181,0
705,183,6
706,6,3
706,11,0
706,66,15
706,170,2
706,172,0
706,176,1
706,181,0
706,183,4
708,6,0
708,11,11
708,66,0
708,170,0
708,172,4
708,176,1
708,181,3
708,183,6
709,6,0
709,66,15
709,92,0
709,94,0
709,170,2
709,172,7
709,176,1
709,183,0
710,6,6
710,66,3
710,95,0
710,170,0
710,172,13
710,176,2
710,181,0
710,183,1
711,6,0
711,66,5
711,92,0
711,94,0
711,170,6
711,172,9
711,176,0
711,183,5
712,6,0
712,66,8
712,94,0
712,170,1
712,172,3
712,176,0
712,181,0
712,183,13
713,6,6
713,66,6
713,94,0
713,170,1
713,172,9
713,176,0
713,181,0
713,182,0
713,183,3
714,6,13
714,11,0
714,66,9
714,92,0
714,170,0
714,172,0
714,176,0
714,181,3
714,183,0
715,6,9
715,66,9
715,94,2
715,170,0
715,172,0
715,176,0
715,181,0
715,183,5
716,6,13
716,11,0
716,66,3
716,94,2
716,96,0
716,170,6
716,172,1
716,176,0
716,181,0
716,183,0
718,6,11
718,66,0
718,94,0
718,170,0
718,172,5
718,176,0
718,181,0
718,183,9
719,6,3
719,26,0
719,34,0
719,54,0
719,66,15
719,86,0
719,92,0
719,95,0
719,170,6
719,172,1
719,176,0
720,6,0
720,26,0
720,34,4
720,54,0
720,66,3
720,92,0
720,94,0
720,95,1
720,170,8
720,172,9
720,176,0
721,6,5
721,26,0
721,34,6
721,54,0
721,66,2
721,92,0
721,94,3
721,95,0
721,170,0
721,172,9
721,176,0
722,6,0
722,26,0
722,34,5
722,54,0
722,66,0
722,86,0
722,92,0
722,94,0
722,170,6
722,172,9
722,176,1
723,6,6
723,26,0
723,34,0
723,54,0
723,66,9
723,86,0
723,92,0
723,94,0
723,95,0
723,97,0
723,170,0
723,172,9
723,176,1
724,6,9
724,26,0
724,34,0
724,54,0
724,66,4
724,92,0
724,95,3
724,97,0
724,170,1
724,172,6
724,176,2
724,177,0
725,6,0
725,26,0
725,34,2
725,54,0
725,66,6
725,92,0
725,94,3
725,95,0
725,97,0
725,167,0
725,170,5
725,172,9
725,173,0
725,176,0
725,179,0
727,6,0
727,26,0
727,32,0
727,34,7
727,54,0
727,66,7
727,95,0
727,170,2
727,172,9
727,176,0
728,6,2
728,26,0
728,34,6
728,51,0
728,66,4
728,89,0
728,95,0
728,167,0
728,170,4
728,172,9
728,176,0
728,180,0
729,6,7
729,26,0
729,66,9
729,95,1
729,99,0
729,170,2
729,172,6
730,6,10
730,26,3
730,66,1
730,95,2
730,170,9
730,172,0
730,175,0
730,176,0
731,6,7
731,26,2
731,66,6
731,95,0
731,170,0
731,172,10
731,176,0
732,26,2
732,32,0
732,66,4
732,87,0
732,95,10
732,170,9
732,172,0
732,176,0
733,6,0
733,26,6
733,66,3
733,95,0
733,97,0
733,99,0
733,170,5
733,172,11
733,176,0
734,6,1
734,26,6
734,34,0
734,66,9
734,95,4
734,97,0
734,100,0
734,170,2
734,172,3
734,176,0
735,6,5
735,26,0
735,66,15
735,86,0
735,95,1
735,97,0
735,99,0
735,170,4
735,172,0
735,174,0
735,176,0
735,177,0
737,26,0
737,34,3
737,66,9
737,89,0
737,95,0
737,99,0
737,170,10
737,172,3
737,178,0
738,6,13
738,66,0
738,95,2
738,99,0
738,167,0
738,170,1
738,172,9
739,6,17
739,66,0
739,95,0
739,170,1
739,172,7
740,6,22
740,66,0
740,95,1
740,167,0
740,170,2
740,172,0
741,6,9
741,66,1
741,95,6
741,99,0
741,101,0
741,167,0
741,170,2
741,172,7
741,174,0
742,6,19
742,66,0
742,95,2
742,97,0
742,99,0
742,102,0
742,167,0
742,170,4
742,172,0
743,6,10
743,66,0
743,95,0
743,103,0
743,167,0
743,170,3
743,172,12
744,6,9
744,66,2
744,95,6
744,99,0
744,101,0
744,167,0
744,170,8
744,172,0
744,173,0
744,174,0
744,175,0
746,6,8
746,32,1
746,66,0
746,104,0
746,105,0
746,167,3
746,170,8
747,6,5
747,32,8
747,66,2
747,101,0
747,106,0
747,167,0
747,170,9
747,171,0
749,6,3
749,32,9
749,66,4
749,106,0
749,117,0
749,167,0
749,170,8
750,6,3
750,32,2
750,66,0
750,106,0
750,170,19
751,6,0
751,32,3
751,66,0
751,106,0
751,118,0
751,167,0
751,170,21
751,171,0
752,6,1
752,32,10
752,66,0
752,101,0
752,117,0
752,167,0
752,170,13
752,171,0
753,6,3
753,32,5
753,66,0
753,167,0
753,170,16
754,6,20
754,95,1
754,101,0
754,104,0
754,105,0
754,167,0
754,170,0
754,171,3
756,6,9
756,32,0
756,66,0
756,95,0
756,105,0
756,167,0
756,170,15
758,6,2
758,32,3
758,66,8
758,95,0
758,117,0
758,170,11
759,6,17
759,32,0
759,66,1
759,105,0
759,167,0
759,170,6
760,32,0
760,66,9
760,101,0
760,105,0
760,117,0
760,118,0
760,123,0
760,167,0
760,169,0
760,170,14
761,6,19
761,32,0
761,66,2
761,167,0
761,170,3
762,6,4
762,32,0
762,66,2
762,117,0
762,167,0
762,170,18
763,6,12
763,32,0
763,66,0
763,105,0
763,117,0
763,167,0
763,170,12
765,6,10
765,87,8
765,105,6
766,6,11
766,32,0
766,66,2
766,87,11
766,105,0
766,118,0
766,125,0
766,127,0
767,6,2
767,32,0
767,66,10
767,87,3
767,95,0
767,105,0
767,118,9
769,6,7
769,32,3
769,66,2
769,87,0
769,105,0
769,118,12
770,6,15
770,32,0
770,66,0
770,87,0
770,105,3
770,118,6
771,6,15
771,32,0
771,66,2
771,87,4
771,105,0
771,118,3
771,125,0
772,6,3
772,32,0
772,66,0
772,87,10
772,95,0
772,105,0
772,118,9
773,6,9
773,32,0
773,66,3
773,87,0
773,105,0
773,118,12
774,6,11
774,32,0
774,66,0
774,87,2
774,105,0
774,118,8
775,6,10
775,32,0
775,66,5
775,87,0
775,105,0
775,118,9
776,6,2
776,105,22
777,6,2
777,66,0
777,87,0
777,105,13
777,118,6
777,125,3
779,6,14
779,66,0
779,87,0
779,105,10
779,118,0
780,6,13
780,66,0
780,87,2
780,105,0
780,118,9
781,6,13
781,87,0
781,95,0
781,105,9
781,118,2
782,6,0
782,87,0
782,105,13
782,118,11
783,6,4
783,105,11
783,118,9
784,6,11
784,105,13
785,6,10
785,66,0
785,105,12
785,118,0
785,128,2
787,6,14
787,105,7
787,118,3
787,125,0
788,6,18
788,105,6
788,118,0
788,128,0
788,130,0
789,6,14
789,66,0
789,87,0
789,99,0
789,105,7
789,118,0
789,125,3
789,128,0
790,6,9
790,105,15
790,128,0
791,6,6
791,105,12
791,118,0
791,125,6
791,128,0
792,6,9
792,105,2
792,128,0
792,131,12
792,132,0
793,6,11
793,105,4
793,118,0
793,128,0
793,131,1
793,132,8
793,133,0
795,6,7
795,105,2
795,118,0
795,131,15
795,132,0
796,6,2
796,105,8
796,128,0
796,131,14
797,6,0
797,87,0
797,105,2
797,118,0
797,125,0
797,128,0
797,131,22
798,6,4
798,105,5
798,118,0
798,128,0
798,131,15
798,137,0
799,6,14
799,105,8
799,128,2
801,6,9
801,105,13
801,128,2
802,6,4
802,105,5
802,128,0
802,131,15
802,133,0
803,6,16
803,87,0
803,105,4
803,118,0
803,125,0
803,128,0
803,131,3
804,6,10
804,105,2
804,128,0
804,131,12
804,140,0
805,6,6
805,105,5
805,128,0
805,131,13
806,6,13
806,105,0
806,118,0
806,128,0
806,131,11
807,6,8
807,105,9
807,118,0
807,128,0
807,131,6
807,132,1
808,6,18
808,87,0
808,105,6
808,128,0
808,141,0
810,6,18
810,87,0
810,105,6
810,125,0
810,128,0
810,133,0
811,6,14
811,105,8
811,125,0
811,128,2
811,133,0
811,141,0
811,144,0
812,6,13
812,87,0
812,105,11
812,125,0
812,127,0
812,128,0
812,133,0
813,6,14
813,87,0
813,105,9
813,125,0
813,128,0
813,133,0
814,6,13
814,87,0
814,105,11
814,125,0
814,128,0
814,144,0
814,145,0
814,146,0
814,147,0
815,6,19
815,87,0
815,105,5
815,128,0
815,133,0
816,6,13
816,87,0
816,105,9
816,125,0
816,127,0
816,128,2
816,133,0
816,147,0
817,6,15
817,87,2
817,105,0
817,128,4
817,133,0
817,141,0
817,144,0
817,147,0
817,148,3
819,6,15
819,87,3
819,128,4
819,133,2
819,141,0
819,144,0
819,148,0
819,151,0
819,152,0
820,6,19
820,87,0
820,105,0
820,126,0
820,128,3
820,133,0
820,141,2
821,6,15
821,87,4
821,105,0
821,125,5
821,126,0
821,128,0
821,133,0
821,141,0
821,148,0
821,151,0
821,152,0
822,6,22
822,105,0
822,128,2
822,133,0
822,144,0
822,145,0
822,147,0
822,152,0
823,6,19
823,87,3
823,105,0
823,125,0
823,128,2
823,133,0
823,141,0
823,148,0
823,151,0
824,6,15
824,87,0
824,105,8
824,125,0
824,127,0
824,128,0
824,133,0
824,141,0
824,152,0
824,153,0
825,6,6
825,51,18
825,105,0
825,133,0
825,144,0
825,154,0
827,6,10
827,51,9
827,154,5
828,6,13
828,51,11
828,105,0
828,141,0
828,154,0
829,6,12
829,51,10
829,66,2
829,105,0
829,126,0
829,151,0
829,154,0
830,6,17
830,51,7
830,105,0
830,141,0
830,154,0
831,6,19
831,51,5
831,66,0
831,127,0
831,141,0
831,154,0
832,6,9
832,51,15
832,105,0
832,141,0
832,154,0
833,51,19
833,105,0
833,126,0
833,151,0
833,154,5
834,6,9
834,51,9
834,87,0
834,105,6
834,141,0
834,151,0
834,154,0
836,6,0
836,51,15
836,105,5
836,154,4
837,6,2
837,51,18
837,105,0
837,126,0
837,154,4
838,6,4
838,51,15
838,105,0
838,141,3
838,154,2
839,6,6
839,51,13
839,105,0
839,141,0
839,151,0
839,154,5
839,163,0
841,1,26
841,3,0
841,4,15
841,5,4
841,6,18
841,9,35
841,10,3
841,15,0
841,131,0
841,164,0
841,166,0
841,205,0
842,1,22
842,3,0
842,4,15
842,5,0
842,6,18
842,9,37
842,10,1
842,15,6
842,131,2
842,164,0
842,166,0
842,205,0
843,1,37
843,3,0
843,4,2
843,5,0
843,6,14
843,9,33
843,10,0
843,15,1
843,131,14
843,164,0
843,166,0
843,205,0
844,1,20
844,3,0
844,4,10
844,5,2
844,6,15
844,9,43
844,10,0
844,15,1
844,131,10
844,164,0
844,166,0
844,205,0
845,1,33
845,3,0
845,4,4
845,5,0
845,6,10
845,9,37
845,10,0
845,15,3
845,131,14
845,164,0
845,166,0
845,205,0
846,1,23
846,3,2
846,4,4
846,5,1
846,6,18
846,9,37
846,10,6
846,15,10
846,131,0
846,164,0
846,166,0
846,205,0
847,1,25
847,3,2
847,4,10
847,5,5
847,6,8
847,9,33
847,10,0
847,15,6
847,131,12
847,164,0
847,166,0
847,205,0
848,1,20
848,3,0
848,4,1
848,5,4
848,6,28
848,9,40
848,10,2
848,15,0
848,131,6
848,164,0
848,166,0
848,205,0
849,1,12
849,3,0
849,4,4
849,5,1
849,6,35
849,9,33
849,10,0
849,15,6
849,131,10
849,164,0
849,166,0
849,205,0
850,1,25
850,3,0
850,4,1
850,5,0
850,6,28
850,9,27
850,10,8
850,15,2
850,131,10
850,164,0
850,166,0
850,205,0
851,1,37
851,3,0
851,4,0
851,5,5
851,6,23
851,9,28
851,10,6
851,15,0
851,131,2
851,164,0
851,166,0
851,205,0
852,1,15
852,3,1
852,4,2
852,5,0
852,6,16
852,9,43
852,10,6
852,15,0
852,131,18
852,164,0
852,166,0
852,205,0
853,1,30
853,3,0
853,4,2
853,5,7
853,6,23
853,9,25
853,10,4
853,15,0
853,131,10
853,164,0
853,166,0
853,205,0
854,1,28
854,3,0
854,4,0
854,5,0
854,6,14
854,9,40
854,10,12
854,15,1
854,131,6
854,164,0
854,166,0
854,205,0
855,1,35
855,3,0
855,4,2
855,5,0
855,6,24
855,9,27
855,10,0
855,15,4
855,131,9
855,164,0
855,166,0
855,205,0
856,1,30
856,3,0
856,4,0
856,5,8
856,6,18
856,9,40
856,10,1
856,15,0
856,131,4
856,164,0
856,166,0
856,205,0
857,1,24
857,3,0
857,4,0
857,5,4
857,6,15
857,9,37
857,10,2
857,15,1
857,131,18
857,164,0
857,166,0
857,205,0
858,1,40
858,3,0
858,4,0
858,5,0
858,6,28
858,9,12
858,10,6
858,15,1
858,131,14
858,164,0
858,166,0
858,205,0
859,1,15
859,3,0
859,4,1
859,5,0
859,6,22
859,9,43
859,10,12
859,15,2
859,131,6
859,164,0
859,166,0
859,205,0
860,1,40
860,3,0
860,5,2
860,6,10
860,9,30
860,10,1
860,15,12
860,131,0
860,164,0
860,206,0
860,207,0
860,208,6
861,1,15
861,3,8
861,5,4
861,6,25
861,9,12
861,10,8
861,15,18
861,131,1
861,164,0
861,206,0
861,207,0
861,208,10
862,1,33
862,3,10
862,5,0
862,6,2
862,9,22
862,10,0
862,15,1
862,131,25
862,164,0
862,206,0
862,207,0
862,208,8
863,1,4
863,3,0
863,5,0
863,6,8
863,9,37
863,10,8
863,15,0
863,131,11
863,164,0
863,206,0
863,207,0
863,208,33
864,1,6
864,3,25
864,5,0
864,6,18
864,9,8
864,10,1
864,15,10
864,131,6
864,164,0
864,206,0
864,207,0
864,208,27
865,1,10
865,3,1
865,5,0
865,6,23
865,9,37
865,10,10
865,15,0
865,131,18
865,164,0
865,206,0
865,207,0
865,208,2
866,1,25
866,3,0
866,5,0
866,6,11
866,9,18
866,10,0
866,15,17
866,131,8
866,164,0
866,206,0
866,207,0
866,208,22
867,1,4
867,3,1
867,5,0
867,6,25
867,9,12
867,10,16
867,15,2
867,131,23
867,164,0
867,206,0
867,207,0
867,208,18
868,1,5
868,3,2
868,5,0
868,6,30
868,9,40
868,10,0
868,15,0
868,131,6
868,164,0
868,206,0
868,207,0
868,208,18
869,1,18
869,3,0
869,5,0
869,6,25
869,9,14
869,10,2
869,15,20
869,131,7
869,164,0
869,206,0
869,207,0
869,208,15
870,1,33
870,3,6
870,5,0
870,6,12
870,9,16
870,10,0
870,15,0
870,131,1
870,164,0
870,206,0
870,207,0
870,208,33
871,1,25
871,3,0
871,5,6
871,6,10
871,9,26
871,10,13
871,15,0
871,131,6
871,164,0
871,206,0
871,207,0
871,208,15
872,1,25
872,3,1
872,5,0
872,6,27
872,9,0
872,10,4
872,15,20
872,131,14
872,164,0
872,206,0
872,207,0
872,208,10
873,1,18
873,3,0
873,5,2
873,6,19
873,9,25
873,10,12
873,15,1
873,131,10
873,164,0
873,206,0
873,207,0
873,208,14
874,1,22
874,3,4
874,5,1
874,6,18
874,9,27
874,10,6
874,15,15
874,131,0
874,164,0
874,206,0
874,207,0
874,208,8
875,1,1
875,3,0
875,5,6
875,6,27
875,9,43
875,10,8
875,15,0
875,131,0
875,164,0
875,206,0
875,207,0
875,208,16
876,1,22
876,3,1
876,5,0
876,6,26
876,9,40
876,10,4
876,15,0
876,131,0
876,164,0
876,206,0
876,207,0
876,208,8
877,1,12
877,3,14
877,5,1
877,6,24
877,9,15
877,10,2
877,15,8
877,131,0
877,164,0
877,206,0
877,207,0
877,208,25
879,1,25
879,3,0
879,5,4
879,6,33
879,9,20
879,10,10
879,15,2
879,131,6
879,164,0
879,206,0
879,207,0
879,208,1
880,1,2
880,3,0
880,5,0
880,6,30
880,9,23
880,10,10
880,15,0
880,131,10
880,206,0
880,207,0
880,208,26
881,1,2
881,3,0
881,5,1
881,6,10
881,9,43
881,10,0
881,15,4
881,131,27
881,206,0
881,207,0
881,208,14
882,1,10
882,3,0
882,5,6
882,6,33
882,9,12
882,10,4
882,15,1
882,131,15
882,206,0
882,207,0
882,208,20
883,1,9
883,3,0
883,5,0
883,6,4
883,9,31
883,10,12
883,15,0
883,131,12
883,206,0
883,207,0
883,208,33
884,1,6
884,3,0
884,5,1
884,6,40
884,9,22
884,10,6
884,15,0
884,131,8
884,206,0
884,207,0
884,208,18
885,1,8
885,3,0
885,5,4
885,6,6
885,9,33
885,10,12
885,15,0
885,131,37
885,206,0
885,207,0
885,208,1
886,1,0
886,3,0
886,5,8
886,6,22
886,9,37
886,10,7
886,15,0
886,131,25
886,206,0
886,207,0
886,208,2
887,1,0
887,3,0
887,5,4
887,6,23
887,9,18
887,10,8
887,15,1
887,131,37
887,206,0
887,207,0
887,208,10
888,1,12
888,3,0
888,5,0
888,6,12
888,9,31
888,10,0
888,15,1
888,131,12
888,206,0
888,207,0
888,208,33
890,1,8
890,3,1
890,5,0
890,6,14
890,9,27
890,10,0
890,15,0
890,131,25
890,206,0
890,207,0
890,208,26
891,1,8
891,3,0
891,5,1
891,6,24
891,9,35
891,10,2
891,15,0
891,131,27
891,206,0
891,207,0
891,208,4
892,1,1
892,3,0
892,5,6
892,6,30
892,9,40
892,10,0
892,15,10
892,131,10
892,206,0
892,207,0
892,208,4
893,1,10
893,3,0
893,5,0
893,6,26
893,9,25
893,10,1
893,15,2
893,131,22
893,206,0
893,207,0
893,208,15
894,1,5
894,3,0
894,5,0
894,6,10
894,9,25
894,10,0
894,15,12
894,131,16
894,206,0
894,207,0
894,208,33
895,1,2
895,3,0
895,5,0
895,6,13
895,9,43
895,10,0
895,15,14
895,131,4
895,206,0
895,207,0
895,208,25
896,1,10
896,3,0
896,5,1
896,6,12
896,9,25
896,10,6
896,15,0
896,131,26
896,206,0
896,207,0
896,208,21
897,1,2
897,3,0
897,5,0
897,6,14
897,9,43
897,10,9
897,15,0
897,131,21
897,206,0
897,207,0
897,208,12
899,1,20
899,3,0
899,5,1
899,6,21
899,9,43
899,10,0
899,15,4
899,131,12
899,206,0
899,207,0
899,208,0
900,1,33
900,3,10
900,5,6
900,6,18
900,9,0
900,10,9
900,15,0
900,131,25
900,206,0
900,207,0
900,208,0
901,1,10
901,3,10
901,5,1
901,6,12
901,9,15
901,10,10
901,15,0
901,131,43
901,206,0
901,207,0
901,208,0
902,1,0
902,3,10
902,5,0
902,6,3
902,9,20
902,10,25
902,15,0
902,131,43
902,206,0
902,207,0
902,208,0
903,1,0
903,3,6
903,5,1
903,6,19
903,9,22
903,10,10
903,15,0
903,131,43
903,206,0
903,207,0
903,208,0
904,1,0
904,3,10
904,5,0
904,6,14
904,9,27
904,10,3
904,15,0
904,131,43
904,206,0
904,207,0
904,208,4
905,1,9
905,3,6
905,5,0
905,6,12
905,9,15
905,10,10
905,15,0
905,131,43
905,206,2
905,207,0
905,208,4
906,1,14
906,3,6
906,5,4
906,6,9
906,9,40
906,10,10
906,15,0
906,131,18
906,206,0
906,207,0
906,208,0
907,1,6
907,3,27
907,5,0
907,6,11
907,9,4
907,10,10
907,15,0
907,131,43
907,206,0
907,207,0
907,208,0
908,1,18
908,3,18
908,5,3
908,6,8
908,9,25
908,10,4
908,15,0
908,131,25
908,206,0
908,207,0
908,208,0
909,1,6
909,3,18
909,5,0
909,6,10
909,9,20
909,10,7
909,15,0
909,131,40
909,206,0
909,207,0
909,208,0
910,1,1
910,3,14
910,5,2
910,6,26
910,9,31
910,10,0
910,15,0
910,131,27
910,206,0
910,207,0
910,208,0
911,1,8
911,3,15
911,5,2
911,6,18
911,9,35
911,10,5
911,15,0
911,131,18
911,206,0
911,207,0
911,208,0
912,1,5
912,3,27
912,5,0
912,6,2
912,9,18
912,10,6
912,15,0
912,131,43
912,206,0
912,207,0
912,208,0
913,1,1
913,3,10
913,5,8
913,6,16
913,9,33
913,10,8
913,15,0
913,131,25
913,206,0
913,207,0
913,208,0
914,1,10
914,3,14
914,5,2
914,6,0
914,9,27
914,10,5
914,15,0
914,131,43
914,206,0
914,207,0
914,208,0
915,1,22
915,3,15
915,5,0
915,6,10
915,9,10
915,10,1
915,15,0
915,131,43
915,206,0
915,207,0
915,208,0
917,1,14
917,3,16
917,5,0
917,6,14
917,9,10
917,10,4
917,15,0
917,131,43
917,208,0
918,1,20
918,3,66
918,5,0
918,6,6
918,9,32
918,10,28
918,15,0
918,131,50
918,207,0
918,208,0
926,1,0
926,3,12
926,5,2
926,6,15
926,9,8
926,10,7
926,15,14
926,131,43
926,208,0
927,1,0
927,3,18
927,5,10
927,6,37
927,9,3
927,10,0
927,15,0
927,131,33
927,208,0
927,209,0
928,1,0
928,3,18
928,5,0
928,6,27
928,9,2
928,10,0
928,15,5
928,131,43
928,208,6
928,209,0
929,1,0
929,3,13
929,5,0
929,6,28
929,9,10
929,10,4
929,15,0
929,131,40
929,208,6
929,209,0
930,1,0
930,3,20
930,5,2
930,6,25
930,9,7
930,10,0
930,15,0
930,131,43
930,208,4
930,209,0
931,1,4
931,3,0
931,5,1
931,6,26
931,9,22
931,10,6
931,15,2
931,131,40
931,208,0
931,209,0
932,1,0
932,3,23
932,5,0
932,6,22
932,9,2
932,10,4
932,15,0
932,131,43
932,208,7
932,209,0
933,1,0
933,3,25
933,5,4
933,6,12
933,9,1
933,10,10
933,15,0
933,131,43
933,208,6
933,209,0
934,1,1
934,3,22
934,5,0
934,6,19
934,9,8
934,10,8
934,15,0
934,131,43
934,208,0
934,209,0
936,1,12
936,3,0
936,5,12
936,6,25
936,9,33
936,10,0
936,15,1
936,131,12
936,208,6
936,209,0
937,1,0
937,3,10
937,5,4
937,6,6
937,9,12
937,10,10
937,15,1
937,131,43
937,208,15
937,209,0
938,1,0
938,3,27
938,5,0
938,6,28
938,9,5
938,10,14
938,15,2
938,131,25
938,208,0
938,209,0
939,1,0
939,3,10
939,5,6
939,6,40
939,9,26
939,10,6
939,15,1
939,131,12
939,208,0
939,209,0
940,1,0
940,3,10
940,5,3
940,6,27
940,9,0
940,10,8
940,15,0
940,131,43
940,208,10
940,209,0
941,1,2
941,3,12
941,5,1
941,6,22
941,9,10
941,10,15
941,15,8
941,131,25
941,208,6
941,209,0
943,1,0
943,3,23
943,5,2
943,6,0
943,9,22
943,10,10
943,15,0
943,131,43
943,208,1
943,209,0
944,1,0
944,3,10
944,5,2
944,6,27
944,9,6
944,10,8
944,15,0
944,131,43
944,208,5
944,209,0
945,1,0
945,3,4
945,5,0
945,6,27
945,9,9
945,10,16
945,15,0
945,131,43
945,208,2
945,209,0
948,1,0
948,3,14
948,4,0
948,5,3
948,6,15
948,9,12
948,10,6
948,15,0
948,131,43
948,209,0
948,210,8
949,1,1
949,3,6
949,4,0
949,5,8
949,6,18
949,9,18
949,10,0
949,15,0
949,131,40
949,209,0
949,210,10
950,1,0
950,3,9
950,4,0
950,5,6
950,6,28
950,9,27
950,10,0
950,15,0
950,131,31
950,209,0
950,210,0
951,1,9
951,3,22
951,4,6
951,5,0
951,6,15
951,9,0
951,10,2
951,15,0
951,131,43
951,209,0
951,210,4
952,1,2
952,3,14
952,4,0
952,5,9
952,6,33
952,9,37
952,10,6
952,15,0
952,131,0
952,209,0
952,210,0
953,1,12
953,3,1
953,4,0
953,5,4
953,6,12
953,9,18
953,10,23
953,15,0
953,131,31
953,209,0
953,210,0
954,1,0
954,3,15
954,4,0
954,5,2
954,6,26
954,9,18
954,10,5
954,15,0
954,131,35
954,209,0
954,210,0
955,1,0
955,3,9
955,4,0
955,5,0
955,6,30
955,9,10
955,10,17
955,15,0
955,131,35
955,209,0
955,210,0
956,1,8
956,3,2
956,4,0
956,5,4
956,6,15
956,9,28
956,10,0
956,15,0
956,131,37
956,209,1
956,210,6
957,1,0
957,3,0
957,4,0
957,5,5
957,6,12
957,9,30
957,10,14
957,15,0
957,131,40
957,209,0
957,210,0
958,1,6
958,3,2
958,4,0
958,5,4
958,6,20
958,9,25
958,10,1
958,15,0
958,131,43
958,209,0
958,210,0
959,1,4
959,3,2
959,4,0
959,5,0
959,6,18
959,9,33
959,10,7
959,15,0
959,131,37
959,209,0
959,210,0
960,1,6
960,3,5
960,4,0
960,5,0
960,6,10
960,9,18
960,10,22
960,15,0
960,131,40
960,209,0
960,210,0
961,1,0
961,3,10
961,4,0
961,5,0
961,6,27
961,9,16
961,10,5
961,15,0
961,131,43
961,209,0
961,210,0
962,1,6
962,3,0
962,4,1
962,5,2
962,6,22
962,9,26
962,10,4
962,15,0
962,131,40
962,209,0
962,210,0
963,1,8
963,3,10
963,4,1
963,5,0
963,6,12
963,9,43
963,10,12
963,15,0
963,131,15
963,209,0
963,210,0
964,1,0
964,3,3
964,4,0
964,5,0
964,6,22
964,9,26
964,10,10
964,15,0
964,131,40
964,209,0
964,210,0
966,1,0
966,3,6
966,4,0
966,5,0
966,6,18
966,9,27
966,10,7
966,15,0
966,131,43
966,209,0
966,210,0
967,1,1
967,3,0
967,4,0
967,5,8
967,6,10
967,9,19
967,10,18
967,15,2
967,131,43
967,209,0
967,210,0
968,1,1
968,3,2
968,4,0
968,5,0
968,6,23
968,9,22
968,10,10
968,15,0
968,131,43
968,209,0
968,210,0
969,1,0
969,3,8
969,4,0
969,5,6
969,6,37
969,9,10
969,10,7
969,15,0
969,131,33
969,210,0
970,1,0
970,3,0
970,4,0
970,5,6
970,6,28
970,9,27
970,10,3
970,15,0
970,131,33
970,210,4
971,1,0
971,3,8
971,4,2
971,5,0
971,6,37
971,9,10
971,10,7
971,15,0
971,131,33
971,210,4
972,1,0
972,3,2
972,4,4
972,5,1
972,6,33
972,9,10
972,10,14
972,15,0
972,131,37
972,210,0
973,1,0
973,3,0
973,4,8
973,5,8
973,6,18
973,9,15
973,10,22
973,15,4
973,131,25
973,210,1
974,1,0
974,3,2
974,4,0
974,5,8
974,6,43
974,9,25
974,10,0
974,15,0
974,131,18
974,210,5
975,1,0
975,3,2
975,4,4
975,5,0
975,6,18
975,9,15
975,10,18
975,15,0
975,131,43
975,210,1
976,1,2
976,3,15
976,4,0
976,5,4
976,6,12
976,9,25
976,10,8
976,15,1
976,131,28
976,210,6
977,1,0
977,3,3
977,4,0
977,5,0
977,6,28
977,9,15
977,10,10
977,15,0
977,131,37
977,210,8
978,1,0
978,3,1
978,4,8
978,5,0
978,6,21
978,9,22
978,10,6
978,15,0
978,131,43
978,210,0
979,1,9
979,3,0
979,4,0
979,5,6
979,6,43
979,9,10
979,10,6
979,15,0
979,131,27
979,210,0
980,1,0
980,3,4
980,4,8
980,5,1
980,6,30
980,9,15
980,10,2
980,15,0
980,131,35
980,210,6
981,1,0
981,3,10
981,4,0
981,5,0
981,6,25
981,9,13
981,10,10
981,15,0
981,131,43
981,210,0
982,1,6
982,3,4
982,4,8
982,5,12
982,6,0
982,9,18
982,10,11
982,15,0
982,131,40
982,210,2
983,1,6
983,3,6
983,4,0
983,5,0
983,6,12
983,9,40
983,10,9
983,15,0
983,131,28
983,210,0
984,1,0
984,3,1
984,4,0
984,5,0
984,6,10
984,9,33
984,10,14
984,15,0
984,131,37
984,210,6
986,1,1
986,3,8
986,4,0
986,5,0
986,6,27
986,9,25
986,10,16
986,15,0
986,131,20
986,210,4
987,1,4
987,3,6
987,4,1
987,5,0
987,6,40
987,9,18
987,10,2
987,15,0
987,131,30
987,210,0
988,1,2
988,3,1
988,4,8
988,5,0
988,6,27
988,9,10
988,10,10
988,15,0
988,131,43
988,210,0
989,1,12
989,3,0
989,4,7
989,5,0
989,6,40
989,9,20
989,10,0
989,15,0
989,131,22
989,210,0
990,1,10
990,3,0
990,4,8
990,5,12
990,6,25
990,9,0
990,10,1
990,15,2
990,131,33
990,210,10
991,1,6
991,3,0
991,4,10
991,5,0
991,6,19
991,9,35
991,10,0
991,15,0
991,131,30
991,210,1
992,1,8
992,3,4
992,4,10
992,5,1
992,6,30
992,9,0
992,10,15
992,15,8
992,131,25
992,210,0
993,1,4
993,3,0
993,4,6
993,5,0
993,6,12
993,9,25
993,10,2
993,15,1
993,131,43
993,210,8
994,1,0
994,3,0
994,4,5
994,5,6
994,6,30
994,9,27
994,10,8
994,15,0
994,131,25
994,210,0
995,1,0
995,3,0
995,4,10
995,5,0
995,6,33
995,9,27
995,10,2
995,15,1
995,131,28
995,210,0
996,1,0
996,3,0
996,4,6
996,5,0
996,6,25
996,9,30
996,10,0
996,15,1
996,131,31
996,210,8
997,1,4
997,3,0
997,4,0
997,5,0
997,6,33
997,9,25
997,10,14
997,15,3
997,131,0
997,210,22
998,1,4
998,3,0
998,4,8
998,5,0
998,6,40
998,9,10
998,10,7
998,15,0
998,131,30
998,210,2
999,1,0
999,3,0
999,4,10
999,5,1
999,6,15
999,9,12
999,10,10
999,15,2
999,131,43
999,210,8
1000,1,4
1000,3,0
1000,4,2
1000,5,8
1000,6,33
1000,9,12
1000,10,0
1000,15,0
1000,131,35
1000,210,7
1001,1,0
1001,3,0
1001,4,0
1001,5,2
1001,6,25
1001,9,15
1001,10,18
1001,15,1
1001,131,30
1001,210,10
1002,1,0
1002,3,3
1002,4,4
1002,5,0
1002,6,30
1002,9,10
1002,10,14
1002,15,0
1002,131,40
1002,210,0
1003,1,6
1003,3,0
1003,4,5
1003,5,0
1003,6,25
1003,9,26
1003,10,0
1003,15,2
1003,131,37
1003,210,0
1004,1,0
1004,3,0
1004,4,0
1004,5,0
1004,6,27
1004,9,18
1004,10,3
1004,15,6
1004,131,43
1004,210,4
1005,1,0
1005,3,0
1005,4,1
1005,5,0
1005,6,18
1005,9,27
1005,10,8
1005,15,0
1005,131,43
1005,210,4
1007,1,4
1007,3,0
1007,4,8
1007,5,1
1007,6,33
1007,9,25
1007,10,0
1007,15,8
1007,131,22
1007,210,0
1008,1,0
1008,3,0
1008,4,0
1008,5,0
1008,6,23
1008,9,30
1008,10,1
1008,15,6
1008,131,35
1008,210,6
1009,1,0
1009,3,0
1009,4,8
1009,5,0
1009,6,18
1009,9,27
1009,10,4
1009,15,6
1009,131,35
1009,210,3
1010,1,0
1010,3,0
1010,4,6
1010,5,1
1010,6,22
1010,9,15
1010,51,4
1010,131,44
1010,210,8
1010,211,2
1011,1,8
1011,3,0
1011,4,0
1011,5,2
1011,6,26
1011,9,16
1011,51,6
1011,131,43
1011,210,0
1011,211,1
1012,1,0
1012,3,0
1012,4,6
1012,5,1
1012,6,25
1012,9,21
1012,51,2
1012,131,43
1012,210,0
1012,211,4
1013,1,10
1013,3,0
1013,4,0
1013,5,0
1013,6,26
1013,9,12
1013,51,1
1013,131,43
1013,210,0
1013,211,10
1014,1,4
1014,3,0
1014,4,0
1014,5,2
1014,6,22
1014,9,23
1014,51,0
1014,131,44
1014,210,7
1014,211,0
1015,1,8
1015,3,0
1015,4,2
1015,5,10
1015,6,18
1015,9,23
1015,51,0
1015,131,40
1015,210,1
1015,211,0
1016,1,0
1016,3,0
1016,4,14
1016,5,1
1016,6,33
1016,9,14
1016,51,0
1016,131,38
1016,210,0
1016,211,2
1017,1,10
1017,3,0
1017,4,4
1017,5,0
1017,6,26
1017,9,13
1017,51,6
1017,131,43
1017,210,0
1017,211,0
1018,1,12
1018,3,0
1018,4,0
1018,5,0
1018,6,30
1018,9,32
1018,51,3
1018,131,25
1018,210,0
1018,211,0
1019,1,8
1019,3,0
1019,4,7
1019,5,2
1019,6,15
1019,9,22
1019,51,4
1019,131,44
1019,210,0
1019,211,0
1020,1,10
1020,3,1
1020,4,0
1020,5,23
1020,6,18
1020,9,26
1020,51,0
1020,131,2
1020,210,10
1020,211,12
1021,1,12
1021,3,0
1021,4,0
1021,5,1
1021,6,27
1021,9,27
1021,51,6
1021,131,29
1021,210,0
1021,211,0
1022,1,0
1022,3,0
1022,4,4
1022,5,8
1022,6,38
1022,9,10
1022,51,0
1022,131,33
1022,210,0
1022,211,9
1023,1,1
1023,3,0
1023,4,22
1023,5,0
1023,6,25
1023,9,12
1023,51,2
1023,131,34
1023,210,0
1023,211,6
1024,1,6
1024,3,0
1024,4,2
1024,5,4
1024,6,43
1024,9,23
1024,51,1
1024,131,22
1024,210,0
1024,211,0
1025,1,12
1025,3,0
1025,4,1
1025,5,0
1025,6,15
1025,9,22
1025,51,0
1025,131,44
1025,210,2
1025,211,6
1026,1,10
1026,3,0
1026,4,0
1026,5,7
1026,6,26
1026,9,12
1026,51,0
1026,131,41
1026,210,0
1026,211,6
1027,1,0
1027,3,0
1027,4,5
1027,5,2
1027,6,31
1027,9,18
1027,51,0
1027,131,40
1027,210,0
1027,211,6
1029,1,19
1029,3,0
1029,4,8
1029,5,19
1029,6,0
1029,9,25
1029,51,22
1029,131,6
1029,210,0
1029,211,2
1030,1,5
1030,3,0
1030,4,0
1030,5,2
1030,6,25
1030,9,26
1030,51,0
1030,131,38
1030,210,0
1030,211,6
1031,1,26
1031,3,0
1031,4,4
1031,6,19
1031,9,0
1031,51,2
1031,131,37
1031,210,0
1031,211,8
1031,213,6
1032,1,13
1032,3,0
1032,4,4
1032,6,0
1032,9,27
1032,51,0
1032,131,43
1032,210,0
1032,211,14
1032,213,1
1033,1,2
1033,3,0
1033,4,4
1033,6,8
1033,9,28
1033,51,0
1033,131,41
1033,210,1
1033,211,18
1033,213,0
1034,1,10
1034,3,0
1034,4,20
1034,6,16
1034,9,23
1034,51,0
1034,131,25
1034,210,0
1034,211,2
1034,213,6
1035,1,2
1035,3,0
1035,4,4
1035,6,12
1035,9,35
1035,51,0
1035,131,34
1035,210,0
1035,211,14
1035,213,1
1036,1,9
1036,3,0
1036,4,0
1036,6,6
1036,9,22
1036,51,0
1036,131,41
1036,210,0
1036,211,22
1036,213,2
1037,1,6
1037,3,0
1037,4,23
1037,6,0
1037,9,23
1037,51,0
1037,131,43
1037,210,0
1037,211,3
1037,213,4
1038,1,30
1038,3,0
1038,4,12
1038,6,0
1038,9,0
1038,51,0
1038,131,17
1038,210,0
1038,211,16
1038,213,27
1039,1,8
1039,3,0
1039,4,12
1039,6,5
1039,9,15
1039,51,2
1039,131,44
1039,210,0
1039,211,10
1039,213,6
1040,1,0
1040,3,0
1040,4,16
1040,6,8
1040,9,19
1040,51,0
1040,131,41
1040,210,0
1040,211,12
1040,213,6
1041,1,10
1041,3,0
1041,4,15
1041,6,6
1041,9,19
1041,51,1
1041,131,25
1041,210,2
1041,211,16
1041,213,8
1042,1,8
1042,3,0
1042,4,6
1042,6,13
1042,9,15
1042,51,0
1042,131,44
1042,210,0
1042,211,6
1042,213,10
1043,1,10
1043,3,0
1043,4,15
1043,6,10
1043,9,0
1043,51,3
1043,131,44
1043,210,0
1043,211,8
1043,213,12
1044,1,15
1044,3,0
1044,4,1
1044,6,27
1044,9,14
1044,51,0
1044,131,25
1044,210,0
1044,211,20
1044,213,0
1045,1,22
1045,3,0
1045,4,8
1045,6,1
1045,9,34
1045,51,0
1045,131,29
1045,210,0
1045,211,0
1045,213,8
1046,1,13
1046,3,0
1046,4,28
1046,6,0
1046,9,8
1046,51,0
1046,131,7
1046,210,0
1046,211,40
1046,213,6
1047,1,18
1047,3,0
1047,4,9
1047,6,0
1047,9,37
1047,51,0
1047,131,33
1047,210,0
1047,211,1
1047,213,4
1051,1,2
1051,3,0
1051,6,10
1051,9,31
1051,51,0
1051,117,9
1051,131,25
1051,210,0
1051,213,0
1051,214,25
1052,1,18
1052,3,0
1052,6,12
1052,9,28
1052,51,0
1052,117,1
1052,131,41
1052,210,0
1052,213,2
1052,214,0
1053,1,23
1053,3,0
1053,6,22
1053,9,25
1053,51,0
1053,117,4
1053,131,19
1053,210,0
1053,213,6
1053,214,3
1054,1,12
1054,3,0
1054,6,8
1054,9,30
1054,51,0
1054,117,0
1054,131,41
1054,210,0
1054,213,1
1054,214,10
1055,1,12
1055,3,0
1055,6,18
1055,9,29
1055,51,0
1055,117,0
1055,131,40
1055,210,0
1055,213,1
1055,214,2
1056,1,15
1056,3,0
1056,6,18
1056,9,37
1056,51,1
1056,117,14
1056,131,7
1056,210,0
1056,213,8
1056,214,2
1057,1,12
1057,3,0
1057,6,16
1057,9,25
1057,51,1
1057,117,18
1057,131,0
1057,210,0
1057,213,21
1057,214,8
1058,1,10
1058,3,0
1058,6,14
1058,9,37
1058,51,0
1058,117,4
1058,131,34
1058,210,0
1058,213,1
1058,214,2
1059,1,18
1059,3,0
1059,6,0
1059,9,41
1059,51,0
1059,117,3
1059,131,30
1059,210,0
1059,213,6
1059,214,4
1060,1,21
1060,3,0
1060,6,14
1060,9,34
1060,51,0
1060,117,0
1060,131,30
1060,210,0
1060,213,2
1060,214,1
1061,1,22
1061,3,0
1061,6,26
1061,9,0
1061,51,0
1061,117,4
1061,131,40
1061,210,0
1061,213,1
1061,214,8
1062,1,0
1062,3,10
1062,6,15
1062,9,2
1062,51,1
1062,117,0
1062,131,18
1062,210,0
1062,213,19
1062,214,37
1063,1,6
1063,3,10
1063,6,2
1063,9,12
1063,51,0
1063,117,5
1063,131,7
1063,210,0
1063,213,4
1063,214,3
1064,1,1
1064,3,0
1064,6,16
1064,9,29
1064,51,0
1064,117,0
1064,131,34
1064,210,0
1064,213,12
1064,214,10
1065,1,44
1065,3,2
1065,6,20
1065,9,10
1065,51,0
1065,117,6
1065,131,15
1065,210,0
1065,213,0
1065,214,5
1066,1,19
1066,3,1
1066,6,15
1066,9,20
1066,51,4
1066,117,0
1066,131,35
1066,210,0
1066,213,0
1066,214,8
1067,1,6
1067,3,0
1067,6,16
1067,9,33
1067,51,0
1067,117,2
1067,131,36
1067,210,0
1067,213,8
1067,214,1
1070,1,1
1070,3,0
1070,6,18
1070,9,40
1070,51,4
1070,117,6
1070,131,18
1070,210,0
1070,213,12
1070,214,2
1071,1,1
1071,3,0
1071,6,18
1071,9,31
1071,51,0
1071,117,0
1071,131,40
1071,210,0
1071,213,6
1071,214,6
1072,1,11
1072,3,0
1072,6,10
1072,9,18
1072,51,2
1072,117,0
1072,131,41
1072,210,0
1072,213,8
1072,214,12
1073,1,6
1073,3,0
1073,6,16
1073,9,26
1073,51,0
1073,117,0
1073,131,26
1073,210,0
1073,213,22
1073,214,6
1074,1,0
1074,3,0
1074,6,44
1074,9,0
1074,51,9
1074,117,0
1074,131,27
1074,210,10
1074,213,4
1074,214,8
1075,1,6
1075,3,0
1075,6,34
1075,9,37
1075,51,0
1075,117,0
1075,131,11
1075,210,2
1075,213,4
1075,214,8
1076,1,18
1076,3,1
1076,6,26
1076,9,18
1076,51,4
1076,117,0
1076,131,27
1076,210,0
1076,213,2
1076,214,6
1077,1,15
1077,3,0
1077,6,8
1077,9,44
1077,51,10
1077,117,5
1077,131,12
1077,210,2
1077,213,6
1077,214,0
1079,1,4
1079,3,0
1079,6,12
1079,9,44
1079,51,8
1079,117,0
1079,131,25
1079,210,0
1079,213,1
1079,214,8
1080,1,9
1080,3,0
1080,6,30
1080,9,40
1080,51,2
1080,117,1
1080,131,14
1080,210,0
1080,213,0
1080,214,6
1081,1,6
1081,3,0
1081,6,0
1081,9,44
1081,51,0
1081,117,8
1081,131,27
1081,210,0
1081,213,10
1081,214,7
1082,1,0
1082,3,0
1082,6,29
1082,9,25
1082,51,10
1082,117,1
1082,131,27
1082,210,0
1082,213,0
1082,214,10
1083,1,8
1083,3,0
1083,6,37
1083,9,24
1083,51,0
1083,117,2
1083,131,16
1083,210,5
1083,213,0
1083,214,10
1084,1,8
1084,3,0
1084,6,25
1084,9,19
1084,51,0
1084,117,0
1084,131,27
1084,210,12
1084,213,0
1084,214,11
1085,1,8
1085,3,0
1085,6,11
1085,9,37
1085,51,0
1085,117,1
1085,131,33
1085,210,0
1085,213,0
1085,214,12
1086,1,6
1086,3,0
1086,6,20
1086,9,35
1086,51,0
1086,117,1
1086,131,34
1086,210,0
1086,213,0
1086,214,6
1087,1,0
1087,3,1
1087,6,23
1087,9,44
1087,51,0
1087,117,4
1087,131,12
1087,210,0
1087,213,2
1087,214,16
1088,1,6
1088,3,0
1088,6,19
1088,9,36
1088,51,0
1088,117,1
1088,131,30
1088,210,0
1088,213,0
1088,214,10
1089,1,6
1089,3,2
1089,6,30
1089,9,34
1089,51,1
1089,117,0
1089,131,25
1089,210,0
1089,213,4
1089,214,0
1091,1,22
1091,3,0
1091,6,33
1091,9,31
1091,51,0
1091,117,12
1091,131,2
1091,210,0
1091,213,1
1091,214,0
1092,1,1
1092,3,2
1092,6,15
1092,9,43
1092,51,0
1092,117,8
1092,131,14
1092,210,0
1092,213,0
1092,214,18
1094,1,8
1094,3,0
1094,6,18
1094,9,40
1094,51,1
1094,117,0
1094,131,31
1094,210,0
1094,213,0
1094,214,4
1095,1,0
1095,3,0
1095,6,27
1095,9,14
1095,51,2
1095,117,1
1095,131,44
1095,210,0
1095,213,0
1095,214,14
1096,1,11
1096,3,0
1096,6,30
1096,9,40
1096,51,0
1096,117,5
1096,131,10
1096,210,0
1096,213,0
1096,214,6
1098,1,0
1098,3,1
1098,6,12
1098,9,43
1098,51,4
1098,117,23
1098,131,16
1098,210,0
1098,213,0
1098,214,2
1099,1,0
1099,3,0
1099,6,14
1099,9,44
1099,51,0
1099,117,15
1099,131,22
1099,210,1
1099,213,0
1099,214,6
1100,1,12
1100,3,0
1100,6,0
1100,9,36
1100,51,2
1100,117,27
1100,131,18
1100,210,6
1100,213,1
1100,214,0
1101,1,2
1101,3,0
1101,6,25
1101,9,43
1101,51,0
1101,117,18
1101,131,13
1101,210,0
1101,213,1
1101,214,0
1104,1,3
1104,3,0
1104,6,12
1104,9,25
1104,51,0
1104,117,18
1104,131,23
1104,210,0
1104,213,0
1104,214,21
1105,1,0
1105,3,0
1105,6,10
1105,9,38
1105,51,2
1105,117,14
1105,131,33
1105,210,0
1105,213,0
1105,214,5
1106,1,0
1106,3,6
1106,6,22
1106,9,34
1106,51,1
1106,117,20
1106,131,15
1106,210,0
1106,213,0
1106,214,4
1107,1,12
1107,3,0
1107,6,26
1107,9,41
1107,51,0
1107,117,12
1107,131,10
1107,210,0
1107,213,0
1107,214,1
1108,1,30
1108,3,4
1108,6,3
1108,9,34
1108,51,0
1108,117,6
1108,131,25
1108,210,0
1108,213,0
1108,214,0
1109,1,28
1109,3,0
1109,6,10
1109,9,41
1109,51,0
1109,117,3
1109,131,20
1109,210,0
1109,213,0
1109,214,0
1110,1,6
1110,3,0
1110,6,15
1110,9,43
1110,51,0
1110,117,12
1110,131,21
1110,210,0
1110,213,1
1110,214,4
1111,1,8
1111,3,4
1111,6,10
1111,9,37
1111,51,0
1111,117,19
1111,131,8
1111,210,0
1111,213,0
1111,214,16
1112,1,4
1112,3,6
1112,6,27
1112,9,43
1112,51,1
1112,117,2
1112,131,18
1112,210,0
1112,213,0
1112,214,0
1113,1,24
1113,3,0
1113,6,37
1113,9,14
1113,51,0
1113,117,0
1113,131,16
1113,210,1
1113,213,2
1113,214,8
1114,1,33
1114,3,0
1114,6,20
1114,9,26
1114,51,0
1114,117,4
1114,131,16
1114,210,0
1114,213,0
1114,214,3
1115,1,33
1115,3,0
1115,6,10
1115,9,27
1115,51,6
1115,117,8
1115,131,12
1115,210,0
1115,213,0
1115,214,6
1117,1,14
1117,3,2
1117,6,27
1117,9,25
1117,51,0
1117,117,0
1117,131,27
1117,210,0
1117,213,6
1117,214,1
1118,1,19
1118,3,0
1118,6,8
1118,9,37
1118,51,0
1118,117,25
1118,131,4
1118,210,0
1118,213,2
1118,214,7
1119,1,2
1119,3,0
1119,6,26
1119,9,40
1119,51,0
1119,117,12
1119,131,10
1119,210,0
1119,213,0
1119,214,12
1120,1,18
1120,3,0
1120,6,18
1120,9,38
1120,51,0
1120,117,7
1120,131,17
1120,210,0
1120,213,4
1120,214,0
1121,1,12
1121,3,0
1121,6,27
1121,9,44
1121,15,0
1121,117,3
1121,131,16
1121,210,0
1121,214,0
1121,215,0
1122,1,16
1122,3,0
1122,6,22
1122,9,43
1122,15,0
1122,117,10
1122,131,10
1122,210,1
1122,214,0
1122,215,0
1123,1,27
1123,3,0
1123,6,44
1123,9,10
1123,15,0
1123,117,12
1123,131,0
1123,210,3
1123,214,0
1123,215,6
1124,1,14
1124,3,0
1124,6,27
1124,9,44
1124,15,0
1124,117,8
1124,131,8
1124,210,0
1124,214,0
1124,215,1
1125,1,22
1125,3,0
1125,6,22
1125,9,40
1125,15,0
1125,117,7
1125,131,10
1125,210,1
1125,214,0
1125,215,0
1127,1,30
1127,3,0
1127,6,25
1127,9,29
1127,15,0
1127,117,2
1127,131,15
1127,210,0
1127,214,0
1127,215,1
1128,1,30
1128,3,2
1128,6,40
1128,9,8
1128,15,0
1128,117,0
1128,131,17
1128,210,0
1128,214,1
1128,215,4
1129,1,28
1129,3,0
1129,6,0
1129,9,25
1129,15,0
1129,117,14
1129,131,28
1129,210,0
1129,214,3
1129,215,4
1130,1,25
1130,3,0
1130,6,18
1130,9,29
1130,15,0
1130,117,0
1130,131,27
1130,210,0
1130,214,3
1130,215,0
1131,1,18
1131,3,0
1131,6,15
1131,9,16
1131,15,0
1131,117,0
1131,131,37
1131,210,12
1131,214,1
1131,215,2
1132,1,27
1132,3,2
1132,6,11
1132,9,18
1132,15,0
1132,117,10
1132,131,25
1132,210,8
1132,214,0
1132,215,1
1133,1,43
1133,3,0
1133,6,20
1133,9,16
1133,15,0
1133,117,1
1133,131,20
1133,210,0
1133,214,0
1133,215,2
1134,1,28
1134,3,0
1134,6,23
1134,9,19
1134,15,0
1134,117,4
1134,131,25
1134,210,0
1134,214,2
1134,215,1
1135,1,38
1135,3,0
1135,6,25
1135,9,26
1135,15,0
1135,117,1
1135,131,10
1135,210,0
1135,214,2
1135,215,0
1136,1,34
1136,3,2
1136,6,37
1136,9,12
1136,15,0
1136,117,0
1136,131,16
1136,210,1
1136,214,0
1136,215,0
1137,1,38
1137,3,10
1137,6,18
1137,9,10
1137,15,0
1137,117,8
1137,131,17
1137,210,1
1137,214,0
1137,215,0
1138,1,40
1138,3,0
1138,6,16
1138,9,19
1138,15,0
1138,117,4
1138,131,20
1138,210,2
1138,214,0
1138,215,0
1140,1,22
1140,3,0
1140,6,41
1140,9,8
1140,15,0
1140,117,0
1140,131,22
1140,210,8
1140,214,1
1140,215,0
1141,1,12
1141,3,0
1141,6,10
1141,9,26
1141,15,0
1141,117,0
1141,131,13
1141,210,0
1141,214,33
1141,215,8
1142,1,15
1142,3,0
1142,6,27
1142,9,11
1142,15,0
1142,117,0
1142,131,43
1142,210,4
1142,214,0
1142,215,2
1143,1,17
1143,3,0
1143,6,26
1143,9,25
1143,15,4
1143,117,6
1143,131,12
1143,210,2
1143,214,10
1143,215,0
1144,1,26
1144,3,0
1144,6,33
1144,9,8
1144,15,0
1144,117,2
1144,131,22
1144,210,4
1144,214,6
1144,215,0
