driverId,raceId,finalPosition,gridPosition,points,qual1,qual2,qual3
1,1,-1,18,0.0,00:01:26.4540000,NULL,NULL
1,2,7,12,1.0,00:01:35.2800000,00:01:34.9050000,NULL
1,3,6,9,3.0,00:01:35.7760000,00:01:35.7400000,00:01:38.5950000
1,4,4,5,5.0,00:01:32.8510000,00:01:32.8770000,00:01:34.1960000
1,5,9,14,0.0,00:01:20.9910000,00:01:20.8050000,NULL
1,6,12,19,0.0,00:01:16.2640000,NULL,NULL
1,7,13,16,0.0,00:01:28.3180000,NULL,NULL
1,8,16,18,0.0,00:01:19.9170000,NULL,NULL
1,9,18,5,0.0,00:01:31.4730000,00:01:39.1490000,00:01:32.6160000
1,10,1,4,10.0,00:01:20.8420000,00:01:20.4650000,00:01:21.8390000
1,11,2,1,8.0,00:01:38.6490000,00:01:38.1820000,00:01:39.4890000
1,12,-1,12,0.0,00:01:45.7670000,00:01:45.1220000,NULL
1,13,12,1,0.0,00:01:23.3750000,00:01:22.9730000,00:01:24.0660000
1,14,1,1,10.0,00:01:46.9770000,00:01:46.6570000,00:01:47.8910000
1,15,3,3,6.0,00:01:30.9170000,00:01:30.6270000,00:01:32.3950000
1,16,3,17,6.0,00:01:25.1920000,NULL,NULL
1,17,-1,1,0.0,00:01:39.8730000,00:01:39.6950000,00:01:40.9480000
1,18,1,1,10.0,00:01:26.5720000,00:01:25.1870000,00:01:26.7140000
1,19,5,9,4.0,00:01:35.3920000,00:01:34.6270000,00:01:36.7090000
1,20,13,3,0.0,00:01:32.7500000,00:01:31.9220000,00:01:33.2920000
1,21,3,5,6.0,00:01:21.3660000,00:01:20.8250000,00:01:22.0960000
1,22,2,3,8.0,00:01:26.1920000,00:01:26.4770000,00:01:27.9230000
1,23,1,3,10.0,00:01:15.5820000,00:01:15.3220000,00:01:15.8390000
1,24,-1,1,0.0,00:01:16.9090000,00:01:17.0340000,00:01:17.8860000
1,25,10,13,0.0,00:01:15.6340000,00:01:15.2930000,00:01:16.6930000
1,26,1,4,10.0,00:01:20.2880000,00:01:19.5370000,00:01:21.8350000
1,27,1,1,10.0,00:01:15.2180000,00:01:14.6030000,00:01:15.6660000
1,28,5,1,4.0,00:01:19.3760000,00:01:19.4730000,00:01:20.8990000
1,29,2,2,8.0,00:01:38.4640000,00:01:37.9540000,00:01:39.1990000
1,30,3,1,6.0,00:01:46.8870000,00:01:46.0880000,00:01:47.3380000
1,31,7,15,2.0,00:01:35.3940000,00:01:39.2650000,NULL
1,32,3,2,6.0,00:01:44.5010000,00:01:44.9320000,00:01:45.4650000
1,33,12,1,0.0,00:01:18.0710000,00:01:17.4620000,00:01:18.4040000
1,34,1,1,10.0,00:01:35.5660000,00:01:34.9470000,00:01:36.3030000
1,35,5,4,4.0,00:01:12.2130000,00:01:11.8560000,00:01:12.8300000
1,36,3,4,6.0,00:01:26.6740000,00:01:25.5770000,00:01:26.7550000
1,37,2,4,8.0,00:01:35.0280000,00:01:34.6500000,00:01:36.0450000
1,38,2,2,8.0,00:01:32.5800000,00:01:31.7520000,00:01:32.9350000
1,39,2,4,8.0,00:01:21.1200000,00:01:20.7130000,00:01:21.7850000
1,40,2,2,8.0,00:01:15.6850000,00:01:15.4790000,00:01:15.9050000
1,41,1,1,10.0,00:01:16.5760000,00:01:15.4860000,00:01:15.7070000
1,43,3,2,6.0,00:01:14.8050000,00:01:14.7950000,00:01:15.1040000
1,44,3,1,6.0,00:01:19.8850000,00:01:19.4000000,00:01:19.9970000
1,45,9,10,0.0,00:01:31.5870000,00:01:31.1850000,00:01:33.8330000
1,46,1,1,10.0,00:01:19.5700000,00:01:19.3010000,00:01:19.7810000
1,47,5,2,4.0,00:01:27.5130000,00:01:26.9360000,00:01:27.3730000
1,48,2,2,8.0,00:01:21.9560000,00:01:21.7460000,00:01:22.0340000
1,49,4,4,5.0,00:01:46.4370000,00:01:45.1320000,00:01:46.4060000
1,50,1,1,10.0,00:01:25.4890000,00:01:24.7530000,00:01:25.3680000
1,51,-1,1,0.0,00:01:35.7980000,00:01:35.8980000,00:01:35.9080000
1,52,7,2,2.0,00:01:13.0330000,00:01:12.2960000,00:01:12.0820000
1,337,3,4,15.0,00:01:55.3410000,00:01:54.7070000,00:01:55.2170000
1,338,6,11,8.0,00:01:25.0460000,00:01:25.1840000,NULL
1,339,6,20,8.0,00:01:53.0500000,NULL,NULL
1,340,2,6,18.0,00:01:35.6410000,00:01:34.9280000,00:01:35.0340000
1,341,14,3,0.0,00:01:21.7230000,00:01:21.4150000,00:01:20.8290000
1,342,5,5,10.0,00:01:15.6760000,00:01:14.5270000,00:01:14.4320000
1,343,1,2,25.0,00:01:27.6670000,00:01:27.0130000,00:01:26.4330000
1,344,1,1,25.0,00:01:15.8890000,00:01:15.5280000,00:01:15.1050000
1,345,2,3,18.0,00:01:38.6970000,00:01:38.1580000,00:01:37.9690000
1,346,2,4,18.0,00:01:31.2970000,00:01:31.1180000,00:01:30.5560000
1,347,4,6,12.0,00:01:15.5050000,00:01:14.4880000,00:01:14.5660000
1,348,-1,5,0.0,00:01:21.4550000,00:01:20.8770000,00:01:20.4990000
1,349,1,2,25.0,00:01:56.7060000,00:01:46.2110000,00:01:45.8630000
1,350,-1,5,0.0,00:01:22.8300000,00:01:22.3940000,00:01:22.6230000
1,351,-1,3,0.0,00:01:48.2960000,00:01:46.0420000,00:01:45.5710000
1,352,5,8,10.0,00:01:32.8090000,00:01:31.5230000,00:01:31.1690000
1,353,2,4,18.0,00:01:37.1130000,00:01:36.1970000,00:01:36.0620000
1,354,4,4,12.0,00:01:19.9310000,00:01:18.9210000,00:01:15.7470000
1,355,2,2,18.0,00:01:40.3350000,00:01:40.1190000,00:01:39.4250000
1,841,2,2,18.0,00:01:25.3840000,00:01:24.5950000,00:01:24.3070000
1,842,8,2,4.0,00:01:36.8610000,00:01:35.8520000,00:01:34.9740000
1,843,1,3,25.0,00:01:36.0910000,00:01:34.4860000,00:01:34.4630000
1,844,4,4,12.0,00:01:27.0910000,00:01:26.0660000,00:01:25.5950000
1,845,2,3,18.0,00:01:24.3700000,00:01:22.1480000,00:01:21.9610000
1,846,6,9,8.0,00:01:15.2070000,00:01:14.2750000,00:01:15.2800000
1,847,-1,5,0.0,00:01:14.1140000,00:01:13.9260000,00:01:13.5650000
1,848,4,3,12.0,00:01:39.2440000,00:01:37.7270000,00:01:37.3800000
1,849,4,10,12.0,00:01:33.5810000,00:01:32.5050000,00:01:32.3760000
1,850,1,2,25.0,00:01:32.9340000,00:01:30.9980000,00:01:30.1340000
1,851,4,2,12.0,00:01:21.6360000,00:01:21.1050000,00:01:19.9780000
1,852,-1,2,0.0,00:02:03.0080000,00:02:02.8230000,00:01:48.7300000
1,853,4,2,12.0,00:01:23.9760000,00:01:23.1720000,00:01:22.7250000
1,854,5,4,10.0,00:01:47.0140000,00:01:46.8290000,00:01:44.8090000
1,855,5,3,10.0,00:01:32.8430000,00:01:31.1390000,00:01:30.6170000
1,856,2,1,18.0,00:01:37.5250000,00:01:36.5260000,00:01:35.8200000
1,857,7,5,6.0,00:01:26.5630000,00:01:25.0190000,00:01:24.4740000
1,858,1,2,25.0,00:01:39.7820000,00:01:38.4340000,00:01:38.6220000
1,859,-1,4,0.0,00:01:13.3610000,00:01:12.8110000,00:01:12.4800000
1,860,3,1,15.0,00:01:26.8000000,00:01:25.6260000,00:01:24.9220000
1,861,3,1,15.0,00:01:37.8130000,00:01:37.1060000,00:01:36.2190000
1,862,3,7,15.0,00:01:36.7630000,00:01:35.9020000,00:01:35.6260000
1,863,8,2,4.0,00:01:34.8130000,00:01:33.2090000,00:01:32.5200000
1,864,8,24,4.0,00:01:22.5830000,00:01:22.4650000,00:01:21.7070000
1,865,5,3,10.0,00:01:16.0630000,00:01:15.1660000,00:01:14.5830000
1,866,1,2,25.0,00:01:14.8910000,00:01:14.3710000,00:01:14.0870000
1,867,19,2,0.0,00:01:39.1690000,00:01:38.6160000,00:01:38.4100000
1,868,8,8,4.0,00:01:47.4330000,00:01:54.8970000,00:01:53.5430000
1,869,-1,7,0.0,00:01:16.2210000,00:01:37.3650000,00:01:44.1860000
1,870,1,1,25.0,00:01:21.7940000,00:01:21.0600000,00:01:20.9530000
1,871,-1,7,0.0,00:01:49.6050000,00:01:48.5630000,00:01:48.3940000
1,872,1,1,25.0,00:01:24.2110000,00:01:24.3940000,00:01:24.0100000
1,873,-1,1,0.0,00:01:48.2850000,00:01:46.6650000,00:01:46.3620000
1,874,5,9,10.0,00:01:33.0610000,00:01:32.1210000,00:01:32.3270000
1,875,10,3,1.0,00:01:39.1800000,00:01:38.0000000,00:01:37.4690000
1,876,4,3,12.0,00:01:26.5160000,00:01:25.8160000,00:01:25.5440000
1,877,-1,1,0.0,00:01:41.4970000,00:01:40.9010000,00:01:40.6300000
1,879,-1,1,0.0,00:01:15.0750000,00:01:13.3980000,00:01:12.4580000
1,880,5,3,10.0,00:01:45.4560000,00:01:36.6250000,00:01:28.0870000
1,881,3,4,15.0,00:01:37.5130000,00:01:36.5170000,00:01:51.6990000
1,882,3,1,15.0,00:01:35.7930000,00:01:35.0780000,00:01:34.4840000
1,883,5,9,10.0,00:01:33.4980000,00:01:33.3460000,00:01:32.7620000
1,884,12,2,0.0,00:01:21.7280000,00:01:21.0010000,00:01:20.9720000
1,885,4,2,12.0,00:01:23.7790000,00:01:16.2650000,00:01:13.9670000
1,886,3,2,15.0,00:01:23.8010000,00:01:27.6490000,00:01:25.5120000
1,887,4,1,12.0,00:01:30.9950000,00:01:31.2240000,00:01:29.6070000
1,888,5,1,10.0,00:01:31.1310000,00:01:30.1520000,00:01:29.3980000
1,890,1,1,25.0,00:01:20.3630000,00:01:19.8620000,00:01:19.3880000
1,891,3,1,15.0,00:02:00.3680000,00:01:49.0670000,00:02:01.0120000
1,892,9,12,2.0,00:01:24.5890000,00:01:24.8030000,NULL
1,893,5,5,10.0,00:01:44.1960000,00:01:43.9200000,00:01:43.2540000
1,894,5,2,10.0,00:01:38.5740000,00:01:37.8240000,00:01:37.4200000
1,895,-1,3,0.0,00:01:32.3400000,00:01:31.6360000,00:01:31.2530000
1,896,6,3,8.0,00:01:25.8020000,00:01:25.2590000,00:01:24.9410000
1,897,7,4,6.0,00:01:40.6930000,00:01:40.4770000,00:01:40.5010000
1,899,9,5,2.0,00:01:25.3420000,00:01:26.6980000,00:01:27.6770000
1,900,-1,1,0.0,00:01:31.6990000,00:01:42.8900000,00:01:44.2310000
1,901,1,1,25.0,00:01:57.2020000,00:01:59.0410000,00:01:59.4310000
1,902,1,2,25.0,00:01:35.3230000,00:01:33.8720000,00:01:33.4640000
1,903,1,1,25.0,00:01:55.5160000,00:01:54.0290000,00:01:53.8600000
1,904,1,1,25.0,00:01:27.2380000,00:01:26.2100000,00:01:25.2320000
1,905,2,2,18.0,00:01:17.8230000,00:01:16.3540000,00:01:16.0480000
1,906,-1,2,0.0,00:01:15.7500000,00:01:15.0540000,00:01:14.9530000
1,907,2,9,18.0,00:01:09.5140000,00:01:09.0920000,NULL
1,908,1,6,25.0,00:01:41.0580000,00:01:34.8700000,00:01:39.2320000
1,909,3,20,15.0,00:01:18.6830000,NULL,NULL
1,910,3,22,15.0,NULL,NULL,NULL
1,911,-1,2,0.0,00:02:07.2800000,00:02:06.6090000,00:02:05.8190000
1,912,1,1,25.0,00:01:25.3630000,00:01:24.5600000,00:01:24.1090000
1,913,1,1,25.0,00:01:46.9210000,00:01:46.2870000,00:01:45.6810000
1,914,1,2,25.0,00:01:33.6110000,00:01:32.9820000,00:01:32.7030000
1,915,1,1,25.0,00:01:38.7590000,00:01:38.3380000,00:01:38.5130000
1,917,2,2,18.0,00:01:10.4570000,00:01:10.7120000,00:01:10.0560000
1,918,1,2,50.0,00:01:41.2070000,00:01:40.9200000,00:01:40.8660000
1,926,1,1,25.0,00:01:28.5860000,00:01:26.8940000,00:01:26.3270000
1,927,2,1,18.0,00:01:39.2690000,00:01:41.5170000,00:01:49.8340000
1,928,1,1,25.0,00:01:38.2850000,00:01:36.4230000,00:01:35.7820000
1,929,1,1,25.0,00:01:33.9280000,00:01:32.6690000,00:01:32.5710000
1,930,2,2,18.0,00:01:26.3820000,00:01:25.7400000,00:01:24.9480000
1,931,3,1,15.0,00:01:16.5880000,00:01:15.8640000,00:01:15.0980000
1,932,1,1,25.0,00:01:15.8950000,00:01:14.6610000,00:01:14.3930000
1,933,2,1,18.0,00:01:12.2180000,00:01:09.0620000,00:01:08.4550000
1,934,1,1,25.0,00:01:33.7960000,00:01:33.0680000,00:01:32.2480000
1,936,6,1,8.0,00:01:22.8900000,00:01:22.2850000,00:01:22.0200000
1,937,1,1,25.0,00:01:48.9080000,00:01:48.0240000,00:01:47.1970000
1,938,1,1,25.0,00:01:24.2510000,00:01:23.3830000,00:01:23.3970000
1,939,-1,5,0.0,00:01:45.7650000,00:01:45.6500000,00:01:45.3000000
1,940,1,2,25.0,00:01:32.8440000,00:01:32.7890000,00:01:32.6600000
1,941,1,2,25.0,00:01:38.5580000,00:01:37.6720000,00:01:37.4330000
1,943,2,2,18.0,00:01:20.8080000,00:01:19.8290000,00:01:19.6680000
1,944,2,2,18.0,00:01:11.6820000,00:01:11.6650000,00:01:11.3600000
1,945,2,2,18.0,00:01:40.9740000,00:01:40.7580000,00:01:40.6140000
1,948,2,1,18.0,00:01:25.3510000,00:01:24.6050000,00:01:23.8370000
1,949,3,1,15.0,00:01:31.3910000,00:01:30.0390000,00:01:29.4930000
1,950,7,22,6.0,NULL,NULL,NULL
1,951,2,10,18.0,00:01:36.0060000,00:01:35.8200000,NULL
1,952,-1,1,0.0,00:01:23.2140000,00:01:22.1590000,00:01:22.0000000
1,953,1,3,25.0,00:01:14.8260000,00:01:14.0560000,00:01:13.9420000
1,954,1,1,25.0,00:01:14.1210000,00:01:13.0760000,00:01:12.8120000
1,955,5,10,10.0,00:01:44.2590000,00:01:43.5260000,00:02:01.9540000
1,956,1,1,25.0,00:01:06.9470000,00:01:06.2280000,00:01:07.9220000
1,957,1,1,25.0,00:01:30.7390000,00:01:29.2430000,00:01:29.2870000
1,958,1,2,25.0,00:01:34.2100000,00:01:24.8360000,00:01:20.1080000
1,959,1,2,25.0,00:01:15.2430000,00:01:14.7480000,00:01:14.4700000
1,960,3,21,15.0,00:01:50.0330000,NULL,NULL
1,961,2,1,18.0,00:01:21.8540000,00:01:21.4980000,00:01:21.1350000
1,962,3,3,15.0,00:01:45.1670000,00:01:43.4710000,00:01:43.2880000
1,963,-1,1,0.0,00:01:34.4440000,00:01:33.0460000,00:01:32.8500000
1,964,3,2,15.0,00:01:32.2180000,00:01:31.1290000,00:01:30.6600000
1,966,1,1,25.0,00:01:19.4470000,00:01:19.1370000,00:01:18.7040000
1,967,1,1,25.0,00:01:11.5110000,00:01:11.2380000,00:01:10.7360000
1,968,1,1,25.0,00:01:39.4870000,00:01:39.3820000,00:01:38.7550000
1,969,2,1,18.0,00:01:24.1910000,00:01:23.2510000,00:01:22.1880000
1,970,1,1,25.0,00:01:33.3330000,00:01:32.4060000,00:01:31.6780000
1,971,2,2,18.0,00:01:30.8140000,00:01:29.5350000,00:01:28.7920000
1,972,4,4,12.0,00:01:34.4090000,00:01:33.7600000,00:01:33.7670000
1,973,1,1,25.0,00:01:20.5110000,00:01:20.2100000,00:01:19.1490000
1,974,7,13,6.0,00:01:13.6400000,00:01:14.1060000,NULL
1,975,1,1,25.0,00:01:12.6920000,00:01:12.4960000,00:01:11.4590000
1,976,5,1,10.0,00:01:41.9830000,00:01:41.2750000,00:01:40.5930000
1,977,4,8,12.0,00:01:05.0640000,00:01:04.8000000,00:01:04.4240000
1,978,1,1,25.0,00:01:39.0690000,00:01:27.8930000,00:01:26.6000000
1,979,4,4,12.0,00:01:17.4920000,00:01:16.6930000,00:01:16.7070000
1,980,1,1,25.0,00:01:44.1840000,00:01:42.9270000,00:01:42.5530000
1,981,1,1,25.0,00:01:36.0090000,00:01:34.6600000,00:01:35.5540000
1,982,1,5,25.0,00:01:42.4550000,00:01:40.5770000,00:01:40.1260000
1,983,2,1,18.0,00:01:31.6050000,00:01:30.9770000,00:01:30.0760000
1,984,1,1,25.0,00:01:29.0470000,00:01:27.8190000,00:01:27.3190000
1,986,9,3,2.0,00:01:17.5180000,00:01:17.0350000,00:01:16.9340000
1,987,4,20,12.0,NULL,NULL,NULL
1,988,2,2,18.0,00:01:37.3910000,00:01:36.7420000,00:01:36.4030000
1,989,2,1,18.0,00:01:22.8240000,00:01:22.0510000,00:01:21.1640000
1,990,3,9,15.0,00:01:29.3960000,00:01:28.4580000,00:01:28.2200000
1,991,4,4,12.0,00:01:33.2830000,00:01:31.9140000,00:01:31.6750000
1,992,1,2,25.0,00:01:42.6930000,00:01:42.6760000,00:01:41.6770000
1,993,1,1,25.0,00:01:17.6330000,00:01:17.1660000,00:01:16.1730000
1,994,3,3,15.0,00:01:12.4600000,00:01:11.5840000,00:01:11.2320000
1,995,5,4,10.0,00:01:11.8350000,00:01:11.7400000,00:01:10.9960000
1,996,1,1,25.0,00:01:31.2710000,00:01:30.6450000,00:01:30.0290000
1,997,-1,2,0.0,00:01:04.0800000,00:01:03.5770000,00:01:03.1490000
1,998,2,1,18.0,00:01:26.8180000,00:01:26.2560000,00:01:25.8920000
1,999,1,14,25.0,00:01:13.0120000,NULL,NULL
1,1000,1,1,25.0,00:01:17.4190000,00:01:31.2420000,00:01:35.6580000
1,1001,2,1,18.0,00:01:42.9770000,00:01:41.5530000,00:01:58.1790000
1,1002,1,3,25.0,00:01:20.8100000,00:01:19.7980000,00:01:19.2940000
1,1003,1,1,25.0,00:01:39.4030000,00:01:37.3440000,00:01:36.0150000
1,1004,1,2,25.0,00:01:32.4100000,00:01:32.5950000,00:01:31.5320000
1,1005,1,1,25.0,00:01:28.7020000,00:01:28.0170000,00:01:27.7600000
1,1007,4,3,12.0,00:01:15.6730000,00:01:15.6440000,00:01:14.8940000
1,1008,1,1,25.0,00:01:08.4640000,00:01:07.7950000,00:01:07.2810000
1,1009,1,1,25.0,00:01:36.8280000,00:01:35.6930000,00:01:34.7940000
1,1010,2,1,18.0,00:01:22.0430000,00:01:21.0140000,00:01:20.4860000
1,1011,1,3,25.0,00:01:29.2620000,00:01:28.5780000,00:01:28.1900000
1,1012,1,2,25.0,00:01:33.1150000,00:01:31.6370000,00:01:31.5700000
1,1013,2,2,18.0,00:01:41.6140000,00:01:41.5800000,00:01:40.5540000
1,1014,1,2,26.0,00:01:17.2920000,00:01:16.0380000,00:01:16.0400000
1,1015,1,1,25.0,00:01:11.5420000,00:01:10.8350000,00:01:10.1660000
1,1016,1,2,25.0,00:01:11.5180000,00:01:11.0100000,00:01:10.4460000
1,1017,1,1,25.0,00:01:30.6090000,00:01:29.5200000,00:01:28.3190000
1,1018,5,4,10.0,00:01:03.8180000,00:01:03.8030000,00:01:03.2620000
1,1019,1,2,26.0,00:01:25.5130000,00:01:25.8400000,00:01:25.0990000
1,1020,9,1,2.0,00:01:12.8520000,00:01:12.1490000,00:01:11.7670000
1,1021,1,3,25.0,00:01:16.0680000,00:01:15.5480000,00:01:14.7690000
1,1022,2,3,18.0,00:01:45.2600000,00:01:43.5920000,00:01:43.2820000
1,1023,3,2,16.0,00:01:20.2720000,00:01:19.4640000,00:01:19.3460000
1,1024,4,2,12.0,00:01:37.5650000,00:01:36.9330000,00:01:36.4080000
1,1025,1,2,26.0,00:01:33.2300000,00:01:33.1340000,00:01:32.0300000
1,1026,3,4,16.0,00:01:28.7350000,00:01:27.8260000,00:01:27.3020000
1,1027,1,3,25.0,00:01:16.4240000,00:01:15.7210000,00:01:15.2620000
1,1029,7,3,6.0,00:01:08.6140000,00:01:08.0880000,00:01:07.6990000
1,1030,1,1,26.0,00:01:35.8510000,00:01:35.6340000,00:01:34.7790000
1,1031,4,5,12.0,00:01:04.1980000,00:01:03.0960000,00:01:02.9510000
1,1032,1,1,25.0,00:01:18.1880000,00:01:17.8250000,00:01:19.2730000
1,1033,1,1,26.0,00:01:14.9070000,00:01:14.2610000,00:01:13.4470000
1,1034,1,1,25.0,00:01:25.9000000,00:01:25.3470000,00:01:24.3030000
1,1035,2,2,19.0,00:01:26.8180000,00:01:26.2660000,00:01:25.2170000
1,1036,1,1,25.0,00:01:16.8720000,00:01:16.0130000,00:01:15.5840000
1,1037,1,1,25.0,00:01:42.3230000,00:01:42.0140000,00:01:41.2520000
1,1038,7,1,7.0,00:01:19.5140000,00:01:19.0920000,00:01:18.8870000
1,1039,1,1,26.0,00:01:15.7780000,00:01:15.3090000,00:01:15.1440000
1,1040,3,1,15.0,00:01:32.9830000,00:01:32.8350000,00:01:31.3040000
1,1041,1,2,25.0,00:01:26.6200000,00:01:25.3900000,00:01:25.5250000
1,1042,1,1,26.0,00:01:16.8280000,00:01:16.8240000,00:01:16.6520000
1,1043,1,2,26.0,00:01:14.2290000,00:01:14.6430000,00:01:13.7060000
1,1044,1,6,25.0,00:02:07.5990000,00:01:52.7090000,00:01:52.5600000
1,1045,1,1,25.0,00:01:28.3430000,00:01:27.5860000,00:01:27.2640000
1,1047,3,3,15.0,00:01:35.5280000,00:01:35.4660000,00:01:35.3320000
1,1051,1,1,25.0,00:01:21.9010000,00:01:21.6820000,00:01:20.8270000
1,1052,1,2,25.0,00:01:30.6170000,00:01:30.0850000,00:01:29.3850000
1,1053,2,1,19.0,00:01:14.8230000,00:01:14.8170000,00:01:14.4110000
1,1054,1,2,25.0,00:01:18.8570000,00:01:17.9680000,00:01:18.3550000
1,1055,1,1,25.0,00:01:18.2450000,00:01:17.1660000,00:01:16.7410000
1,1056,7,7,7.0,00:01:11.6220000,00:01:11.1160000,00:01:11.0950000
1,1057,15,2,0.0,00:01:41.5450000,00:01:41.6340000,00:01:41.4500000
1,1058,2,2,19.0,00:01:04.6720000,00:01:04.5120000,00:01:04.0670000
1,1059,2,2,18.0,00:01:31.2370000,00:01:30.7880000,00:01:30.2480000
1,1060,4,4,12.0,00:01:04.5060000,00:01:04.2580000,00:01:04.0140000
1,1061,1,2,25.0,00:01:26.7860000,00:01:26.0230000,00:01:26.1340000
1,1062,2,1,18.0,00:01:16.4240000,00:01:16.5530000,00:01:15.4190000
1,1063,3,3,7.5,00:01:59.2180000,00:01:56.2290000,00:02:00.0990000
1,1064,2,2,19.0,00:01:10.1140000,00:01:09.7260000,00:01:08.9230000
1,1065,-1,4,0.0,00:01:20.5430000,00:01:19.9360000,00:01:19.6510000
1,1066,1,4,25.0,00:01:45.9920000,00:01:45.1290000,00:01:44.0500000
1,1067,5,11,10.0,00:01:24.5850000,00:01:23.0820000,00:01:22.8680000
1,1070,2,2,18.0,00:01:17.2070000,00:01:16.4740000,00:01:16.0200000
1,1071,1,10,25.0,00:01:08.7330000,00:01:08.0680000,00:01:07.9340000
1,1072,1,1,26.0,00:01:28.4660000,00:01:27.7120000,00:01:27.5110000
1,1073,2,2,18.0,00:01:22.8450000,00:01:23.1450000,00:01:22.4800000
1,1074,3,5,15.0,00:01:32.2850000,00:01:31.0480000,00:01:31.2380000
1,1075,10,15,1.0,00:01:30.3430000,NULL,NULL
1,1076,4,5,12.0,00:01:19.4010000,00:01:19.1060000,00:01:18.8250000
1,1077,13,14,0.0,00:01:20.4700000,00:01:21.1380000,NULL
1,1079,5,6,10.0,00:01:20.2520000,00:01:19.7940000,00:01:19.5120000
1,1080,8,8,4.0,00:01:13.4440000,00:01:12.5950000,00:01:12.5600000
1,1081,4,7,12.0,00:01:43.9390000,00:01:43.1820000,00:01:42.9240000
1,1082,3,4,15.0,00:01:33.8410000,00:01:25.5430000,00:01:22.8910000
1,1083,3,5,16.0,00:01:40.4280000,00:01:41.0620000,00:01:41.9950000
1,1084,3,8,15.0,00:01:06.0790000,00:01:05.4750000,00:01:13.1510000
1,1085,2,4,18.0,00:01:33.0410000,00:01:32.2740000,00:01:31.7650000
1,1086,2,7,19.0,00:01:18.3740000,00:01:18.0350000,00:01:18.1420000
1,1087,-1,4,0.0,00:01:45.7360000,00:01:45.4200000,00:01:45.5030000
1,1088,4,4,12.0,00:01:11.3310000,00:01:11.0750000,00:01:10.6480000
1,1089,5,19,10.0,00:01:22.0480000,00:01:21.7080000,00:01:21.5240000
1,1091,9,3,2.0,00:01:53.1610000,00:01:52.6910000,00:01:49.4660000
1,1092,5,6,10.0,00:01:30.9060000,00:01:30.4430000,00:01:30.2610000
1,1094,2,3,18.0,00:01:19.1690000,00:01:18.5520000,00:01:18.0840000
1,1095,2,2,18.0,00:01:13.4030000,00:01:11.5390000,00:01:12.6110000
1,1096,18,5,0.0,00:01:25.5940000,00:01:24.7740000,00:01:24.5080000
1,1098,5,7,10.0,00:01:31.5430000,00:01:30.5130000,00:01:30.3840000
1,1099,5,7,10.0,00:01:29.6890000,00:01:29.3740000,00:01:29.2230000
1,1100,2,3,18.0,00:01:17.6890000,00:01:17.5510000,00:01:17.1040000
1,1101,6,5,8.0,00:01:42.1130000,00:01:41.6500000,00:01:41.1770000
1,1104,4,5,13.0,00:01:12.8720000,00:01:12.1560000,00:01:11.7250000
1,1105,2,4,18.0,00:01:12.9370000,00:01:12.9990000,00:01:12.8180000
1,1106,3,3,15.0,00:01:21.5540000,00:01:20.4260000,00:01:27.6270000
1,1107,8,5,4.0,00:01:05.6730000,00:01:05.1880000,00:01:04.8190000
1,1108,3,7,15.0,00:01:29.4150000,00:01:28.5450000,00:01:27.2110000
1,1109,4,1,12.0,00:01:18.5770000,00:01:17.4270000,00:01:16.6090000
1,1110,4,3,13.0,00:01:58.5630000,00:01:52.3450000,00:01:47.0870000
1,1111,6,13,8.0,00:01:21.9190000,00:01:20.1510000,NULL
1,1112,6,8,8.0,00:01:21.9770000,00:01:21.3690000,00:01:20.8200000
1,1113,3,5,16.0,00:01:32.6510000,00:01:32.0190000,00:01:31.4850000
1,1114,5,7,10.0,00:01:30.8110000,00:01:30.0400000,00:01:29.9080000
1,1115,-1,3,0.0,00:01:26.0760000,00:01:24.3810000,00:01:24.3050000
1,1117,2,6,19.0,00:01:18.6770000,00:01:17.5710000,00:01:17.4540000
1,1118,8,5,4.0,00:01:10.6040000,00:01:10.2660000,00:01:11.4690000
1,1119,7,10,6.0,00:01:34.3070000,00:01:33.8370000,NULL
1,1120,9,11,2.0,00:01:24.4370000,00:01:24.3590000,NULL
1,1121,7,9,6.0,00:01:30.4510000,00:01:29.7180000,00:01:29.7100000
1,1122,9,8,2.0,00:01:28.9940000,00:01:28.6060000,00:01:28.4600000
1,1123,-1,11,0.0,00:01:17.4990000,00:01:16.9600000,NULL
1,1124,9,7,2.0,00:01:29.6610000,00:01:28.8870000,00:01:28.7660000
1,1125,9,18,2.0,00:01:35.5730000,NULL,NULL
1,1127,6,8,8.0,00:01:16.6040000,00:01:15.6770000,00:01:15.5040000
1,1128,7,7,7.0,00:01:11.5280000,00:01:11.0560000,00:01:10.6210000
1,1129,4,7,13.0,00:01:12.8510000,00:01:11.9790000,00:01:12.2800000
1,1130,3,3,15.0,00:01:12.1430000,00:01:11.7920000,00:01:11.7010000
1,1131,4,5,12.0,00:01:05.5410000,00:01:05.0530000,00:01:04.9030000
1,1132,1,2,25.0,00:01:29.5470000,00:01:26.7700000,00:01:25.9900000
1,1133,3,5,15.0,00:01:17.0870000,00:01:16.3070000,00:01:15.8540000
1,1134,1,3,25.0,00:01:55.6920000,00:01:54.0370000,00:01:53.8350000
1,1135,8,14,4.0,00:01:11.3750000,00:01:10.9480000,NULL
1,1136,5,6,10.0,00:01:20.4770000,00:01:19.6410000,00:01:19.5130000
1,1137,9,0,2.0,00:01:43.0890000,00:01:42.7650000,00:01:42.2890000
1,1138,6,3,8.0,00:01:30.3930000,00:01:29.9290000,00:01:29.8410000
1,1140,4,6,12.0,00:01:17.3060000,00:01:16.9730000,00:01:16.6510000
1,1141,10,14,1.0,00:01:31.1500000,NULL,NULL
1,1142,2,10,18.0,00:01:33.2250000,00:01:32.5670000,00:01:48.1060000
1,1143,12,6,0.0,00:01:21.6370000,00:01:21.0950000,00:01:21.0110000
1,1144,4,16,12.0,00:01:23.8870000,NULL,NULL
2,1,10,9,0.0,00:01:25.8270000,00:01:25.5040000,NULL
2,2,2,10,4.0,00:01:35.1100000,00:01:34.7690000,NULL
2,3,12,11,0.0,00:01:36.5250000,00:01:35.9750000,NULL
2,4,19,14,0.0,00:01:33.3770000,00:01:33.5620000,NULL
2,5,7,13,2.0,00:01:21.0950000,00:01:20.6760000,NULL
2,6,11,16,0.0,00:01:16.2640000,NULL,NULL
2,7,11,11,0.0,00:01:27.7950000,00:01:27.5210000,NULL
2,8,15,15,0.0,00:01:19.5590000,00:01:19.4480000,NULL
2,9,10,11,0.0,00:01:31.7710000,00:01:42.3100000,NULL
2,10,11,15,0.0,00:01:21.7380000,NULL,NULL
2,11,11,11,0.0,00:01:39.0320000,00:01:38.8260000,NULL
2,12,5,3,4.0,00:01:45.5660000,00:01:44.7090000,00:01:46.5000000
2,13,7,15,2.0,00:01:23.5840000,00:01:24.2750000,NULL
2,14,-1,20,0.0,00:01:47.3470000,00:01:46.8320000,00:01:49.3070000
2,15,6,4,3.0,00:01:31.5010000,00:01:31.2600000,00:01:32.9450000
2,16,-1,18,0.0,00:01:25.5150000,NULL,NULL
2,17,5,8,4.0,00:01:40.5580000,00:01:40.6350000,00:01:42.3430000
2,18,2,5,8.0,00:01:25.9600000,00:01:25.5180000,00:01:27.2360000
2,19,6,5,3.0,00:01:35.7290000,00:01:34.6480000,00:01:36.7530000
2,20,4,6,5.0,00:01:33.1370000,00:01:31.9090000,00:01:33.7370000
2,21,9,9,0.0,00:01:21.4660000,00:01:20.8150000,00:01:22.5420000
2,22,5,9,4.0,00:01:27.1070000,00:01:27.6070000,00:01:28.8820000
2,23,14,12,0.0,00:01:16.6500000,00:01:16.4550000,NULL
2,24,2,8,8.0,00:01:18.0820000,00:01:17.7810000,00:01:19.6330000
2,25,13,11,0.0,00:01:16.0060000,00:01:15.7860000,NULL
2,26,2,5,8.0,00:01:21.0220000,00:01:19.8020000,00:01:21.8730000
2,27,4,12,5.0,00:01:15.5960000,00:01:15.5810000,NULL
2,28,10,15,0.0,00:01:21.0450000,NULL,NULL
2,29,9,8,0.0,00:01:38.7380000,00:01:37.8590000,00:01:40.6310000
2,30,2,5,8.0,00:01:47.4190000,00:01:46.3110000,00:01:48.3150000
2,31,5,10,4.0,00:01:35.7090000,00:01:36.6260000,00:01:39.9060000
2,32,6,9,3.0,00:01:45.5480000,00:01:44.5200000,00:01:45.9640000
2,33,9,16,0.0,00:01:18.8350000,NULL,NULL
2,34,5,9,4.0,00:01:36.2240000,00:01:35.4030000,00:01:37.2010000
2,35,10,8,0.0,00:01:12.3710000,00:01:12.0260000,00:01:13.2970000
2,36,4,3,5.0,00:01:26.8950000,00:01:25.3580000,00:01:26.5560000
2,37,4,5,5.0,00:01:35.6170000,00:01:35.2030000,00:01:36.5430000
2,38,4,5,5.0,00:01:33.1640000,00:01:32.1540000,00:01:33.4040000
2,39,-1,7,0.0,00:01:21.6250000,00:01:21.1130000,00:01:22.3890000
2,40,6,7,3.0,00:01:17.3850000,00:01:15.7330000,00:01:16.8320000
2,41,2,3,8.0,00:01:17.0060000,00:01:15.9600000,00:01:16.2660000
2,43,5,7,4.0,00:01:15.7830000,00:01:15.1490000,00:01:15.9000000
2,44,6,9,3.0,00:01:20.5340000,00:01:20.1780000,00:01:20.8940000
2,45,6,4,3.0,00:01:31.8890000,00:01:31.6520000,00:01:31.8400000
2,46,3,2,6.0,00:01:20.7510000,00:01:20.3220000,00:01:20.2590000
2,47,4,6,5.0,00:01:28.0990000,00:01:27.2530000,00:01:28.0370000
2,48,4,4,5.0,00:01:23.1070000,00:01:22.4660000,00:01:23.1740000
2,49,5,6,4.0,00:01:46.9230000,00:01:45.9940000,00:01:47.4090000
2,50,14,5,0.0,00:01:25.9710000,00:01:25.2480000,00:01:26.5050000
2,51,7,8,2.0,00:01:36.7370000,00:01:36.2170000,00:01:38.4550000
2,52,6,6,3.0,00:01:13.4720000,00:01:12.8880000,00:01:13.0810000
2,53,12,10,0.0,00:01:33.3740000,00:01:31.9580000,00:01:33.9260000
2,54,-1,11,0.0,00:01:35.5880000,00:01:34.7830000,NULL
2,55,4,8,5.0,00:01:27.7960000,00:01:26.0140000,00:01:27.5790000
2,56,13,15,0.0,00:01:25.4100000,00:01:24.1290000,NULL
2,57,10,13,0.0,00:01:31.4570000,00:01:31.4220000,NULL
2,58,8,10,1.0,00:01:16.3220000,00:01:15.4680000,00:01:17.1440000
2,59,7,15,2.0,00:01:15.3240000,00:01:15.1370000,NULL
2,60,7,9,2.0,00:01:21.6700000,00:01:20.6290000,00:01:21.3290000
2,61,7,13,2.0,00:01:15.9060000,00:01:15.8850000,NULL
2,63,8,11,1.0,00:01:16.6860000,00:01:16.2940000,NULL
2,64,-1,15,0.0,00:01:16.2340000,00:01:15.3970000,NULL
2,65,3,10,6.0,00:01:21.4370000,00:01:20.6230000,NULL
2,66,14,5,0.0,00:01:28.2000000,00:01:27.2510000,00:01:27.7850000
2,67,8,3,1.0,00:01:21.7640000,00:01:21.4250000,00:01:21.6530000
2,68,7,8,2.0,00:01:46.2490000,00:01:45.0550000,00:01:46.0530000
2,69,8,9,1.0,00:01:31.8110000,00:01:30.4700000,00:01:31.5130000
2,70,17,8,0.0,00:01:12.3070000,00:01:11.6480000,00:01:11.8820000
2,71,-1,7,0.0,00:01:39.7170000,00:01:29.4130000,NULL
2,72,3,10,6.0,00:01:33.4640000,00:01:36.4530000,NULL
2,73,-1,4,0.0,00:01:30.3900000,00:01:32.8270000,NULL
2,74,6,8,3.0,00:01:20.8070000,00:01:24.3890000,NULL
2,75,10,17,0.0,00:01:15.0380000,NULL,NULL
2,76,2,6,8.0,00:01:15.1280000,00:01:17.7550000,NULL
2,77,2,1,8.0,00:01:30.0810000,NULL,NULL
2,78,-1,13,0.0,00:01:17.0810000,NULL,NULL
2,80,14,14,0.0,00:01:16.2070000,NULL,NULL
2,81,12,14,0.0,00:01:22.1170000,NULL,NULL
2,82,11,7,0.0,00:01:15.4030000,NULL,NULL
2,83,6,12,3.0,00:01:22.0860000,NULL,NULL
2,84,-1,6,0.0,00:01:27.9290000,NULL,NULL
2,90,-1,15,0.0,00:01:28.1780000,NULL,NULL
2,91,-1,15,0.0,00:01:36.5690000,NULL,NULL
2,92,15,18,0.0,00:01:33.5060000,NULL,NULL
2,93,-1,16,0.0,00:01:23.4880000,NULL,NULL
2,94,-1,15,0.0,00:01:17.8020000,NULL,NULL
2,95,7,17,2.0,00:01:16.4880000,NULL,NULL
2,96,10,13,0.0,00:01:31.6040000,NULL,NULL
2,97,8,15,1.0,00:01:15.3210000,NULL,NULL
2,99,16,17,0.0,00:01:16.8070000,NULL,NULL
2,100,15,15,0.0,00:01:22.6770000,NULL,NULL
2,101,-1,18,0.0,00:01:16.3100000,NULL,NULL
2,102,12,16,0.0,00:01:22.1800000,NULL,NULL
2,103,11,16,0.0,00:02:02.6450000,NULL,NULL
2,104,14,20,0.0,00:01:22.3010000,NULL,NULL
2,105,13,14,0.0,00:01:36.5070000,NULL,NULL
2,106,13,16,0.0,00:01:41.9530000,NULL,NULL
2,107,-1,16,0.0,00:01:12.8290000,NULL,NULL
2,108,-1,7,0.0,00:01:28.4640000,NULL,NULL
2,109,8,6,1.0,00:01:37.7660000,NULL,NULL
2,110,-1,12,0.0,00:01:14.6310000,NULL,NULL
2,111,10,11,0.0,00:01:23.7000000,NULL,NULL
2,112,10,14,0.0,00:01:19.6460000,NULL,NULL
2,113,-1,4,0.0,00:01:09.7250000,NULL,NULL
2,114,11,14,0.0,00:01:17.1760000,NULL,NULL
2,115,-1,12,0.0,00:01:17.0860000,NULL,NULL
2,116,8,20,1.0,NULL,NULL,NULL
2,117,13,15,0.0,00:01:17.4450000,NULL,NULL
2,118,17,16,0.0,00:01:23.8440000,NULL,NULL
2,119,10,15,0.0,00:01:17.5570000,NULL,NULL
2,120,9,11,0.0,00:01:23.6210000,NULL,NULL
2,121,9,16,0.0,00:01:23.8030000,NULL,NULL
2,123,9,11,0.0,00:01:33.6320000,NULL,NULL
2,125,5,7,2.0,00:01:37.1990000,NULL,NULL
2,140,7,12,0.0,00:01:33.5530000,NULL,NULL
2,158,9,15,0.0,00:01:33.0240000,NULL,NULL
2,160,-1,22,0.0,00:01:28.3610000,NULL,NULL
2,161,-1,17,0.0,00:01:27.8060000,NULL,NULL
2,173,-1,16,0.0,00:01:38.1410000,NULL,NULL
2,351,-1,14,0.0,00:01:48.6960000,00:01:48.5570000,NULL
2,352,8,11,4.0,00:01:33.0110000,00:01:32.1870000,NULL
2,353,9,13,2.0,00:01:38.1710000,00:01:37.7150000,NULL
2,354,17,15,0.0,00:01:20.1740000,00:01:19.8990000,NULL
2,355,11,14,0.0,00:01:41.4090000,00:01:41.1130000,NULL
2,841,12,18,0.0,00:01:27.2390000,NULL,NULL
2,842,3,6,15.0,00:01:37.2240000,00:01:36.8110000,00:01:36.1240000
2,843,12,16,0.0,00:01:35.9100000,00:01:36.6110000,NULL
2,844,7,9,6.0,00:01:27.9010000,00:01:26.7400000,00:01:26.6590000
2,846,8,15,4.0,00:01:16.6810000,00:01:16.2140000,NULL
2,847,-1,9,0.0,00:01:15.0960000,00:01:14.4670000,00:01:14.0620000
2,848,10,9,1.0,00:01:39.8770000,00:01:38.7810000,NULL
2,849,8,16,4.0,00:01:35.1320000,00:01:33.8050000,NULL
2,850,-1,11,0.0,00:01:32.5050000,00:01:32.2150000,NULL
2,851,-1,14,0.0,00:01:23.0240000,00:01:22.4700000,NULL
3,1,6,5,3.0,00:01:25.8460000,00:01:25.1230000,00:01:26.9730000
3,2,8,4,0.5,00:01:35.0830000,00:01:34.5470000,00:01:35.7500000
3,3,15,7,0.0,00:01:35.9410000,00:01:35.8090000,00:01:37.3970000
3,4,9,9,0.0,00:01:33.6720000,00:01:33.1660000,00:01:35.1340000
3,5,8,9,1.0,00:01:20.7450000,00:01:20.2560000,00:01:22.5580000
3,6,6,6,3.0,00:01:15.0940000,00:01:14.8460000,00:01:15.4550000
3,7,5,9,4.0,00:01:27.5170000,00:01:27.4180000,00:01:29.1910000
3,8,5,7,4.0,00:01:19.2280000,00:01:18.5910000,00:01:20.3610000
3,9,4,15,5.0,00:01:31.5980000,00:01:42.8590000,NULL
3,10,4,5,5.0,00:01:20.7930000,00:01:20.8620000,00:01:21.8900000
3,11,5,7,4.0,00:01:39.0390000,00:01:38.3460000,00:01:40.1850000
3,12,8,10,1.0,00:01:45.4860000,00:01:45.0470000,00:01:47.3620000
3,13,16,18,0.0,00:01:24.1210000,NULL,NULL
3,14,11,3,0.0,00:01:47.3900000,00:01:46.1970000,00:01:48.3480000
3,15,5,7,4.0,00:01:31.2860000,00:01:31.4820000,NULL
3,16,-1,7,0.0,00:01:22.8280000,00:01:20.3680000,00:01:20.3260000
3,17,9,9,0.0,00:01:40.8420000,00:01:40.6610000,00:01:42.5830000
3,18,3,7,6.0,00:01:26.2950000,00:01:26.0590000,00:01:28.6870000
3,19,14,16,0.0,00:01:35.8430000,00:01:35.6700000,NULL
3,20,8,8,1.0,00:01:32.9030000,00:01:32.1850000,00:01:34.0150000
3,21,-1,15,0.0,00:01:21.4720000,00:01:21.3490000,NULL
3,22,8,11,1.0,00:01:27.3670000,00:01:27.0120000,NULL
3,23,-1,6,0.0,00:01:15.9350000,00:01:15.2870000,00:01:16.5480000
3,24,10,5,0.0,00:01:17.9910000,00:01:17.8910000,00:01:18.8440000
3,25,16,19,0.0,00:01:16.0850000,00:01:16.2350000,NULL
3,26,9,20,0.0,00:01:21.6680000,NULL,NULL
3,27,10,13,0.0,00:01:15.8630000,00:01:15.6330000,NULL
3,28,14,14,0.0,00:01:20.7480000,NULL,NULL
3,29,8,9,1.0,00:01:38.5950000,00:01:38.3360000,00:01:40.7210000
3,30,12,15,0.0,00:01:47.5030000,00:01:47.4290000,NULL
3,31,14,5,0.0,00:01:35.4850000,00:01:35.8980000,00:01:38.7670000
3,32,2,8,8.0,00:01:45.1030000,00:01:44.4290000,00:01:46.6110000
3,33,11,15,0.0,00:01:18.7400000,00:01:18.6720000,NULL
3,34,15,14,0.0,00:01:36.4340000,00:01:36.2100000,NULL
3,35,12,18,0.0,00:01:13.0020000,NULL,NULL
3,36,7,12,2.0,00:01:27.5960000,00:01:26.9140000,NULL
3,37,-1,6,0.0,00:01:35.7550000,00:01:35.3800000,00:01:36.8290000
3,38,10,10,0.0,00:01:33.3490000,00:01:32.8150000,00:01:34.3990000
3,39,6,11,3.0,00:01:21.9430000,00:01:21.9680000,NULL
3,40,12,5,0.0,00:01:16.8700000,00:01:16.1000000,00:01:16.4390000
3,41,10,7,0.0,00:01:17.0160000,00:01:16.1900000,00:01:16.9190000
3,43,9,9,0.0,00:01:16.0920000,00:01:15.3310000,00:01:16.3280000
3,44,12,17,0.0,00:01:21.2190000,NULL,NULL
3,45,-1,11,0.0,00:01:32.1170000,00:01:31.9780000,NULL
3,46,7,4,2.0,00:01:20.5470000,00:01:20.1880000,00:01:20.6320000
3,47,7,8,2.0,00:01:28.2750000,00:01:27.7500000,00:01:28.5010000
3,48,6,8,3.0,00:01:23.3330000,00:01:22.7480000,00:01:24.3820000
3,49,6,5,3.0,00:01:46.9500000,00:01:46.4690000,00:01:47.3340000
3,50,-1,16,0.0,00:01:26.5790000,00:01:25.8160000,00:01:26.7280000
3,51,16,15,0.0,00:01:37.1440000,00:01:37.4830000,NULL
3,52,4,10,5.0,00:01:13.7070000,00:01:12.7520000,00:01:13.4770000
3,53,7,12,2.0,00:01:32.9450000,00:01:32.6200000,NULL
3,54,-1,3,0.0,00:01:35.1050000,00:01:34.5630000,00:01:34.6260000
3,55,-1,14,0.0,00:01:28.3510000,00:01:29.4220000,NULL
3,56,11,13,0.0,00:01:24.4950000,00:01:23.9660000,NULL
3,57,7,22,2.0,00:01:32.0530000,00:01:31.1940000,NULL
3,58,11,13,0.0,00:01:17.2130000,00:01:15.8040000,NULL
3,59,-1,8,0.0,00:01:14.8880000,00:01:13.9090000,00:01:16.6360000
3,60,9,12,0.0,00:01:23.0830000,00:01:21.5670000,NULL
3,61,-1,6,0.0,00:01:16.4040000,00:01:15.2690000,00:01:16.0120000
3,63,14,18,0.0,00:01:16.5340000,00:01:15.9260000,00:01:18.2720000
3,64,-1,14,0.0,00:01:16.1830000,00:01:15.3800000,NULL
3,65,-1,18,0.0,00:01:22.0840000,NULL,NULL
3,66,-1,14,0.0,00:01:28.8890000,00:01:28.3860000,NULL
3,67,-1,12,0.0,00:01:22.5810000,00:01:22.2030000,NULL
3,68,11,15,0.0,00:01:47.5350000,00:01:47.4190000,NULL
3,69,10,10,0.0,00:01:30.5850000,00:01:30.3210000,00:01:31.8560000
3,70,-1,13,0.0,00:01:11.9740000,00:01:11.6790000,NULL
3,337,5,5,10.0,00:01:55.4630000,00:01:54.6820000,00:01:55.2410000
3,338,5,6,10.0,00:01:24.7880000,00:01:24.7880000,00:01:24.8840000
3,339,3,2,15.0,00:01:52.5600000,00:01:47.4170000,00:01:50.6730000
3,340,3,4,15.0,00:01:35.9520000,00:01:35.1340000,00:01:34.9230000
3,341,13,8,0.0,00:01:22.4190000,00:01:21.8670000,00:01:21.4080000
3,342,7,6,6.0,00:01:15.1880000,00:01:14.3750000,00:01:14.5440000
3,343,5,6,10.0,00:01:27.6490000,00:01:27.1410000,00:01:26.9520000
3,344,6,10,8.0,00:01:16.3500000,00:01:16.0010000,00:01:16.0710000
3,345,10,12,1.0,00:01:38.7520000,00:01:38.6270000,NULL
3,346,3,5,15.0,00:01:31.6260000,00:01:31.0850000,00:01:30.6250000
3,347,8,9,4.0,00:01:16.1780000,00:01:15.0180000,00:01:15.1790000
3,348,-1,6,0.0,00:01:21.2120000,00:01:20.8110000,00:01:21.0820000
3,349,6,14,8.0,00:01:54.8260000,00:01:47.8850000,NULL
3,350,5,7,10.0,00:01:23.5290000,00:01:23.0550000,00:01:23.0270000
3,351,5,7,10.0,00:01:48.5540000,00:01:46.7830000,00:01:46.4430000
3,352,-1,6,0.0,00:01:32.2380000,00:01:31.8860000,00:01:31.4940000
3,353,-1,5,0.0,00:01:37.7080000,00:01:36.7910000,00:01:36.5350000
3,354,6,13,8.0,00:01:20.1530000,00:01:19.4860000,NULL
3,355,4,9,12.0,00:01:40.2310000,00:01:40.0600000,00:01:40.5890000
3,841,-1,7,0.0,00:01:25.8560000,00:01:25.6060000,00:01:25.4210000
3,842,12,9,0.0,00:01:37.3160000,00:01:36.3880000,00:01:36.8090000
3,843,5,4,10.0,00:01:35.2720000,00:01:35.8500000,00:01:34.6700000
3,844,5,3,10.0,00:01:27.5140000,00:01:25.8010000,00:01:25.5740000
3,845,7,7,6.0,00:01:23.5070000,00:01:22.5690000,00:01:22.5990000
3,846,11,7,0.0,00:01:15.8580000,00:01:14.7410000,00:01:15.7660000
3,847,11,6,0.0,00:01:14.9200000,00:01:13.9500000,00:01:13.8140000
3,848,7,7,6.0,00:01:39.2660000,00:01:38.3730000,00:01:38.2310000
3,849,6,9,8.0,00:01:34.1860000,00:01:32.2950000,00:01:32.2090000
3,850,7,6,6.0,00:01:32.7850000,00:01:31.3430000,00:01:31.2630000
3,851,9,7,2.0,00:01:22.9960000,00:01:21.2430000,00:01:21.0980000
3,852,6,5,8.0,00:02:05.0910000,00:02:03.7230000,00:01:50.5520000
3,853,-1,9,0.0,00:01:24.5500000,00:01:23.3350000,00:01:24.4770000
3,854,7,7,6.0,00:01:47.6880000,00:01:46.4050000,00:01:46.0130000
3,855,10,23,1.0,NULL,NULL,NULL
3,856,8,7,4.0,00:01:38.4260000,00:01:37.8920000,00:01:37.7540000
3,857,6,7,8.0,00:01:26.3640000,00:01:25.5550000,00:01:25.4510000
3,858,6,7,8.0,00:01:41.1200000,00:01:39.4200000,00:01:39.7730000
3,859,7,6,6.0,00:01:14.0830000,00:01:12.5690000,00:01:13.0500000
3,860,12,7,0.0,00:01:26.7630000,00:01:25.4690000,00:01:25.6860000
3,861,13,7,0.0,00:01:37.6960000,00:01:36.9960000,00:01:36.6640000
3,862,1,1,25.0,00:01:36.8750000,00:01:35.7250000,00:01:35.1210000
3,863,5,5,10.0,00:01:34.5880000,00:01:33.2190000,00:01:32.8210000
3,864,7,6,6.0,00:01:23.3700000,00:01:22.8820000,00:01:23.0050000
3,865,2,2,18.0,00:01:15.9000000,00:01:15.0220000,00:01:14.4480000
3,866,6,5,8.0,00:01:15.0980000,00:01:14.5680000,00:01:14.4110000
3,867,6,6,8.0,00:01:39.0610000,00:01:38.5040000,00:01:38.6230000
3,868,15,11,0.0,00:01:47.7240000,00:01:57.1080000,NULL
3,869,10,21,1.0,00:01:15.9880000,00:01:41.5510000,NULL
3,870,10,13,1.0,00:01:22.0790000,00:01:21.8950000,NULL
3,871,11,23,0.0,00:01:50.1810000,NULL,NULL
3,872,7,6,6.0,00:01:24.6890000,00:01:24.5150000,00:01:24.8330000
3,873,5,10,10.0,00:01:49.4630000,00:01:47.9430000,NULL
3,874,-1,13,0.0,00:01:33.0150000,00:01:32.6250000,NULL
3,875,-1,9,0.0,00:01:38.9990000,00:01:38.4170000,00:01:38.3610000
3,876,11,10,0.0,00:01:26.4580000,00:01:25.9760000,NULL
3,877,-1,7,0.0,00:01:41.9260000,00:01:41.6980000,00:01:41.6030000
3,879,15,9,0.0,00:01:15.9290000,00:01:13.8480000,00:01:13.4890000
3,880,-1,6,0.0,00:01:43.3800000,00:01:36.1940000,00:01:28.5230000
3,881,4,6,12.0,00:01:37.2390000,00:01:36.1900000,00:01:52.5190000
3,882,-1,4,0.0,00:01:35.9590000,00:01:35.5370000,00:01:34.8610000
3,883,9,1,2.0,00:01:33.3640000,00:01:32.8670000,00:01:32.3300000
3,884,6,1,8.0,00:01:21.9130000,00:01:21.7760000,00:01:20.7180000
3,885,1,1,25.0,00:01:24.6200000,00:01:16.1350000,00:01:13.8760000
3,886,5,4,10.0,00:01:23.8400000,00:01:28.4200000,00:01:26.0080000
3,887,1,2,25.0,00:01:31.3550000,00:01:31.0280000,00:01:30.0590000
3,888,9,11,2.0,00:01:31.3220000,00:01:30.3260000,NULL
3,890,19,4,0.0,00:01:20.3500000,00:01:19.7780000,00:01:19.7200000
3,891,4,4,12.0,00:02:01.0990000,00:01:48.5520000,00:02:02.2510000
3,892,6,6,8.0,00:01:24.5270000,00:01:24.3930000,00:01:24.1920000
3,893,4,2,12.0,00:01:45.2080000,00:01:43.8920000,00:01:42.9320000
3,894,7,4,6.0,00:01:38.4180000,00:01:38.0310000,00:01:37.6790000
3,895,8,6,4.0,00:01:32.2440000,00:01:31.7640000,00:01:31.3970000
3,896,2,2,18.0,00:01:25.8330000,00:01:25.3040000,00:01:24.8710000
3,897,3,3,15.0,00:01:41.4200000,00:01:40.4730000,00:01:40.4190000
3,899,5,2,10.0,00:01:25.5560000,00:01:26.6260000,00:01:27.1020000
3,900,1,3,25.0,00:01:32.5640000,00:01:42.2640000,00:01:44.5950000
3,901,2,3,18.0,00:01:57.1830000,00:01:59.4450000,00:02:00.0500000
3,902,2,1,18.0,00:01:35.4390000,00:01:33.7080000,00:01:33.1850000
3,903,2,4,18.0,00:01:56.0580000,00:01:55.2940000,00:01:55.1430000
3,904,2,2,18.0,00:01:26.7640000,00:01:26.0880000,00:01:25.4000000
3,905,1,1,25.0,00:01:17.6780000,00:01:16.4650000,00:01:15.9890000
3,906,2,1,18.0,00:01:16.4710000,00:01:15.2890000,00:01:14.8740000
3,907,1,3,25.0,00:01:09.6950000,00:01:08.9740000,00:01:08.9440000
3,908,-1,1,0.0,00:01:40.3800000,00:01:35.1790000,00:01:35.7660000
3,909,1,1,25.0,00:01:17.6310000,00:01:17.1090000,00:01:16.5400000
3,910,4,1,12.0,00:01:25.2270000,00:01:23.3100000,00:01:22.7150000
3,911,2,1,18.0,00:02:07.1300000,00:02:06.7230000,00:02:05.5910000
3,912,2,2,18.0,00:01:25.4930000,00:01:24.6000000,00:01:24.3830000
3,913,-1,2,0.0,00:01:47.2440000,00:01:45.8250000,00:01:45.6880000
3,914,2,1,18.0,00:01:33.6710000,00:01:32.9500000,00:01:32.5060000
3,915,2,2,18.0,00:01:39.0760000,00:01:38.6060000,00:01:38.7130000
3,917,1,1,25.0,00:01:10.3470000,00:01:10.3030000,00:01:10.0230000
3,918,14,1,0.0,00:01:41.3080000,00:01:41.4590000,00:01:40.4800000
3,926,2,2,18.0,00:01:28.9060000,00:01:27.0970000,00:01:26.9210000
3,927,3,3,15.0,00:01:39.3740000,00:01:39.3770000,00:01:50.2990000
3,928,2,2,18.0,00:01:38.4960000,00:01:36.7470000,00:01:35.8280000
3,929,3,3,15.0,00:01:34.3980000,00:01:33.8780000,00:01:33.1290000
3,930,1,1,25.0,00:01:26.4900000,00:01:25.1660000,00:01:24.6810000
3,931,1,2,25.0,00:01:16.5280000,00:01:15.4710000,00:01:15.4400000
3,932,2,2,18.0,00:01:15.8930000,00:01:14.6730000,00:01:14.7020000
3,933,1,2,25.0,00:01:10.9760000,00:01:08.6340000,00:01:08.6550000
3,934,2,2,18.0,00:01:33.4750000,00:01:32.7370000,00:01:32.3610000
3,936,8,2,4.0,00:01:22.9790000,00:01:22.7750000,00:01:22.5950000
3,937,2,2,18.0,00:01:48.9230000,00:01:47.9550000,00:01:47.6550000
3,938,17,4,0.0,00:01:24.6090000,00:01:23.8640000,00:01:23.7030000
3,939,4,6,12.0,00:01:46.2010000,00:01:45.6530000,00:01:45.4150000
3,940,2,1,18.0,00:01:33.0150000,00:01:32.6320000,00:01:32.5840000
3,941,-1,1,0.0,00:01:38.3430000,00:01:37.5000000,00:01:37.1130000
3,943,1,1,25.0,00:01:20.4360000,00:01:20.0530000,00:01:19.4800000
3,944,1,1,25.0,00:01:11.7460000,00:01:12.2130000,00:01:11.2820000
3,945,1,1,25.0,00:01:41.1110000,00:01:40.9790000,00:01:40.2370000
3,948,1,2,25.0,00:01:26.9340000,00:01:24.7960000,00:01:24.1970000
3,949,1,2,25.0,00:01:31.3250000,00:01:30.5350000,00:01:29.5700000
3,950,1,1,25.0,00:01:37.6690000,00:01:36.2400000,00:01:35.4020000
3,951,1,1,25.0,00:01:36.1190000,00:01:35.3370000,00:01:35.4170000
3,952,-1,2,0.0,00:01:23.0020000,00:01:22.7590000,00:01:22.2800000
3,953,7,2,6.0,00:01:14.8730000,00:01:14.0430000,00:01:13.7910000
3,954,5,2,10.0,00:01:13.7140000,00:01:13.0940000,00:01:12.8740000
3,955,1,1,25.0,00:01:43.6850000,00:01:42.5200000,00:01:42.7580000
3,956,4,6,12.0,00:01:06.5160000,00:01:06.4030000,00:01:08.4650000
3,957,3,2,15.0,00:01:30.7240000,00:01:29.9700000,00:01:29.6060000
3,958,2,1,18.0,00:01:33.3020000,00:01:22.8060000,00:01:19.9650000
3,959,4,1,12.0,00:01:15.4850000,00:01:14.8390000,00:01:14.3630000
3,960,1,1,25.0,00:01:48.0190000,00:01:46.9990000,00:01:46.7440000
3,961,1,2,25.0,00:01:22.4970000,00:01:21.8090000,00:01:21.6130000
3,962,1,1,25.0,00:01:45.3160000,00:01:43.0200000,00:01:42.5840000
3,963,3,2,15.0,00:01:34.4600000,00:01:33.6090000,00:01:33.2640000
3,964,1,1,25.0,00:01:31.8580000,00:01:30.7140000,00:01:30.6470000
3,966,2,2,18.0,00:01:19.9960000,00:01:19.7610000,00:01:18.9580000
3,967,2,2,18.0,00:01:11.8150000,00:01:11.3730000,00:01:10.8380000
3,968,2,2,18.0,00:01:40.5110000,00:01:39.4900000,00:01:39.0580000
4,1,5,10,4.0,00:01:26.0260000,00:01:25.6050000,NULL
4,2,11,9,0.0,00:01:35.2600000,00:01:34.7060000,00:01:37.6590000
4,3,9,2,0.0,00:01:36.4430000,00:01:35.8030000,00:01:36.3810000
4,4,8,7,1.0,00:01:33.6270000,00:01:32.8600000,00:01:34.5780000
4,5,5,8,4.0,00:01:21.1860000,00:01:20.5090000,00:01:21.3920000
4,6,7,9,2.0,00:01:15.8980000,00:01:15.2000000,00:01:16.0090000
4,7,10,8,0.0,00:01:27.9880000,00:01:27.4730000,00:01:29.0750000
4,8,14,10,0.0,00:01:19.1670000,00:01:18.7610000,00:01:20.7410000
4,9,7,12,2.0,00:01:31.3020000,00:01:42.3180000,NULL
4,10,-1,1,0.0,00:01:21.3130000,00:01:20.8260000,00:01:21.5690000
4,11,6,8,3.0,00:01:39.1550000,00:01:38.7170000,00:01:40.2360000
4,12,-1,13,0.0,00:01:45.7070000,00:01:45.1360000,NULL
4,13,5,8,4.0,00:01:23.7080000,00:01:23.4970000,00:01:25.0720000
4,14,3,5,6.0,00:01:47.7570000,00:01:46.7670000,00:01:49.0540000
4,15,10,16,0.0,00:01:31.4010000,00:01:31.6380000,NULL
4,16,-1,10,0.0,00:01:24.8420000,00:01:21.6570000,00:01:21.4220000
4,17,14,15,0.0,00:01:41.6670000,NULL,NULL
4,18,4,11,5.0,00:01:26.9070000,00:01:26.1880000,NULL
4,19,8,7,1.0,00:01:35.9830000,00:01:35.1400000,00:01:38.4500000
4,20,10,10,0.0,00:01:32.9470000,00:01:32.3450000,00:01:35.1150000
4,21,-1,2,0.0,00:01:21.3470000,00:01:20.8040000,00:01:21.9040000
4,22,6,7,3.0,00:01:26.8360000,00:01:26.5220000,00:01:28.4220000
4,23,10,7,0.0,00:01:16.6460000,00:01:15.8270000,00:01:16.8520000
4,24,-1,4,0.0,00:01:17.4150000,00:01:17.4880000,00:01:18.7460000
4,25,8,3,1.0,00:01:15.7540000,00:01:15.4830000,00:01:16.8400000
4,26,6,6,3.0,00:01:20.9980000,00:01:19.9920000,00:01:22.0290000
4,27,11,5,0.0,00:01:15.9170000,00:01:14.9430000,00:01:16.3850000
4,28,4,7,5.0,00:01:20.2290000,00:01:19.8160000,00:01:21.6980000
4,29,-1,12,0.0,00:01:38.2680000,00:01:38.4350000,NULL
4,30,4,6,5.0,00:01:47.1540000,00:01:46.4910000,00:01:48.5040000
4,31,4,8,5.0,00:01:36.2970000,00:01:36.5180000,00:01:39.7510000
4,32,1,15,10.0,00:01:44.9710000,NULL,NULL
4,33,1,4,10.0,00:01:18.2900000,00:01:17.8710000,00:01:18.8520000
4,34,4,4,5.0,00:01:35.7690000,00:01:35.4610000,00:01:36.9270000
4,35,2,6,8.0,00:01:12.2140000,00:01:12.0900000,00:01:12.9670000
4,36,2,2,8.0,00:01:26.6970000,00:01:25.3260000,00:01:26.4930000
4,37,1,2,10.0,00:01:34.9420000,00:01:34.0570000,00:01:35.3100000
4,38,5,4,4.0,00:01:33.0490000,00:01:32.2140000,00:01:33.1920000
4,39,3,2,6.0,00:01:21.6090000,00:01:20.7970000,00:01:21.4510000
4,40,1,1,10.0,00:01:16.0590000,00:01:15.4310000,00:01:15.7260000
4,41,7,2,2.0,00:01:16.5620000,00:01:15.5220000,00:01:16.1630000
4,43,7,10,2.0,00:01:15.3220000,00:01:15.0840000,NULL
4,44,2,3,8.0,00:01:19.3300000,00:01:19.1520000,00:01:20.1470000
4,45,1,2,10.0,00:01:31.0740000,00:01:30.9830000,00:01:31.7410000
4,46,4,6,5.0,00:01:20.4250000,00:01:19.6610000,00:01:19.6740000
4,47,3,4,6.0,00:01:27.3280000,00:01:26.8410000,00:01:27.5740000
4,48,1,1,10.0,00:01:21.7180000,00:01:21.3560000,00:01:21.9970000
4,49,3,3,6.0,00:01:46.0580000,00:01:45.4420000,00:01:46.0910000
4,50,-1,2,0.0,00:01:25.3790000,00:01:24.8060000,00:01:25.4380000
4,51,2,4,8.0,00:01:35.8090000,00:01:35.8450000,00:01:36.5760000
4,52,3,4,6.0,00:01:12.8950000,00:01:12.6370000,00:01:12.3560000
4,53,1,4,10.0,00:01:32.4330000,00:01:31.2150000,00:01:31.7020000
4,54,2,7,8.0,00:01:35.5140000,00:01:33.9970000,00:01:35.7470000
4,55,1,3,10.0,00:01:28.5690000,00:01:25.7290000,00:01:25.7780000
4,56,2,5,8.0,00:01:23.5360000,00:01:23.7430000,00:01:23.7090000
4,57,2,1,8.0,00:01:31.1380000,00:01:30.3360000,00:01:29.8160000
4,58,1,1,10.0,00:01:15.8160000,00:01:15.1240000,00:01:14.6480000
4,59,1,1,10.0,00:01:14.2320000,00:01:13.6220000,00:01:13.9620000
4,60,1,1,10.0,00:01:21.0180000,00:01:20.2710000,00:01:20.2530000
4,61,1,1,10.0,00:01:15.3500000,00:01:14.7260000,00:01:14.9420000
4,63,2,3,8.0,00:01:16.3280000,00:01:15.7060000,00:01:15.7850000
4,64,5,7,4.0,00:01:15.5180000,00:01:14.7460000,00:01:15.2820000
4,65,-1,15,0.0,00:01:21.7920000,00:01:21.3640000,NULL
4,66,2,3,8.0,00:01:27.8610000,00:01:26.9170000,00:01:27.3210000
4,67,-1,10,0.0,00:01:21.7470000,00:01:21.5260000,00:01:25.6880000
4,68,2,1,8.0,00:01:44.1280000,00:01:43.9510000,00:01:44.3600000
4,69,1,5,10.0,00:01:30.9760000,00:01:30.3570000,00:01:30.3710000
4,70,2,4,8.0,00:01:11.7910000,00:01:11.1480000,00:01:11.5670000
4,71,3,13,6.0,00:01:47.7080000,00:01:29.7580000,NULL
4,72,1,1,10.0,00:01:32.5820000,00:01:35.0900000,NULL
4,73,1,1,10.0,00:01:29.8480000,00:01:32.0540000,NULL
4,74,1,2,10.0,00:01:19.8890000,00:01:23.5520000,NULL
4,75,2,3,8.0,00:01:14.8110000,00:01:16.8800000,NULL
4,76,4,2,5.0,00:01:14.1250000,00:01:16.2810000,NULL
4,77,1,6,10.0,00:01:31.0560000,NULL,NULL
4,78,-1,3,0.0,00:01:15.5610000,NULL,NULL
4,80,1,1,10.0,00:01:14.4120000,NULL,NULL
4,81,2,1,8.0,00:01:19.9050000,NULL,NULL
4,82,1,3,10.0,00:01:14.9040000,NULL,NULL
4,83,11,6,0.0,00:01:21.1410000,NULL,NULL
4,84,2,3,8.0,00:01:27.0500000,NULL,NULL
4,85,2,2,8.0,00:01:21.3190000,NULL,NULL
4,86,2,4,8.0,00:01:46.7600000,NULL,NULL
4,87,3,1,6.0,00:01:11.9880000,NULL,NULL
4,88,3,16,6.0,00:01:54.6670000,NULL,NULL
4,89,1,1,10.0,00:01:34.0800000,NULL,NULL
4,90,3,5,6.0,00:01:25.6990000,NULL,NULL
4,91,7,19,2.0,NULL,NULL,NULL
4,92,6,16,3.0,00:01:34.1300000,NULL,NULL
4,93,4,6,5.0,00:01:20.8950000,NULL,NULL
4,94,4,8,5.0,00:01:16.4220000,NULL,NULL
4,95,-1,3,0.0,00:01:14.4080000,NULL,NULL
4,96,5,6,4.0,00:01:29.3130000,NULL,NULL
4,97,-1,5,0.0,00:01:13.3080000,NULL,NULL
4,99,2,1,8.0,00:01:13.6980000,NULL,NULL
4,100,10,16,0.0,00:01:18.8110000,NULL,NULL
4,101,3,5,6.0,00:01:13.8740000,NULL,NULL
4,102,3,5,6.0,00:01:19.9960000,NULL,NULL
4,103,-1,3,0.0,00:01:56.6860000,NULL,NULL
4,104,-1,4,0.0,00:01:20.6450000,NULL,NULL
4,105,4,6,5.0,00:01:34.9170000,NULL,NULL
4,106,5,11,4.0,00:01:36.6630000,NULL,NULL
4,107,4,8,5.0,00:01:11.4540000,NULL,NULL
4,108,7,10,2.0,00:01:28.9280000,NULL,NULL
4,109,3,1,6.0,00:01:37.0440000,NULL,NULL
4,110,3,10,6.0,00:01:14.3840000,NULL,NULL
4,111,6,8,3.0,00:01:23.1690000,NULL,NULL
4,112,2,3,8.0,00:01:18.2330000,NULL,NULL
4,113,-1,19,0.0,00:01:20.1130000,NULL,NULL
4,114,5,8,4.0,00:01:15.8840000,NULL,NULL
4,115,4,4,5.0,00:01:16.0480000,NULL,NULL
4,116,4,8,5.0,00:01:32.4240000,NULL,NULL
4,117,-1,7,0.0,00:01:16.0870000,NULL,NULL
4,118,-1,8,0.0,00:01:22.4040000,NULL,NULL
4,119,4,8,5.0,00:01:16.4830000,NULL,NULL
4,120,1,1,10.0,00:01:21.6880000,NULL,NULL
4,121,8,20,1.0,00:01:40.4050000,NULL,NULL
4,123,-1,5,0.0,00:01:33.0440000,NULL,NULL
4,337,1,3,25.0,00:01:54.6120000,00:01:54.1720000,00:01:54.6080000
4,338,4,3,12.0,00:01:25.0820000,00:01:24.3350000,00:01:24.1110000
4,339,13,19,0.0,00:01:53.0440000,NULL,NULL
4,340,4,3,12.0,00:01:35.9870000,00:01:35.2350000,00:01:34.9130000
4,341,2,4,18.0,00:01:21.9570000,00:01:21.5490000,00:01:20.9370000
4,342,6,24,8.0,NULL,NULL,NULL
4,343,8,12,4.0,00:01:27.8570000,00:01:27.6120000,NULL
4,344,3,3,15.0,00:01:16.1710000,00:01:15.5970000,00:01:15.4350000
4,345,8,4,4.0,00:01:38.4720000,00:01:38.1790000,00:01:38.0750000
4,346,14,3,0.0,00:01:30.9970000,00:01:30.7000000,00:01:30.4260000
4,347,1,2,25.0,00:01:14.8080000,00:01:14.0810000,00:01:13.7930000
4,348,2,3,18.0,00:01:21.2780000,00:01:20.2370000,00:01:19.9870000
4,349,-1,10,0.0,00:01:57.0230000,00:01:47.5440000,00:01:47.4410000
4,350,1,1,25.0,00:01:22.6460000,00:01:22.2970000,00:01:21.9620000
4,351,1,1,25.0,00:01:46.5410000,00:01:45.8090000,00:01:45.3900000
4,352,3,4,15.0,00:01:32.5550000,00:01:31.8190000,00:01:31.3520000
4,353,1,3,25.0,00:01:37.1440000,00:01:36.2870000,00:01:35.7660000
4,354,3,5,15.0,00:01:18.9870000,00:01:19.0100000,00:01:15.9890000
4,355,7,3,6.0,00:01:40.1700000,00:01:40.3110000,00:01:39.7920000
4,841,4,5,12.0,00:01:25.7070000,00:01:25.2420000,00:01:24.9740000
4,842,6,5,8.0,00:01:36.8970000,00:01:36.3200000,00:01:35.8020000
4,843,7,5,6.0,00:01:35.3890000,00:01:35.1650000,00:01:35.1190000
4,844,3,5,15.0,00:01:27.3490000,00:01:26.1520000,00:01:25.8510000
4,845,5,4,10.0,00:01:23.4850000,00:01:22.8130000,00:01:21.9640000
4,846,2,4,18.0,00:01:16.0510000,00:01:14.5690000,00:01:14.4830000
4,847,-1,2,0.0,00:01:13.8220000,00:01:13.6720000,00:01:13.1990000
4,848,2,4,18.0,00:01:39.7250000,00:01:37.9300000,00:01:37.4540000
4,849,1,3,25.0,00:01:32.9860000,00:01:31.7270000,00:01:30.5160000
4,850,2,4,18.0,00:01:32.9160000,00:01:31.1500000,00:01:30.4420000
4,851,3,5,15.0,00:01:21.5780000,00:01:20.2620000,00:01:20.3650000
4,852,4,8,12.0,00:02:04.4500000,00:02:02.7680000,00:01:51.2510000
4,853,3,4,15.0,00:01:24.1340000,00:01:23.3420000,00:01:22.8410000
4,854,4,5,12.0,00:01:47.0540000,00:01:45.7790000,00:01:44.8740000
4,855,2,5,18.0,00:01:32.8170000,00:01:31.6120000,00:01:30.8860000
4,856,5,6,10.0,00:01:38.3930000,00:01:37.3520000,00:01:36.9800000
4,857,3,3,15.0,00:01:26.7740000,00:01:25.1580000,00:01:24.5190000
4,858,2,5,18.0,00:01:41.3800000,00:01:39.0580000,00:01:39.0580000
4,859,4,5,12.0,00:01:13.9690000,00:01:12.8700000,00:01:12.5910000
4,860,5,12,10.0,00:01:26.6880000,00:01:26.4940000,NULL
4,861,1,8,25.0,00:01:38.1510000,00:01:37.3790000,00:01:37.5660000
4,862,9,9,2.0,00:01:36.2920000,00:01:35.9820000,00:01:36.6220000
4,863,7,9,6.0,00:01:34.7600000,00:01:33.4030000,NULL
4,864,2,2,18.0,00:01:23.2760000,00:01:22.8620000,00:01:22.3020000
4,865,3,5,15.0,00:01:16.1530000,00:01:15.1280000,00:01:14.9480000
4,866,5,3,10.0,00:01:14.9160000,00:01:14.3140000,00:01:14.1510000
4,867,1,11,25.0,00:01:39.4090000,00:01:38.7070000,NULL
4,868,2,1,18.0,00:01:46.5150000,00:01:56.9210000,00:01:51.7460000
4,869,1,1,25.0,00:01:16.0730000,00:01:38.5210000,00:01:40.6210000
4,870,5,6,10.0,00:01:22.0950000,00:01:21.5980000,00:01:21.8440000
4,871,-1,5,0.0,00:01:49.4010000,00:01:48.5980000,00:01:48.3130000
4,872,3,10,15.0,00:01:24.1750000,00:01:24.2420000,00:01:25.6780000
4,873,3,5,15.0,00:01:49.3910000,00:01:47.5670000,00:01:47.2160000
4,874,-1,6,0.0,00:01:32.4590000,00:01:31.8330000,00:01:32.1140000
4,875,3,4,15.0,00:01:39.1440000,00:01:37.9870000,00:01:37.5340000
4,876,2,5,18.0,00:01:26.8290000,00:01:25.8340000,00:01:25.7730000
4,877,2,6,18.0,00:01:41.9390000,00:01:41.5140000,00:01:41.5820000
4,879,2,7,18.0,00:01:16.0970000,00:01:13.8560000,00:01:13.2530000
4,880,2,5,18.0,00:01:43.8500000,00:01:36.6910000,00:01:28.4930000
4,881,-1,3,0.0,00:01:37.3140000,00:01:36.8770000,00:01:50.7270000
4,882,1,3,25.0,00:01:36.2530000,00:01:35.1480000,00:01:34.7880000
4,883,8,3,4.0,00:01:32.8780000,00:01:33.3160000,00:01:32.6670000
4,884,1,5,25.0,00:01:22.2640000,00:01:21.6460000,00:01:21.2180000
4,885,7,6,6.0,00:01:23.7120000,00:01:16.5100000,00:01:14.8240000
4,886,2,6,18.0,00:01:23.2240000,00:01:28.7880000,00:01:26.5040000
4,887,3,9,15.0,00:01:32.2660000,00:01:31.3870000,00:01:30.9790000
4,888,4,8,12.0,00:01:30.7090000,00:01:29.9620000,00:01:31.2090000
4,890,5,5,10.0,00:01:20.6520000,00:01:20.1830000,00:01:19.7910000
4,891,2,9,18.0,00:02:00.1900000,00:01:48.3090000,00:02:03.4820000
4,892,2,5,18.0,00:01:24.6610000,00:01:24.2270000,00:01:24.1420000
4,893,2,7,18.0,00:01:45.1150000,00:01:44.1530000,00:01:43.9380000
4,894,6,5,8.0,00:01:38.5200000,00:01:37.9780000,00:01:38.0380000
4,895,4,8,12.0,00:01:32.3710000,00:01:31.8280000,00:01:31.6650000
4,896,11,8,0.0,00:01:25.9340000,00:01:24.8850000,00:01:25.8260000
4,897,5,10,10.0,00:01:41.3970000,00:01:41.0930000,NULL
4,899,3,3,15.0,00:01:26.6560000,00:01:26.5900000,00:01:27.5390000
4,900,4,5,12.0,00:01:31.3880000,00:01:42.8050000,00:01:45.8190000
4,901,4,4,12.0,00:01:58.8890000,00:02:01.3560000,00:02:00.1750000
4,902,9,9,2.0,00:01:35.2510000,00:01:34.7230000,00:01:34.9920000
4,903,3,5,15.0,00:01:56.9610000,00:01:55.7650000,00:01:55.6370000
4,904,6,7,8.0,00:01:28.3290000,00:01:27.6020000,00:01:27.1400000
4,905,4,5,12.0,00:01:17.8530000,00:01:17.2000000,00:01:16.6860000
4,906,6,7,8.0,00:01:17.0100000,00:01:16.1310000,00:01:15.8140000
4,907,5,4,10.0,00:01:10.4050000,00:01:09.4790000,00:01:09.2850000
4,908,6,16,8.0,00:01:45.9350000,NULL,NULL
4,909,5,7,10.0,00:01:18.3890000,00:01:17.8660000,00:01:17.6490000
4,910,2,5,18.0,00:01:26.0870000,00:01:24.2490000,00:01:23.9090000
4,911,7,4,6.0,00:02:10.1970000,00:02:08.4500000,00:02:07.7860000
4,912,-1,7,0.0,00:01:26.5140000,00:01:25.5250000,00:01:25.4300000
4,913,4,5,12.0,00:01:46.8890000,00:01:46.3280000,00:01:45.9070000
4,914,-1,5,0.0,00:01:34.4970000,00:01:33.6750000,00:01:33.7400000
4,915,6,7,8.0,00:01:40.2550000,00:01:39.7860000,00:01:39.7090000
4,917,6,8,8.0,00:01:11.5580000,00:01:11.2150000,00:01:10.9770000
4,918,9,8,4.0,00:01:42.4670000,00:01:41.9400000,00:01:42.8660000
4,927,-1,18,0.0,00:01:41.7460000,NULL,NULL
4,928,12,18,0.0,00:01:39.2800000,NULL,NULL
4,929,11,14,0.0,00:01:35.2050000,00:01:35.0390000,NULL
4,930,-1,13,0.0,00:01:27.9410000,00:01:27.7600000,NULL
4,931,-1,13,0.0,00:01:17.7780000,00:01:26.6320000,NULL
4,932,-1,13,0.0,00:01:17.0120000,00:01:16.2760000,NULL
4,933,-1,19,0.0,00:01:12.5080000,00:01:10.7360000,NULL
4,934,10,17,1.0,00:01:34.9590000,NULL,NULL
4,936,5,15,10.0,00:01:24.5630000,NULL,NULL
4,937,13,20,0.0,00:01:51.4200000,NULL,NULL
4,938,18,16,0.0,00:01:26.1540000,NULL,NULL
4,939,-1,12,0.0,00:01:46.6000000,00:01:46.3280000,NULL
4,940,11,12,0.0,00:01:35.4670000,00:01:34.7850000,NULL
4,941,11,19,0.0,00:01:40.1440000,NULL,NULL
4,943,-1,18,0.0,00:01:21.7790000,NULL,NULL
4,944,15,20,0.0,NULL,NULL,NULL
4,945,17,16,0.0,00:01:43.1870000,NULL,NULL
4,948,-1,11,0.0,00:01:26.5370000,00:01:26.1250000,NULL
4,950,12,11,0.0,00:01:38.4510000,00:01:38.8260000,NULL
4,951,6,14,8.0,00:01:37.9710000,00:01:37.8070000,NULL
4,952,-1,10,0.0,00:01:24.5780000,00:01:24.1920000,00:01:23.9810000
4,953,5,9,10.0,00:01:15.5040000,00:01:15.1070000,00:01:15.3630000
4,954,11,10,0.0,00:01:15.0260000,00:01:14.2600000,00:01:14.3380000
4,955,-1,13,0.0,00:01:45.5250000,00:01:45.2700000,NULL
4,956,18,14,0.0,00:01:07.6710000,00:01:08.1540000,NULL
4,957,13,9,0.0,00:01:32.2810000,00:01:31.7400000,00:01:32.3430000
4,958,7,7,6.0,00:01:35.1650000,00:01:23.8160000,00:01:21.2110000
4,959,12,13,0.0,00:01:16.3380000,00:01:16.0410000,NULL
4,961,14,12,0.0,00:01:23.7830000,00:01:23.2730000,NULL
4,962,7,9,6.0,00:01:45.3730000,00:01:44.6530000,00:01:44.5530000
4,963,7,22,6.0,00:01:37.1550000,NULL,NULL
4,964,16,15,0.0,00:01:32.8190000,00:01:32.6890000,NULL
4,966,13,11,0.0,00:01:20.5520000,00:01:20.2820000,NULL
4,967,10,10,1.0,00:01:12.7000000,00:01:12.3120000,00:01:12.2660000
4,968,10,9,1.0,00:01:41.6160000,00:01:41.0440000,00:01:41.1060000
4,969,-1,12,0.0,00:01:25.8720000,00:01:25.4250000,NULL
4,970,-1,13,0.0,00:01:34.4990000,00:01:34.3720000,NULL
4,971,14,15,0.0,00:01:32.0540000,NULL,NULL
4,972,-1,15,0.0,00:01:36.3530000,00:01:36.6600000,NULL
4,973,12,7,0.0,00:01:22.0150000,00:01:21.2510000,00:01:21.0480000
4,975,16,12,0.0,00:01:13.6690000,00:01:13.6930000,NULL
4,976,9,19,2.0,00:01:44.3340000,NULL,NULL
4,977,-1,12,0.0,00:01:06.1580000,00:01:05.6020000,NULL
4,978,-1,20,0.0,00:01:37.5980000,00:01:30.6000000,NULL
4,979,6,7,8.0,00:01:18.3950000,00:01:17.9190000,00:01:17.5490000
4,980,-1,10,0.0,00:01:45.6680000,00:01:45.0900000,NULL
4,981,17,19,0.0,00:01:39.1340000,00:01:38.2020000,NULL
4,982,-1,8,0.0,00:01:42.0860000,00:01:41.4420000,00:01:41.1790000
4,983,11,10,0.0,00:01:33.0490000,00:01:32.0100000,00:01:31.7040000
4,984,11,20,0.0,00:01:30.5250000,00:01:29.7490000,00:01:30.6870000
4,986,10,18,1.0,00:01:17.7100000,NULL,NULL
4,987,8,6,4.0,00:01:10.1720000,00:01:09.5930000,00:01:09.6170000
4,988,9,11,2.0,00:01:38.8200000,00:01:38.6360000,NULL
4,989,5,10,10.0,00:01:23.5970000,00:01:23.6920000,NULL
4,990,7,13,6.0,00:01:30.5300000,00:01:30.2120000,NULL
4,991,7,13,6.0,00:01:33.4280000,00:01:33.2320000,NULL
4,992,7,12,6.0,00:01:44.0100000,00:01:44.0190000,NULL
4,993,8,8,4.0,00:01:18.2760000,00:01:18.1000000,00:01:17.7210000
4,994,-1,7,0.0,00:01:12.6570000,00:01:12.2690000,00:01:12.1100000
4,995,-1,14,0.0,00:01:12.9790000,00:01:12.8560000,NULL
4,996,16,16,0.0,00:01:32.9760000,NULL,NULL
4,997,8,13,4.0,00:01:04.9650000,00:01:05.0580000,NULL
4,998,8,13,4.0,00:01:28.1870000,00:01:28.1390000,NULL
4,999,16,11,0.0,00:01:13.6140000,00:01:13.6570000,NULL
4,1000,8,11,4.0,00:01:18.2080000,00:01:35.2140000,NULL
4,1001,-1,15,0.0,00:01:44.9170000,NULL,NULL
4,1002,-1,13,0.0,00:01:21.8500000,00:01:22.5680000,NULL
4,1003,7,11,6.0,00:01:39.0220000,00:01:38.6410000,NULL
4,1004,14,16,0.0,00:01:35.5040000,NULL,NULL
4,1005,14,18,0.0,00:01:30.5730000,NULL,NULL
4,1007,-1,12,0.0,00:01:16.8570000,00:01:16.8710000,NULL
4,1008,17,17,0.0,00:01:09.4020000,NULL,NULL
4,1009,11,15,0.0,00:01:37.8900000,00:01:37.7430000,NULL
4,1051,3,3,15.0,00:01:22.4220000,00:01:21.8940000,00:01:21.6700000
4,1052,-1,9,0.0,00:01:30.8630000,00:01:30.5950000,00:01:30.2490000
4,1053,10,15,1.0,00:01:15.8320000,00:01:15.5930000,NULL
4,1054,8,13,4.0,00:01:19.7280000,00:01:19.4560000,NULL
4,1055,17,10,0.0,00:01:18.2810000,00:01:17.9660000,00:01:18.1470000
4,1056,13,17,0.0,00:01:12.2050000,NULL,NULL
4,1057,6,8,8.0,00:01:42.9340000,00:01:42.1950000,00:01:42.3270000
4,1058,9,8,2.0,00:01:04.9710000,00:01:04.5820000,00:01:04.5740000
4,1059,8,9,4.0,00:01:32.1580000,00:01:31.5490000,00:01:31.3400000
4,1060,10,14,1.0,00:01:04.4720000,00:01:04.8560000,NULL
4,1061,7,7,6.0,00:01:27.5800000,00:01:27.2450000,NULL
4,1062,4,9,12.0,00:01:17.1230000,00:01:16.5410000,00:01:16.7150000
4,1063,11,12,0.0,00:02:01.6530000,00:01:58.2050000,NULL
4,1064,6,9,8.0,00:01:10.4350000,00:01:10.0200000,00:01:09.9560000
4,1065,8,10,4.0,00:01:21.4870000,00:01:21.0690000,NULL
4,1066,6,6,8.0,00:01:47.8770000,00:01:45.5140000,00:01:44.2040000
4,1067,16,5,0.0,00:01:25.1740000,00:01:23.9140000,00:01:23.4770000
4,1070,9,12,2.0,00:01:18.4520000,NULL,NULL
4,1071,9,12,2.0,00:01:09.3910000,00:01:09.1370000,00:01:09.1130000
4,1072,13,13,0.0,00:01:28.9440000,00:01:28.9200000,NULL
4,1073,8,11,4.0,00:01:23.8460000,00:01:23.4600000,NULL
4,1074,9,8,2.0,00:01:32.3460000,00:01:31.6210000,00:01:32.1950000
4,1075,-1,7,0.0,00:01:29.9780000,00:01:29.2950000,00:01:29.1470000
4,1076,17,10,0.0,00:01:19.1920000,00:01:18.8150000,NULL
4,1077,-1,9,0.0,00:01:20.1980000,00:01:19.5950000,00:01:29.2020000
4,1079,9,20,2.0,00:01:21.0430000,NULL,NULL
4,1080,7,7,6.0,00:01:13.3940000,00:01:12.6880000,00:01:12.2470000
4,1081,7,10,6.0,00:01:44.0830000,00:01:43.3600000,00:01:43.1730000
4,1082,9,2,2.0,00:01:32.2770000,00:01:24.8480000,00:01:21.9440000
4,1083,5,7,10.0,00:01:41.5980000,00:01:42.2090000,00:01:42.1160000
4,1084,10,19,1.0,00:01:06.0160000,00:01:06.0820000,00:01:06.1030000
4,1085,6,7,8.0,00:01:32.8190000,00:01:32.6310000,00:01:32.5520000
4,1086,8,6,4.0,00:01:18.7160000,00:01:17.9040000,00:01:18.0780000
4,1087,5,3,10.0,00:01:46.0750000,00:01:45.5520000,00:01:45.3680000
4,1088,6,13,8.0,00:01:11.6670000,00:01:11.6130000,NULL
4,1089,-1,6,0.0,00:01:22.0890000,00:01:21.8610000,NULL
4,1091,-1,5,0.0,00:01:55.3600000,00:01:53.1270000,00:01:49.9660000
4,1092,7,7,6.0,00:01:30.6030000,00:01:30.3430000,00:01:30.3220000
4,1094,19,9,0.0,00:01:20.0060000,00:01:19.2720000,00:01:18.9390000
4,1095,5,17,10.0,00:01:13.5420000,00:01:11.3940000,00:01:12.5040000
4,1096,-1,10,0.0,00:01:25.7820000,00:01:25.0960000,NULL
4,1098,3,5,15.0,00:01:31.1580000,00:01:30.6450000,00:01:30.3360000
4,1099,3,2,15.0,00:01:29.2980000,00:01:28.7570000,00:01:28.7300000
4,1100,3,4,15.0,00:01:17.8320000,00:01:17.2830000,00:01:17.1390000
4,1101,4,6,12.0,00:01:41.7200000,00:01:41.3700000,00:01:41.2530000
4,1104,2,2,18.0,00:01:12.8860000,00:01:12.1070000,00:01:11.4490000
4,1105,7,8,6.0,00:01:13.7470000,00:01:13.0980000,00:01:13.5070000
4,1106,2,2,18.0,00:01:21.4810000,00:01:19.7760000,00:01:27.2860000
4,1107,5,7,10.0,00:01:05.6550000,00:01:05.1810000,00:01:04.9110000
4,1108,7,9,6.0,00:01:29.9490000,00:01:28.3680000,00:01:27.6590000
4,1109,9,8,2.0,00:01:18.5800000,00:01:17.7010000,00:01:17.0350000
4,1110,5,9,10.0,00:01:58.8340000,00:01:52.7510000,00:01:47.8430000
4,1111,2,5,19.0,00:01:21.8400000,00:01:19.4290000,00:01:11.5060000
4,1112,9,10,2.0,00:01:22.0430000,00:01:21.5430000,00:01:21.4170000
4,1113,15,7,0.0,00:01:32.5840000,00:01:31.8350000,00:01:31.6150000
4,1114,8,10,4.0,00:01:30.9710000,00:01:30.4650000,00:01:30.5600000
4,1115,6,4,8.0,00:01:25.2230000,00:01:25.2410000,00:01:24.3690000
4,1117,-1,13,0.0,00:01:18.8480000,00:01:18.7380000,NULL
4,1118,3,4,15.0,00:01:10.5570000,00:01:10.2370000,00:01:11.3870000
4,1119,9,9,2.0,00:01:34.4220000,00:01:33.6170000,00:01:33.5550000
4,1120,7,7,6.0,00:01:24.5010000,00:01:24.1310000,00:01:24.0840000
4,1121,9,6,2.0,00:01:30.1790000,00:01:29.8010000,00:01:29.5420000
4,1122,5,4,10.0,00:01:28.7060000,00:01:28.1220000,00:01:27.8460000
4,1123,8,10,4.0,00:01:16.9910000,00:01:16.7100000,00:01:17.5520000
4,1124,6,5,8.0,00:01:29.2540000,00:01:29.0820000,00:01:28.6860000
4,1125,7,3,7.0,00:01:35.1160000,00:01:34.6520000,00:01:34.1480000
4,1127,19,20,0.0,00:01:16.9170000,NULL,NULL
4,1128,11,14,0.0,00:01:12.0190000,NULL,NULL
4,1129,6,6,8.0,00:01:13.1170000,00:01:12.6350000,00:01:12.2280000
4,1130,12,10,0.0,00:01:12.5050000,00:01:12.1280000,NULL
4,1131,18,15,0.0,00:01:05.6560000,00:01:05.6390000,NULL
4,1132,8,10,4.0,00:01:31.2640000,00:01:26.7300000,00:01:26.9170000
4,1133,11,7,0.0,00:01:17.6240000,00:01:16.1170000,00:01:16.0430000
4,1134,8,8,4.0,00:01:55.4890000,00:01:54.2580000,00:01:54.7650000
4,1135,10,7,1.0,00:01:11.4930000,00:01:10.8450000,00:01:10.6330000
4,1136,11,11,0.0,00:01:20.6170000,00:01:20.4210000,NULL
4,1137,6,7,8.0,00:01:43.4720000,00:01:42.4260000,00:01:42.3690000
4,1138,8,7,4.0,00:01:30.6840000,00:01:30.4500000,00:01:30.2140000
4,1140,-1,13,0.0,00:01:17.3070000,00:01:17.1680000,NULL
4,1141,14,9,0.0,00:01:30.2070000,00:01:25.0350000,00:01:28.9980000
4,1142,11,16,0.0,00:01:34.2580000,NULL,NULL
4,1143,7,8,6.0,00:01:21.6080000,00:01:21.2080000,00:01:21.2510000
4,1144,9,8,2.0,00:01:23.7940000,00:01:23.2680000,00:01:23.1960000
5,1,-1,12,0.0,00:01:26.1840000,00:01:25.7260000,NULL
5,2,-1,14,0.0,00:01:35.0230000,00:01:34.9240000,NULL
5,3,5,12,4.0,00:01:36.6460000,00:01:36.0320000,NULL
5,4,12,11,0.0,00:01:33.4790000,00:01:33.2420000,NULL
5,5,-1,18,0.0,00:01:21.6750000,NULL,NULL
5,6,-1,7,0.0,00:01:15.4950000,00:01:14.8090000,00:01:15.5160000
5,7,14,14,0.0,00:01:28.1990000,00:01:28.2070000,NULL
5,8,-1,13,0.0,00:01:19.7320000,00:01:19.3530000,NULL
5,9,8,6,1.0,00:01:31.8810000,00:01:40.8260000,00:01:33.8590000
5,10,5,6,4.0,00:01:21.6590000,00:01:20.8070000,00:01:22.0950000
5,11,4,2,5.0,00:01:38.8160000,00:01:38.2300000,00:01:39.5320000
5,12,6,15,3.0,00:01:45.7050000,00:01:45.2590000,NULL
5,13,6,4,3.0,00:01:23.5150000,00:01:23.5280000,00:01:24.8450000
5,14,7,8,2.0,00:01:47.5420000,00:01:46.8420000,00:01:49.7780000
5,15,11,11,0.0,00:01:31.4990000,00:01:31.2230000,NULL
5,16,9,16,0.0,00:01:25.0520000,NULL,NULL
5,17,11,18,0.0,00:01:40.8080000,00:01:40.9830000,NULL
5,18,5,3,4.0,00:01:25.6640000,00:01:25.4520000,00:01:27.0790000
5,19,3,8,6.0,00:01:35.2270000,00:01:34.7590000,00:01:36.6130000
5,20,5,5,4.0,00:01:33.0570000,00:01:31.7180000,00:01:33.4880000
5,21,-1,6,0.0,00:01:21.4300000,00:01:20.8170000,00:01:22.2310000
5,22,12,2,0.0,00:01:26.7360000,00:01:26.2900000,00:01:27.8080000
5,23,8,4,1.0,00:01:15.2950000,00:01:15.3890000,00:01:16.1650000
5,24,9,7,0.0,00:01:17.2870000,00:01:17.6840000,00:01:19.0890000
5,25,4,10,5.0,00:01:15.9650000,00:01:15.6390000,00:01:16.9440000
5,26,5,1,4.0,00:01:19.9570000,00:01:19.5970000,00:01:21.0490000
5,27,5,3,4.0,00:01:15.4760000,00:01:14.8550000,00:01:16.1430000
5,28,1,2,10.0,00:01:19.9450000,00:01:19.4800000,00:01:21.1400000
5,29,4,5,5.0,00:01:38.6560000,00:01:38.1200000,00:01:39.9370000
5,30,10,3,0.0,00:01:46.8120000,00:01:46.0370000,00:01:47.8150000
5,31,2,2,8.0,00:01:35.2140000,00:01:35.8430000,00:01:37.6310000
5,32,10,5,0.0,00:01:44.3110000,00:01:44.2070000,00:01:45.8730000
5,33,-1,3,0.0,00:01:18.2200000,00:01:17.3600000,00:01:18.8210000
5,34,-1,5,0.0,00:01:35.6230000,00:01:35.2160000,00:01:36.9300000
5,35,7,5,2.0,00:01:12.3660000,00:01:11.7680000,00:01:12.9170000
5,36,10,13,0.0,00:01:27.5290000,00:01:26.9640000,NULL
5,37,8,11,1.0,00:01:36.0920000,00:01:35.6300000,NULL
5,38,9,12,0.0,00:01:33.4670000,00:01:32.9350000,NULL
5,39,7,8,2.0,00:01:21.7900000,00:01:21.6230000,00:01:22.5680000
5,40,13,15,0.0,00:01:17.8360000,00:01:17.1250000,NULL
5,41,4,22,5.0,00:01:17.8060000,NULL,NULL
5,43,15,6,0.0,00:01:15.5240000,00:01:15.2720000,00:01:15.8260000
5,44,7,7,2.0,00:01:20.5700000,00:01:20.0770000,00:01:20.7210000
5,45,8,7,1.0,00:01:32.5940000,00:01:31.7830000,00:01:32.4780000
5,46,8,11,1.0,00:01:20.2850000,00:01:20.7790000,NULL
5,47,6,7,3.0,00:01:28.1270000,00:01:27.0390000,00:01:28.4910000
5,48,7,7,2.0,00:01:23.5050000,00:01:23.1340000,00:01:24.1020000
5,49,8,9,1.0,00:01:46.9710000,00:01:46.2400000,00:01:48.5050000
5,50,2,11,8.0,00:01:27.2230000,00:01:26.2320000,NULL
5,51,9,13,0.0,00:01:37.2250000,00:01:36.9910000,NULL
5,52,-1,17,0.0,00:01:14.0780000,NULL,NULL
5,337,15,21,0.0,00:02:00.3130000,NULL,NULL
5,338,13,19,0.0,00:01:28.7970000,NULL,NULL
5,339,-1,15,0.0,00:01:52.8750000,00:01:52.2700000,NULL
5,340,14,21,0.0,00:01:39.5200000,NULL,NULL
5,341,-1,20,0.0,00:01:24.7480000,NULL,NULL
5,342,-1,18,0.0,00:01:17.0940000,NULL,NULL
5,343,-1,20,0.0,00:01:30.5190000,NULL,NULL
5,344,16,19,0.0,00:01:18.2370000,NULL,NULL
5,345,-1,20,0.0,00:01:40.8820000,NULL,NULL
5,346,17,18,0.0,00:01:34.4050000,NULL,NULL
5,347,-1,18,0.0,00:01:18.3000000,NULL,NULL
5,348,14,19,0.0,00:01:24.1200000,NULL,NULL
5,349,16,13,0.0,00:02:01.3430000,00:01:50.9800000,NULL
5,350,18,18,0.0,00:01:25.7420000,NULL,NULL
5,351,16,19,0.0,00:01:50.9150000,NULL,NULL
5,352,12,20,0.0,00:01:35.4640000,NULL,NULL
5,353,13,21,0.0,00:01:41.7680000,NULL,NULL
5,354,18,20,0.0,00:01:22.3780000,NULL,NULL
5,355,17,20,0.0,00:01:43.7120000,NULL,NULL
5,841,-1,19,0.0,00:01:29.2540000,NULL,NULL
5,842,15,19,0.0,00:01:38.6450000,NULL,NULL
5,843,16,19,0.0,00:01:37.8940000,NULL,NULL
5,844,19,18,0.0,00:01:28.7800000,NULL,NULL
5,845,-1,15,0.0,00:01:25.8740000,00:01:25.4030000,NULL
5,846,14,17,0.0,00:01:17.3430000,NULL,NULL
5,847,-1,19,0.0,00:01:16.7860000,NULL,NULL
5,848,19,19,0.0,00:01:41.6640000,NULL,NULL
5,849,-1,17,0.0,00:01:34.9230000,00:01:34.8210000,NULL
5,850,16,18,0.0,00:01:35.5990000,NULL,NULL
5,851,-1,18,0.0,00:01:24.3620000,NULL,NULL
5,852,15,16,0.0,00:02:06.7800000,00:02:08.3540000,NULL
5,853,13,20,0.0,00:01:27.1840000,NULL,NULL
5,854,16,19,0.0,00:01:50.9480000,NULL,NULL
5,855,18,18,0.0,00:01:35.4540000,NULL,NULL
5,856,14,19,0.0,00:01:40.5220000,NULL,NULL
5,857,14,18,0.0,00:01:28.5650000,NULL,NULL
5,858,17,17,0.0,00:01:42.9790000,NULL,NULL
5,859,16,19,0.0,00:01:15.0680000,NULL,NULL
5,860,-1,18,0.0,00:01:28.6790000,NULL,NULL
5,861,18,24,0.0,00:01:39.3060000,NULL,NULL
5,862,23,18,0.0,00:01:38.4630000,NULL,NULL
5,863,17,16,0.0,00:01:34.8520000,00:01:36.1320000,NULL
5,864,16,19,0.0,00:01:25.5070000,NULL,NULL
5,865,13,17,0.0,00:01:16.5380000,NULL,NULL
5,866,18,17,0.0,00:01:16.2630000,NULL,NULL
5,867,14,16,0.0,00:01:40.0870000,00:01:40.2950000,NULL
5,868,17,19,0.0,00:01:49.4770000,NULL,NULL
5,869,19,16,0.0,00:01:17.6200000,NULL,NULL
5,870,17,19,0.0,00:01:23.5760000,NULL,NULL
5,871,17,18,0.0,00:01:51.7390000,NULL,NULL
5,872,14,17,0.0,00:01:26.3820000,NULL,NULL
5,873,15,19,0.0,00:01:51.1370000,NULL,NULL
5,874,15,17,0.0,00:01:34.6570000,NULL,NULL
5,875,17,19,0.0,00:01:40.3330000,NULL,NULL
5,876,18,20,0.0,00:01:29.5000000,NULL,NULL
5,877,13,18,0.0,00:01:44.9560000,NULL,NULL
5,879,14,20,0.0,00:01:17.0860000,NULL,NULL
5,899,14,11,0.0,00:01:26.2660000,00:01:27.4560000,NULL
6,1,-1,11,0.0,00:01:26.0740000,00:01:25.6070000,NULL
6,2,12,11,0.0,00:01:35.3410000,00:01:34.7880000,NULL
6,3,-1,14,0.0,00:01:36.6730000,00:01:36.1930000,NULL
6,4,-1,12,0.0,00:01:33.2210000,00:01:33.3480000,NULL
6,5,13,11,0.0,00:01:20.8180000,00:01:20.5310000,NULL
6,6,15,10,0.0,00:01:15.9300000,00:01:15.5790000,00:01:17.3440000
6,7,12,12,0.0,00:01:27.6910000,00:01:27.6290000,NULL
6,8,11,5,0.0,00:01:18.5300000,00:01:18.5750000,00:01:20.2160000
6,9,12,13,0.0,00:01:31.8840000,00:01:42.5000000,NULL
6,10,9,9,0.0,00:01:21.4070000,00:01:20.5700000,00:01:22.8350000
6,11,18,17,0.0,00:01:39.7950000,NULL,NULL
6,12,13,18,0.0,00:01:46.3070000,NULL,NULL
6,13,10,17,0.0,00:01:24.0740000,NULL,NULL
6,14,9,10,0.0,00:01:47.6370000,00:01:47.0130000,NULL
6,15,15,15,0.0,00:01:31.7180000,NULL,NULL
6,16,-1,9,0.0,00:01:23.1610000,00:01:20.4270000,00:01:20.6740000
6,17,13,13,0.0,00:01:41.0960000,00:01:41.1480000,NULL
6,18,6,13,3.0,00:01:26.8910000,00:01:26.4130000,NULL
6,19,17,22,0.0,00:01:36.3880000,NULL,NULL
6,20,14,16,0.0,00:01:33.3860000,00:01:32.9430000,NULL
6,21,7,12,2.0,00:01:21.6900000,00:01:21.1170000,NULL
6,22,-1,16,0.0,00:01:27.5470000,NULL,NULL
6,23,7,13,2.0,00:01:16.7560000,00:01:16.4790000,NULL
6,24,-1,12,0.0,00:01:17.6380000,00:01:18.0620000,NULL
6,25,15,15,0.0,00:01:16.2430000,NULL,NULL
6,26,8,15,1.0,00:01:21.4070000,00:01:21.1120000,NULL
6,27,14,16,0.0,00:01:16.0830000,NULL,NULL
6,28,13,16,0.0,00:01:21.0850000,NULL,NULL
6,29,15,11,0.0,00:01:38.6670000,00:01:38.4280000,NULL
6,30,14,19,0.0,00:01:48.2680000,NULL,NULL
6,31,12,18,0.0,00:01:36.6530000,NULL,NULL
6,32,8,10,1.0,00:01:45.1270000,00:01:44.8260000,00:01:47.5470000
6,33,15,14,0.0,00:01:18.6400000,00:01:18.5940000,NULL
6,34,12,17,0.0,00:01:36.8630000,NULL,NULL
6,35,17,16,0.0,00:01:12.8000000,NULL,NULL
6,52,10,19,0.0,00:01:14.4170000,NULL,NULL
7,1,8,17,1.0,00:01:26.9640000,NULL,NULL
7,2,10,15,0.0,00:01:35.5070000,00:01:35.4310000,NULL
7,3,11,15,0.0,00:01:36.9060000,NULL,NULL
7,4,13,20,0.0,00:01:34.1590000,NULL,NULL
7,5,-1,17,0.0,00:01:21.3000000,NULL,NULL
7,6,8,14,1.0,00:01:16.1200000,00:01:16.2810000,NULL
7,7,18,20,0.0,00:01:28.9180000,NULL,NULL
7,8,-1,17,0.0,00:01:19.8980000,NULL,NULL
7,9,-1,19,0.0,00:01:33.5590000,NULL,NULL
7,18,7,17,2.0,00:01:27.4460000,NULL,NULL
7,19,-1,18,0.0,00:01:36.6770000,NULL,NULL
7,20,15,15,0.0,00:01:33.4150000,00:01:32.9150000,NULL
7,21,-1,16,0.0,00:01:21.5400000,00:01:21.7240000,NULL
7,22,-1,18,0.0,00:01:27.6210000,NULL,NULL
7,23,-1,16,0.0,00:01:16.8060000,NULL,NULL
7,24,13,18,0.0,00:01:18.9160000,NULL,NULL
7,25,17,14,0.0,00:01:16.0720000,00:01:16.0450000,NULL
7,26,11,13,0.0,00:01:20.5840000,00:01:20.5310000,NULL
7,27,12,15,0.0,00:01:15.9270000,00:01:15.8580000,NULL
7,28,18,19,0.0,00:01:20.6400000,00:01:20.9630000,NULL
7,29,10,10,0.0,00:01:38.6220000,00:01:38.4170000,00:01:40.7500000
7,30,7,9,2.0,00:01:46.7770000,00:01:46.5440000,00:01:48.9510000
7,31,18,4,0.0,00:01:35.5430000,00:01:36.1750000,00:01:38.4450000
7,32,12,17,0.0,00:01:46.3890000,NULL,NULL
7,33,10,10,0.0,00:01:18.5930000,00:01:18.1020000,00:01:20.1670000
7,34,13,8,0.0,00:01:36.2390000,00:01:35.4780000,00:01:38.8850000
7,35,14,9,0.0,00:01:12.4980000,00:01:12.0750000,00:01:14.1050000
8,1,15,7,0.0,00:01:25.8990000,00:01:25.3800000,00:01:27.1630000
8,2,14,7,0.0,00:01:35.4760000,00:01:34.4560000,00:01:36.1700000
8,3,10,8,0.0,00:01:36.1370000,00:01:35.8560000,00:01:38.0890000
8,4,6,10,3.0,00:01:33.1170000,00:01:32.8270000,00:01:35.3800000
8,5,-1,16,0.0,00:01:21.2910000,NULL,NULL
8,6,3,2,6.0,00:01:15.7460000,00:01:14.5140000,00:01:14.9270000
8,7,9,6,0.0,00:01:27.5560000,00:01:27.3870000,00:01:28.8150000
8,8,8,9,1.0,00:01:19.0100000,00:01:18.5660000,00:01:20.7150000
8,9,-1,9,0.0,00:01:31.8690000,00:01:41.7300000,00:01:34.7100000
8,10,2,7,8.0,00:01:21.5000000,00:01:20.6470000,00:01:22.4680000
8,11,3,6,6.0,00:01:38.8430000,00:01:38.7820000,00:01:40.1440000
8,12,1,6,10.0,00:01:45.5790000,00:01:44.9530000,00:01:46.6330000
8,13,3,3,6.0,00:01:23.3490000,00:01:23.4260000,00:01:24.5230000
8,14,10,12,0.0,00:01:47.2930000,00:01:47.1770000,NULL
8,15,4,5,5.0,00:01:31.2880000,00:01:31.0520000,00:01:32.9800000
8,16,6,5,3.0,00:01:23.0470000,00:01:21.3780000,00:01:20.1680000
8,17,12,11,0.0,00:01:41.1000000,00:01:40.7260000,NULL
8,18,8,15,1.0,00:01:26.1400000,NULL,NULL
8,19,1,2,10.0,00:01:35.6450000,00:01:34.1880000,00:01:36.2300000
8,20,2,4,8.0,00:01:32.6520000,00:01:31.9330000,00:01:33.4180000
8,21,1,1,10.0,00:01:20.7010000,00:01:20.7840000,00:01:21.8130000
8,22,3,4,6.0,00:01:26.4570000,00:01:26.0500000,00:01:27.9360000
8,23,9,2,0.0,00:01:15.7170000,00:01:15.4040000,00:01:15.8150000
8,24,-1,3,0.0,00:01:17.3010000,00:01:17.3640000,00:01:18.7350000
8,25,2,1,8.0,00:01:15.1330000,00:01:15.1610000,00:01:16.4490000
8,26,4,3,5.0,00:01:20.3700000,00:01:19.9710000,00:01:21.7060000
8,27,6,6,3.0,00:01:15.2010000,00:01:14.9490000,00:01:16.3890000
8,28,3,6,6.0,00:01:20.0060000,00:01:19.5460000,00:01:21.5160000
8,29,-1,4,0.0,00:01:38.7030000,00:01:38.2290000,00:01:39.4880000
8,30,18,4,0.0,00:01:46.9600000,00:01:46.2980000,00:01:47.9920000
8,31,9,14,0.0,00:01:35.9650000,00:01:37.5220000,NULL
8,32,15,3,0.0,00:01:44.2820000,00:01:44.2320000,00:01:45.6170000
8,33,3,2,6.0,00:01:18.1600000,00:01:17.7330000,00:01:18.6440000
8,34,3,2,6.0,00:01:35.9830000,00:01:35.3550000,00:01:36.6450000
8,35,3,3,6.0,00:01:12.0830000,00:01:11.9500000,00:01:12.8250000
8,36,1,1,10.0,00:01:26.6440000,00:01:25.6440000,00:01:26.0720000
8,37,3,3,6.0,00:01:35.1380000,00:01:34.6870000,00:01:35.4790000
8,38,3,3,6.0,00:01:33.1610000,00:01:31.8120000,00:01:33.1310000
8,39,-1,3,0.0,00:01:21.8020000,00:01:20.7410000,00:01:21.7230000
8,40,8,16,1.0,00:01:16.2510000,NULL,NULL
8,41,5,4,4.0,00:01:16.4680000,00:01:16.5920000,00:01:16.4110000
8,43,1,3,10.0,00:01:14.8720000,00:01:14.8280000,00:01:15.2570000
8,44,1,2,10.0,00:01:19.7530000,00:01:19.2520000,00:01:20.0990000
8,45,-1,1,0.0,00:01:31.5220000,00:01:31.2370000,00:01:31.4500000
8,46,2,3,8.0,00:01:20.4350000,00:01:20.1070000,00:01:20.4100000
8,47,2,3,8.0,00:01:27.2940000,00:01:26.9020000,00:01:27.5460000
8,48,3,5,6.0,00:01:22.6730000,00:01:22.3690000,00:01:23.1830000
8,49,1,1,10.0,00:01:46.2420000,00:01:45.0700000,00:01:45.9940000
8,50,3,3,6.0,00:01:25.3900000,00:01:24.9880000,00:01:25.5160000
8,51,1,2,10.0,00:01:35.6920000,00:01:35.3810000,00:01:36.0440000
8,52,1,3,10.0,00:01:13.0160000,00:01:12.1610000,00:01:12.3220000
8,53,3,22,6.0,NULL,NULL,NULL
8,54,-1,6,0.0,00:01:34.6670000,00:01:34.3510000,00:01:34.9830000
8,55,2,4,8.0,00:01:27.1930000,00:01:26.1610000,00:01:25.8220000
8,56,5,8,4.0,00:01:24.2590000,00:01:23.1900000,00:01:24.1580000
8,57,4,5,5.0,00:01:31.2630000,00:01:30.2030000,00:01:30.9330000
8,58,5,9,4.0,00:01:16.6130000,00:01:15.4220000,00:01:16.0150000
8,59,-1,3,0.0,00:01:13.8870000,00:01:13.5320000,00:01:14.1400000
8,60,3,2,6.0,00:01:21.6480000,00:01:20.4970000,00:01:20.3970000
8,61,3,3,6.0,00:01:15.3760000,00:01:15.2730000,00:01:15.3860000
8,63,5,6,4.0,00:01:16.1540000,00:01:15.7420000,00:01:16.2810000
8,64,3,1,6.0,00:01:15.2140000,00:01:14.4100000,00:01:14.0700000
8,65,-1,1,0.0,00:01:20.0800000,00:01:19.7040000,00:01:19.5990000
8,66,-1,7,0.0,00:01:28.2360000,00:01:27.2020000,00:01:27.8660000
8,67,2,1,8.0,00:01:21.9940000,00:01:21.3490000,00:01:21.4840000
8,68,-1,5,0.0,00:01:44.9090000,00:01:45.6220000,00:01:45.7540000
8,69,5,11,4.0,00:01:32.0800000,00:01:30.8270000,NULL
8,70,5,2,4.0,00:01:12.0350000,00:01:11.3860000,00:01:11.2990000
8,71,8,10,1.0,00:01:44.9970000,00:01:30.5610000,NULL
8,72,9,6,0.0,00:01:32.8390000,00:01:36.6440000,NULL
8,73,3,9,6.0,00:01:30.5940000,00:01:32.9300000,NULL
8,74,-1,1,0.0,00:01:19.8860000,00:01:22.9940000,NULL
8,75,1,1,10.0,00:01:14.8190000,00:01:16.6020000,NULL
8,76,1,1,10.0,00:01:13.6440000,00:01:16.6810000,NULL
8,77,11,2,0.0,00:01:30.1970000,NULL,NULL
8,78,1,7,10.0,00:01:15.9230000,NULL,NULL
8,80,2,13,8.0,00:01:14.5590000,NULL,NULL
8,81,3,12,6.0,00:01:19.9320000,NULL,NULL
8,82,-1,1,0.0,00:01:14.3200000,NULL,NULL
8,83,1,4,10.0,00:01:20.8910000,NULL,NULL
8,84,1,1,10.0,00:01:26.7970000,NULL,NULL
8,85,4,11,5.0,00:01:20.8780000,NULL,NULL
8,86,1,2,10.0,00:01:46.4400000,NULL,NULL
8,87,2,5,8.0,00:01:12.7810000,NULL,NULL
8,88,1,17,10.0,00:02:02.3090000,NULL,NULL
8,89,2,3,8.0,00:01:34.4880000,NULL,NULL
8,90,-1,10,0.0,00:01:26.2970000,NULL,NULL
8,91,-1,5,0.0,00:01:34.1640000,NULL,NULL
8,92,-1,19,0.0,NULL,NULL,NULL
8,93,8,20,1.0,NULL,NULL,NULL
8,94,11,13,0.0,00:01:17.4450000,NULL,NULL
8,95,-1,5,0.0,00:01:14.5920000,NULL,NULL
8,96,-1,4,0.0,00:01:29.1370000,NULL,NULL
8,97,5,8,4.0,00:01:13.5950000,NULL,NULL
8,99,7,9,2.0,00:01:14.3460000,NULL,NULL
8,100,2,1,8.0,00:01:18.2330000,NULL,NULL
8,101,-1,3,0.0,00:01:13.6900000,NULL,NULL
8,102,-1,10,0.0,00:01:20.5700000,NULL,NULL
8,103,1,10,10.0,00:01:59.6350000,NULL,NULL
8,104,-1,7,0.0,00:01:20.8770000,NULL,NULL
8,105,3,2,6.0,00:01:34.1780000,NULL,NULL
8,106,6,12,3.0,00:01:36.8200000,NULL,NULL
8,107,2,3,8.0,00:01:10.8920000,NULL,NULL
8,108,3,15,6.0,00:01:29.4700000,NULL,NULL
8,109,1,7,10.0,00:01:37.8580000,NULL,NULL
8,110,2,4,8.0,00:01:13.8660000,NULL,NULL
8,111,2,6,8.0,00:01:23.1480000,NULL,NULL
8,112,-1,20,0.0,NULL,NULL,NULL
8,113,2,2,8.0,00:01:09.1890000,NULL,NULL
8,114,2,2,8.0,00:01:15.2950000,NULL,NULL
8,115,6,20,3.0,NULL,NULL,NULL
8,116,-1,1,0.0,00:01:31.5230000,NULL,NULL
8,117,4,4,5.0,00:01:15.5330000,NULL,NULL
8,118,3,3,6.0,00:01:21.6950000,NULL,NULL
8,119,-1,5,0.0,00:01:15.8740000,NULL,NULL
8,120,2,7,8.0,00:01:22.7420000,NULL,NULL
8,121,4,4,5.0,00:01:21.4660000,NULL,NULL
8,123,2,8,8.0,00:01:33.2720000,NULL,NULL
8,125,-1,5,0.0,00:01:36.4680000,NULL,NULL
8,140,3,4,4.0,00:01:32.1970000,NULL,NULL
8,860,7,17,6.0,00:01:27.7580000,NULL,NULL
8,861,5,10,10.0,00:01:37.9610000,00:01:36.7150000,00:01:36.4610000
8,862,14,4,0.0,00:01:36.8500000,00:01:35.9210000,00:01:35.8980000
8,863,2,11,18.0,00:01:34.5520000,00:01:33.7890000,NULL
8,864,3,4,15.0,00:01:23.4060000,00:01:22.8560000,00:01:22.4870000
8,865,9,8,2.0,00:01:15.8890000,00:01:15.3220000,00:01:15.1990000
8,866,8,12,4.0,00:01:14.9950000,00:01:14.7340000,NULL
8,867,2,5,18.0,00:01:39.4640000,00:01:38.5310000,00:01:38.5130000
8,868,5,6,10.0,00:01:47.3090000,00:01:56.4690000,00:01:53.2900000
8,869,3,10,15.0,00:01:15.6930000,00:01:39.7290000,00:01:45.8110000
8,870,2,5,18.0,00:01:22.2340000,00:01:21.5830000,00:01:21.7300000
8,871,3,3,15.0,00:01:49.5460000,00:01:48.4140000,00:01:48.2050000
8,872,5,7,10.0,00:01:25.1510000,00:01:24.7420000,00:01:24.8550000
8,873,6,12,8.0,00:01:48.1690000,00:01:48.2610000,NULL
8,874,6,7,8.0,00:01:32.2210000,00:01:31.8260000,00:01:32.2080000
8,875,5,5,10.0,00:01:38.8870000,00:01:38.2270000,00:01:37.6250000
8,876,7,7,6.0,00:01:26.7400000,00:01:26.1010000,00:01:26.2360000
8,877,1,4,25.0,00:01:42.2220000,00:01:41.5320000,00:01:41.2600000
8,879,10,8,1.0,00:01:16.4320000,00:01:13.6980000,00:01:13.2980000
8,880,1,7,25.0,00:01:45.5450000,00:01:37.5170000,00:01:28.7380000
8,881,7,10,6.0,00:01:36.9590000,00:01:36.6400000,00:01:52.9700000
8,882,2,2,18.0,00:01:37.0460000,00:01:35.6590000,00:01:34.7610000
8,883,2,8,18.0,00:01:33.8270000,00:01:33.1460000,00:01:33.3270000
8,884,2,4,18.0,00:01:22.2100000,00:01:21.6760000,00:01:21.1770000
8,885,10,5,1.0,00:01:25.8350000,00:01:16.0400000,00:01:14.8220000
8,886,9,10,2.0,00:01:24.4510000,00:01:28.6670000,00:01:27.4320000
8,887,5,8,10.0,00:01:31.4000000,00:01:31.5920000,00:01:30.9620000
8,888,2,4,18.0,00:01:30.6760000,00:01:29.8520000,00:01:29.8920000
8,890,2,6,18.0,00:01:20.8670000,00:01:20.2430000,00:01:19.8510000
8,891,-1,8,0.0,00:02:01.1510000,00:01:48.2960000,00:02:03.3900000
8,892,11,11,0.0,00:01:24.8190000,00:01:24.6100000,NULL
8,893,3,13,15.0,00:01:45.5220000,00:01:44.6580000,NULL
8,894,2,9,18.0,00:01:38.3410000,00:01:38.1810000,00:01:38.8220000
8,895,5,9,10.0,00:01:32.3770000,00:01:31.6620000,00:01:31.6840000
8,896,7,6,6.0,00:01:25.8190000,00:01:25.1910000,00:01:25.2480000
8,897,-1,22,0.0,00:01:41.2760000,00:01:40.9710000,00:01:40.5420000
8,900,7,11,6.0,00:01:32.4390000,00:01:44.4940000,NULL
8,901,12,6,0.0,00:01:59.2570000,00:02:01.5320000,00:02:01.2180000
8,902,10,5,1.0,00:01:35.2340000,00:01:34.9250000,00:01:34.3680000
8,903,8,11,4.0,00:01:58.2790000,00:01:56.8600000,NULL
8,904,7,6,6.0,00:01:28.3080000,00:01:27.3350000,00:01:27.1040000
8,905,12,6,0.0,00:01:17.9020000,00:01:17.3980000,00:01:17.3890000
8,906,10,10,1.0,00:01:17.0130000,00:01:16.2450000,00:01:16.2140000
8,907,10,8,1.0,00:01:10.2850000,00:01:09.6570000,00:01:10.7950000
8,908,-1,18,0.0,00:01:46.6840000,NULL,NULL
8,909,11,12,0.0,00:01:18.5340000,00:01:18.2730000,NULL
8,910,6,16,8.0,00:01:26.7920000,NULL,NULL
8,911,4,8,12.0,00:02:09.8850000,00:02:08.6460000,00:02:08.7800000
8,912,9,11,2.0,00:01:26.6890000,00:01:26.1100000,NULL
8,913,8,7,4.0,00:01:46.6850000,00:01:46.3590000,00:01:46.1700000
8,914,12,10,0.0,00:01:34.9840000,00:01:34.7710000,00:01:34.5480000
8,915,9,8,2.0,00:01:40.0980000,00:01:39.8380000,00:01:39.7710000
8,917,7,10,6.0,00:01:11.1930000,00:01:11.1880000,00:01:11.0990000
8,918,10,7,2.0,00:01:42.4390000,00:01:42.1680000,00:01:42.2360000
8,926,-1,5,0.0,00:01:29.7540000,00:01:27.8070000,00:01:27.7900000
8,927,4,11,12.0,00:01:40.4150000,00:01:42.1730000,NULL
8,928,4,6,12.0,00:01:37.7900000,00:01:37.1090000,00:01:37.2320000
8,929,2,4,18.0,00:01:34.5680000,00:01:33.5400000,00:01:33.2270000
8,930,5,7,10.0,00:01:26.6370000,00:01:26.0160000,00:01:26.4140000
8,931,6,6,8.0,00:01:17.6600000,00:01:16.4400000,00:01:16.4270000
8,932,4,3,12.0,00:01:16.2590000,00:01:15.3480000,00:01:15.0140000
8,933,-1,14,0.0,00:01:12.8670000,NULL,NULL
8,934,8,5,4.0,00:01:33.4260000,00:01:33.9110000,00:01:33.3790000
8,936,-1,5,0.0,00:01:23.5960000,00:01:23.4600000,00:01:23.0200000
8,937,7,16,6.0,00:01:49.2880000,NULL,NULL
8,938,5,2,10.0,00:01:24.6620000,00:01:23.7570000,00:01:23.6310000
8,939,3,3,15.0,00:01:46.4670000,00:01:45.1400000,00:01:44.6670000
8,940,4,6,12.0,00:01:34.1710000,00:01:33.3610000,00:01:33.3470000
8,941,8,5,4.0,00:01:39.2070000,00:01:38.2240000,00:01:38.3480000
8,943,-1,19,0.0,00:01:21.4220000,00:01:22.4940000,NULL
8,944,4,4,12.0,00:01:12.1850000,00:01:12.2430000,00:01:12.1440000
8,945,3,3,15.0,00:01:42.5000000,00:01:41.6120000,00:01:41.0510000
8,948,-1,4,0.0,00:01:26.5790000,00:01:25.6150000,00:01:25.0330000
8,949,2,4,18.0,00:01:31.6850000,00:01:30.5590000,00:01:30.2440000
8,950,5,3,10.0,00:01:37.3470000,00:01:36.1180000,00:01:35.9720000
8,951,3,3,15.0,00:01:36.9760000,00:01:36.7410000,00:01:36.6630000
8,952,2,5,18.0,00:01:23.7960000,00:01:23.5040000,00:01:23.1130000
8,953,-1,11,0.0,00:01:15.4990000,00:01:14.7890000,00:01:14.7320000
8,954,6,6,8.0,00:01:14.4770000,00:01:13.8490000,00:01:13.5790000
8,955,4,4,12.0,00:01:44.9360000,00:01:44.5330000,00:01:44.2690000
8,956,3,4,15.0,00:01:07.2400000,00:01:06.9400000,00:01:09.9010000
8,957,5,5,10.0,00:01:31.3260000,00:01:31.3850000,00:01:30.8810000
8,958,6,14,8.0,00:01:36.8530000,00:01:25.4350000,NULL
8,959,6,5,8.0,00:01:15.7520000,00:01:15.2420000,00:01:15.1420000
8,960,9,3,2.0,00:01:47.9120000,00:01:47.6640000,00:01:46.9100000
8,961,4,4,12.0,00:01:23.2170000,00:01:22.5680000,00:01:22.0650000
8,962,4,5,12.0,00:01:44.9640000,00:01:44.1590000,00:01:43.5400000
8,963,4,6,12.0,00:01:34.5560000,00:01:33.9030000,00:01:33.6320000
8,964,5,8,10.0,00:01:31.6740000,00:01:31.4060000,00:01:30.9490000
8,966,6,6,8.0,00:01:19.5540000,00:01:19.9360000,00:01:19.3760000
8,967,-1,3,0.0,00:01:12.1000000,00:01:12.3010000,00:01:11.4040000
8,968,6,4,8.0,00:01:40.3380000,00:01:39.6290000,00:01:39.6040000
8,969,4,4,12.0,00:01:24.3520000,00:01:23.3760000,00:01:23.0330000
8,970,5,4,10.0,00:01:33.3410000,00:01:32.1810000,00:01:32.1400000
8,971,4,5,12.0,00:01:30.9880000,00:01:29.8430000,00:01:29.5670000
8,972,3,2,15.0,00:01:34.9530000,00:01:33.6630000,00:01:33.2530000
8,973,-1,4,0.0,00:01:20.7420000,00:01:20.6210000,00:01:19.4390000
8,974,2,1,18.0,00:01:13.1170000,00:01:12.2310000,00:01:12.1780000
8,975,7,4,6.0,00:01:13.5480000,00:01:12.5800000,00:01:12.2520000
8,976,14,3,0.0,00:01:42.6780000,00:01:42.0900000,00:01:41.6930000
8,977,5,3,10.0,00:01:05.1480000,00:01:05.0040000,00:01:04.7790000
8,978,3,2,15.0,00:01:40.4550000,00:01:28.9920000,00:01:27.1470000
8,979,2,2,18.0,00:01:17.3640000,00:01:17.2070000,00:01:16.4440000
8,980,4,4,12.0,00:01:44.7290000,00:01:43.7000000,00:01:43.2700000
8,981,5,5,10.0,00:01:38.2350000,00:01:37.0310000,00:01:37.9870000
8,982,-1,4,0.0,00:01:43.3280000,00:01:40.5250000,00:01:40.0690000
8,983,-1,0,0.0,00:01:32.2590000,00:01:30.9260000,00:01:30.1210000
8,984,5,10,10.0,00:01:29.1630000,00:01:29.0790000,00:01:28.4980000
8,986,3,5,15.0,00:01:18.1480000,00:01:17.5340000,00:01:17.2380000
8,987,3,3,15.0,00:01:09.4050000,00:01:09.1160000,00:01:08.5380000
8,988,4,5,12.0,00:01:37.4530000,00:01:37.3020000,00:01:36.9850000
8,989,3,2,15.0,00:01:23.0960000,00:01:22.5070000,00:01:21.8280000
8,990,-1,2,0.0,00:01:28.9510000,00:01:28.5150000,00:01:28.1010000
8,991,3,2,15.0,00:01:32.4740000,00:01:32.2860000,00:01:31.1820000
8,992,2,6,18.0,00:01:42.5380000,00:01:42.5100000,00:01:42.4900000
8,993,-1,4,0.0,00:01:17.4830000,00:01:17.0710000,00:01:16.6120000
8,994,4,4,12.0,00:01:12.6390000,00:01:11.3910000,00:01:11.2660000
8,995,6,5,8.0,00:01:11.7250000,00:01:11.6200000,00:01:11.0950000
8,996,3,6,15.0,00:01:31.5670000,00:01:30.7720000,00:01:31.0570000
8,997,2,3,18.0,00:01:04.2340000,00:01:03.9750000,00:01:03.6600000
8,998,3,3,15.0,00:01:27.5490000,00:01:26.4830000,00:01:25.9900000
8,999,3,3,15.0,00:01:12.5050000,00:01:12.3360000,00:01:11.5470000
8,1000,3,3,15.0,00:01:17.5260000,00:01:32.7620000,00:01:36.1860000
8,1001,-1,6,0.0,00:01:42.5850000,00:01:41.5330000,00:02:02.6710000
8,1002,2,1,18.0,00:01:20.7220000,00:01:19.8460000,00:01:19.1190000
8,1003,5,5,10.0,00:01:38.5340000,00:01:37.1940000,00:01:36.7940000
8,1004,4,4,12.0,00:01:33.3410000,00:01:33.0650000,00:01:32.2370000
8,1005,5,4,10.0,00:01:29.6310000,00:01:28.5950000,00:01:29.5210000
8,1007,3,6,15.0,00:01:16.4460000,00:01:15.9960000,00:01:15.3300000
8,1008,3,4,15.0,00:01:08.4520000,00:01:08.0280000,00:01:07.4560000
8,1009,-1,4,0.0,00:01:37.0100000,00:01:36.7350000,00:01:35.3650000
8,1010,8,9,4.0,00:01:22.9660000,00:01:22.3490000,00:01:22.3140000
8,1011,7,8,6.0,00:01:29.9590000,00:01:29.4710000,00:01:29.0220000
8,1012,9,13,2.0,00:01:34.1250000,00:01:33.4190000,NULL
8,1013,10,0,1.0,NULL,NULL,NULL
8,1014,14,14,0.0,00:01:18.1320000,00:01:17.7880000,NULL
8,1015,17,14,0.0,00:01:11.9930000,00:01:12.1150000,NULL
8,1016,15,16,0.0,00:01:12.2300000,NULL,NULL
8,1017,7,12,6.0,00:01:30.9720000,00:01:30.5330000,NULL
8,1018,9,6,2.0,00:01:04.6150000,00:01:04.0560000,00:01:04.1660000
8,1019,8,12,4.0,00:01:26.5580000,00:01:26.5460000,NULL
8,1020,12,5,0.0,00:01:13.0660000,00:01:12.5190000,00:01:12.5380000
8,1021,7,10,6.0,00:01:16.5060000,00:01:16.5180000,00:01:16.0410000
8,1022,16,6,0.0,00:01:45.8420000,00:01:44.1400000,00:01:44.5570000
8,1023,15,0,0.0,00:01:20.6340000,00:01:20.5150000,NULL
8,1024,-1,12,0.0,00:01:39.4540000,00:01:38.8580000,NULL
8,1025,13,15,0.0,00:01:34.8400000,NULL,NULL
8,1026,12,13,0.0,00:01:29.6360000,00:01:29.3580000,NULL
8,1027,-1,14,0.0,00:01:17.2250000,00:01:16.9670000,NULL
8,1029,4,8,12.0,00:01:09.2760000,00:01:08.8580000,00:01:08.9840000
8,1030,13,17,0.0,00:01:38.3830000,NULL,NULL
8,1031,-1,19,0.0,00:01:05.2240000,NULL,NULL
8,1032,11,16,0.0,00:01:21.1400000,NULL,NULL
8,1033,15,20,0.0,00:01:16.6140000,NULL,NULL
8,1034,17,16,0.0,00:01:27.3660000,NULL,NULL
8,1035,15,20,0.0,00:01:28.4930000,NULL,NULL
8,1036,14,14,0.0,00:01:17.7970000,00:01:17.3860000,NULL
8,1037,12,16,0.0,00:01:43.7430000,NULL,NULL
8,1038,13,14,0.0,00:01:21.0100000,00:01:20.9260000,NULL
8,1039,9,13,2.0,00:01:17.0590000,00:01:16.8540000,NULL
8,1040,14,19,0.0,00:01:35.2670000,NULL,NULL
8,1041,12,19,0.0,00:01:27.8170000,NULL,NULL
8,1042,11,16,0.0,00:01:18.2010000,NULL,NULL
8,1043,9,18,2.0,00:01:15.9530000,NULL,NULL
8,1044,15,8,0.0,00:02:01.2490000,00:01:53.7930000,00:01:52.7450000
8,1045,15,17,0.0,00:01:29.8100000,NULL,NULL
8,1046,14,18,0.0,00:00:54.9630000,NULL,NULL
8,1047,12,15,0.0,00:01:37.5550000,NULL,NULL
8,1051,14,16,0.0,00:01:23.1560000,NULL,NULL
8,1052,11,14,0.0,00:01:31.5470000,00:01:31.2380000,NULL
8,1053,13,16,0.0,00:01:15.9740000,NULL,NULL
8,1054,-1,15,0.0,00:01:19.7480000,00:01:19.8120000,NULL
8,1055,12,17,0.0,00:01:18.9170000,NULL,NULL
8,1056,11,14,0.0,00:01:11.8990000,00:01:11.6420000,NULL
8,1057,10,14,1.0,00:01:42.9230000,00:01:42.5870000,NULL
8,1058,11,18,0.0,00:01:05.4290000,NULL,NULL
8,1059,17,17,0.0,00:01:33.3540000,NULL,NULL
8,1060,15,16,0.0,00:01:05.0090000,NULL,NULL
8,1061,15,13,0.0,00:01:28.0620000,NULL,NULL
8,1062,10,13,1.0,00:01:17.5530000,00:01:17.5640000,NULL
8,1063,18,0,0.0,00:02:04.4520000,NULL,NULL
8,1066,8,13,4.0,00:01:49.5860000,NULL,NULL
8,1067,12,17,0.0,00:01:27.5250000,NULL,NULL
8,1070,8,10,4.0,00:01:17.6060000,00:01:17.9580000,NULL
8,1071,12,0,0.0,00:01:09.5980000,00:01:09.5030000,NULL
8,1072,15,12,0.0,00:01:28.8560000,00:01:28.8850000,NULL
8,1073,-1,18,0.0,00:01:24.7790000,NULL,NULL
9,1,14,4,0.0,00:01:25.9220000,00:01:25.1520000,00:01:26.9140000
9,2,-1,6,0.0,00:01:35.1660000,00:01:34.5620000,00:01:36.1060000
9,3,13,17,0.0,00:01:36.9660000,NULL,NULL
9,4,18,13,0.0,00:01:33.4950000,00:01:33.4870000,NULL
9,5,11,10,0.0,00:01:20.9310000,00:01:20.4080000,00:01:22.6850000
9,6,-1,17,0.0,00:01:16.4050000,NULL,NULL
9,7,7,10,2.0,00:01:27.7880000,00:01:27.4550000,00:01:29.3570000
9,8,13,12,0.0,00:01:19.7300000,00:01:19.3080000,NULL
9,9,14,16,0.0,00:01:32.1900000,NULL,NULL
9,10,13,18,0.0,00:01:21.9010000,NULL,NULL
9,11,8,10,1.0,00:01:38.8060000,00:01:38.7470000,00:01:40.5120000
9,12,4,5,5.0,00:01:45.6550000,00:01:44.5570000,00:01:46.5860000
9,13,-1,13,0.0,00:01:24.0010000,00:01:23.8660000,NULL
9,14,8,7,1.0,00:01:47.6150000,00:01:46.8130000,00:01:49.5140000
9,15,9,9,0.0,00:01:31.4170000,00:01:32.3410000,NULL
9,16,2,8,8.0,00:01:23.0720000,00:01:21.1470000,00:01:20.6310000
9,17,10,7,0.0,00:01:40.5200000,00:01:40.5450000,00:01:41.9920000
9,18,-1,2,0.0,00:01:26.1030000,00:01:25.3150000,00:01:26.8690000
9,19,2,4,8.0,00:01:35.7940000,00:01:34.8110000,00:01:36.7270000
9,20,3,1,6.0,00:01:32.8930000,00:01:31.7450000,00:01:33.0960000
9,21,4,4,5.0,00:01:21.4230000,00:01:20.5970000,00:01:22.0650000
9,22,4,5,5.0,00:01:26.7610000,00:01:26.1290000,00:01:28.3900000
9,23,2,5,8.0,00:01:15.9770000,00:01:15.4830000,00:01:16.1710000
9,24,1,2,10.0,00:01:17.4710000,00:01:17.6790000,00:01:18.4980000
9,25,5,5,4.0,00:01:15.6870000,00:01:15.7230000,00:01:17.0370000
9,26,-1,10,0.0,00:01:20.4440000,00:01:19.7880000,NULL
9,27,7,7,2.0,00:01:15.9850000,00:01:15.1090000,00:01:16.5210000
9,28,8,4,1.0,00:01:20.0530000,00:01:19.7760000,00:01:21.2810000
9,29,3,3,6.0,00:01:38.3470000,00:01:38.0500000,00:01:39.3920000
9,30,6,8,3.0,00:01:47.0930000,00:01:46.4940000,00:01:48.7630000
9,31,3,11,6.0,00:01:35.5530000,00:01:36.6970000,NULL
9,32,11,4,0.0,00:01:44.7400000,00:01:44.5190000,00:01:45.7790000
9,33,2,6,8.0,00:01:18.6840000,00:01:17.9310000,00:01:18.9790000
9,34,6,11,3.0,00:01:36.5030000,00:01:35.8140000,NULL
9,35,11,13,0.0,00:01:12.3810000,00:01:12.3000000,NULL
9,36,-1,5,0.0,00:01:26.6960000,00:01:25.8820000,00:01:27.3470000
9,37,18,7,0.0,00:01:35.2940000,00:01:34.7390000,00:01:36.8390000
9,38,6,6,3.0,00:01:33.3480000,00:01:32.2920000,00:01:33.7100000
9,39,4,5,5.0,00:01:21.9410000,00:01:21.3810000,00:01:22.2530000
9,40,5,8,4.0,00:01:17.5840000,00:01:15.5760000,00:01:16.9550000
9,41,-1,8,0.0,00:01:17.2670000,00:01:16.3680000,00:01:16.9930000
9,43,4,4,5.0,00:01:15.7780000,00:01:15.0660000,00:01:15.4930000
9,44,4,5,5.0,00:01:20.2940000,00:01:20.0540000,00:01:20.4010000
9,45,7,5,2.0,00:01:31.9610000,00:01:31.4440000,00:01:32.1230000
9,46,5,7,4.0,00:01:20.3660000,00:01:20.7030000,00:01:20.8760000
9,47,8,5,1.0,00:01:27.9970000,00:01:27.2530000,00:01:27.7220000
9,48,5,6,4.0,00:01:23.0880000,00:01:22.4000000,00:01:23.4460000
9,49,9,14,0.0,00:01:46.7070000,00:01:45.8850000,00:01:46.9960000
9,50,7,9,2.0,00:01:26.3000000,00:01:25.5300000,00:01:27.2250000
9,51,-1,9,0.0,00:01:36.3090000,00:01:36.1160000,00:01:38.4720000
9,52,5,7,4.0,00:01:13.0850000,00:01:12.6410000,00:01:13.1290000
9,65,-1,9,0.0,00:01:20.8910000,00:01:20.2560000,00:01:22.0490000
9,66,12,8,0.0,00:01:28.2120000,00:01:27.4050000,00:01:28.1670000
9,67,3,6,6.0,00:01:22.4370000,00:01:21.2700000,00:01:22.2580000
9,68,13,9,0.0,00:01:46.0490000,00:01:45.5760000,00:01:46.6320000
9,69,9,12,0.0,00:01:31.2040000,00:01:31.0940000,NULL
9,70,9,9,0.0,00:01:12.0400000,00:01:11.5890000,00:01:12.1310000
9,337,11,9,0.0,00:01:55.5110000,00:01:54.9630000,00:01:55.8850000
9,338,2,9,18.0,00:01:25.5880000,00:01:25.1220000,00:01:25.3720000
9,339,4,6,12.0,00:01:46.2830000,00:01:46.9510000,00:01:51.0510000
9,340,5,8,10.0,00:01:36.3480000,00:01:35.5500000,00:01:35.3640000
9,341,8,7,4.0,00:01:22.4880000,00:01:21.5990000,00:01:21.3530000
9,342,3,2,15.0,00:01:15.0450000,00:01:14.5490000,00:01:14.1200000
9,343,6,7,8.0,00:01:27.7660000,00:01:27.4260000,00:01:27.0390000
9,344,7,8,6.0,00:01:16.3700000,00:01:15.6820000,00:01:15.7150000
9,345,5,6,10.0,00:01:38.1320000,00:01:38.0620000,00:01:38.1370000
9,346,-1,6,0.0,00:01:31.6800000,00:01:31.3440000,00:01:31.0400000
9,347,7,7,6.0,00:01:15.7360000,00:01:14.8350000,00:01:15.0790000
9,348,-1,8,0.0,00:01:21.1590000,00:01:20.8670000,00:01:21.3280000
9,349,3,3,15.0,00:01:56.0410000,00:01:47.3200000,00:01:46.1000000
9,350,8,9,4.0,00:01:23.2340000,00:01:22.8800000,00:01:23.0390000
9,351,7,8,6.0,00:01:47.6570000,00:01:46.9490000,00:01:46.5930000
9,352,-1,3,0.0,00:01:32.8080000,00:01:32.0420000,00:01:31.2310000
9,353,5,8,10.0,00:01:37.7030000,00:01:37.1790000,00:01:36.8240000
9,354,9,7,2.0,00:01:19.2490000,00:01:18.8770000,00:01:16.5520000
9,355,5,11,10.0,00:01:41.3360000,00:01:40.7800000,NULL
9,1010,17,20,0.0,00:01:26.0670000,NULL,NULL
9,1011,16,20,0.0,00:01:31.7990000,NULL,NULL
9,1012,17,18,0.0,00:01:35.2810000,NULL,NULL
9,1013,16,0,0.0,00:01:45.4550000,NULL,NULL
9,1014,18,17,0.0,00:01:20.2540000,NULL,NULL
9,1015,18,20,0.0,00:01:13.7510000,NULL,NULL
9,1016,18,19,0.0,00:01:14.3930000,NULL,NULL
9,1017,18,18,0.0,00:01:33.2050000,NULL,NULL
9,1018,20,17,0.0,00:01:06.2060000,NULL,NULL
9,1019,15,20,0.0,00:01:28.2570000,NULL,NULL
9,1020,10,18,1.0,00:01:14.8390000,NULL,NULL
9,1021,19,19,0.0,00:01:18.3240000,NULL,NULL
9,1022,17,0,0.0,NULL,NULL,NULL
9,1023,17,15,0.0,00:01:22.3560000,NULL,NULL
9,1024,16,19,0.0,00:01:41.1860000,NULL,NULL
9,1025,-1,18,0.0,00:01:36.4740000,NULL,NULL
9,1026,17,0,0.0,NULL,NULL,NULL
9,1027,18,20,0.0,00:01:20.1790000,NULL,NULL
9,1029,16,19,0.0,00:01:10.6140000,NULL,NULL
9,1030,19,19,0.0,00:01:39.2360000,NULL,NULL
9,1064,15,16,0.0,00:01:11.3010000,NULL,NULL
9,1065,14,17,0.0,00:01:22.5300000,NULL,NULL
10,1,4,19,5.0,00:01:25.4990000,00:01:25.2810000,00:01:26.9750000
10,2,3,3,3.0,00:01:34.9070000,00:01:34.2580000,00:01:35.6900000
10,3,7,19,2.0,00:01:36.3640000,00:01:36.0660000,NULL
10,4,7,2,2.0,00:01:33.1650000,00:01:32.6130000,00:01:33.7120000
10,5,10,6,0.0,00:01:20.8770000,00:01:20.1070000,00:01:21.2470000
10,6,10,20,0.0,00:01:16.7880000,NULL,NULL
10,7,8,13,1.0,00:01:28.1600000,00:01:27.7950000,NULL
10,8,9,8,0.0,00:01:19.1980000,00:01:18.7910000,00:01:20.4900000
10,9,9,20,0.0,00:01:32.4230000,NULL,NULL
10,10,6,13,3.0,00:01:21.5840000,00:01:21.2420000,NULL
10,11,14,13,0.0,00:01:39.4590000,00:01:38.9910000,NULL
10,12,10,7,0.0,00:01:45.4500000,00:01:44.8770000,00:01:46.6770000
10,13,11,16,0.0,00:01:24.0360000,NULL,NULL
10,14,2,6,8.0,00:01:47.7700000,00:01:46.7070000,00:01:49.1800000
10,15,-1,20,0.0,00:01:31.5500000,NULL,NULL
10,18,-1,18,0.0,00:01:26.9190000,00:01:26.1640000,00:01:29.5930000
10,19,-1,10,0.0,00:01:35.8910000,00:01:35.0000000,00:01:39.6560000
10,20,9,13,0.0,00:01:32.8000000,00:01:32.5280000,NULL
10,21,11,14,0.0,00:01:21.4270000,00:01:21.2300000,NULL
10,22,13,15,0.0,00:01:26.6140000,00:01:27.8060000,NULL
10,23,12,10,0.0,00:01:16.2850000,00:01:15.9070000,NULL
10,24,4,11,5.0,00:01:18.3210000,00:01:18.0310000,NULL
10,25,11,8,0.0,00:01:15.7270000,00:01:15.5580000,00:01:17.5960000
10,26,12,12,0.0,00:01:20.8930000,00:01:20.2740000,NULL
10,27,-1,11,0.0,00:01:15.5600000,00:01:15.5080000,NULL
10,28,2,5,8.0,00:01:19.9800000,00:01:19.2460000,00:01:21.3260000
10,29,7,13,2.0,00:01:38.5320000,00:01:38.4990000,NULL
10,30,9,13,0.0,00:01:47.3590000,00:01:46.9950000,NULL
10,31,11,9,0.0,00:01:35.7370000,00:01:36.5250000,00:01:39.7870000
10,32,4,7,5.0,00:01:45.1840000,00:01:44.4410000,00:01:46.3280000
10,33,-1,8,0.0,00:01:17.9450000,00:01:17.6700000,00:01:19.1180000
10,34,7,12,2.0,00:01:36.2100000,00:01:35.9370000,NULL
10,35,6,10,3.0,00:01:12.2230000,00:01:11.9090000,00:01:14.2300000
10,97,7,16,2.0,00:01:16.3230000,NULL,NULL
10,105,15,16,0.0,00:01:37.1400000,NULL,NULL
10,106,15,17,0.0,00:01:43.5330000,NULL,NULL
10,107,15,17,0.0,00:01:13.5020000,NULL,NULL
10,337,-1,19,0.0,00:01:59.7280000,NULL,NULL
10,338,-1,23,0.0,00:01:29.5920000,NULL,NULL
10,339,-1,16,0.0,00:01:52.3980000,00:01:52.5200000,NULL
10,340,-1,19,0.0,00:01:39.2780000,NULL,NULL
10,341,18,22,0.0,00:01:25.4750000,NULL,NULL
10,342,-1,20,0.0,00:01:17.3770000,NULL,NULL
10,343,18,21,0.0,00:01:30.7440000,NULL,NULL
10,344,-1,21,0.0,00:01:18.9410000,NULL,NULL
10,345,19,22,0.0,00:01:42.1400000,NULL,NULL
10,346,18,19,0.0,00:01:34.7750000,NULL,NULL
10,347,18,23,0.0,00:01:18.3430000,NULL,NULL
10,348,16,18,0.0,00:01:24.0500000,NULL,NULL
10,349,18,20,0.0,00:02:01.3160000,00:01:52.0490000,NULL
10,350,17,24,0.0,00:01:25.9340000,NULL,NULL
10,351,-1,18,0.0,00:01:50.2710000,NULL,NULL
10,352,14,22,0.0,00:01:36.3320000,NULL,NULL
10,353,-1,19,0.0,00:01:40.7480000,NULL,NULL
10,354,20,17,0.0,00:01:22.1300000,NULL,NULL
10,355,-1,21,0.0,00:01:44.0950000,NULL,NULL
10,841,-1,21,0.0,00:01:29.8580000,NULL,NULL
10,842,16,21,0.0,00:01:40.6480000,NULL,NULL
10,843,21,22,0.0,00:01:39.7080000,NULL,NULL
10,844,-1,21,0.0,00:01:30.8130000,NULL,NULL
10,845,19,20,0.0,00:01:27.3150000,NULL,NULL
10,846,-1,20,0.0,00:01:17.9140000,NULL,NULL
10,847,16,21,0.0,00:01:18.5370000,NULL,NULL
10,848,21,21,0.0,00:01:42.5530000,NULL,NULL
10,849,16,20,0.0,00:01:36.2030000,NULL,NULL
10,850,17,19,0.0,00:01:36.4000000,NULL,NULL
10,851,17,20,0.0,00:01:26.2940000,NULL,NULL
10,852,18,19,0.0,00:02:09.5660000,NULL,NULL
10,853,15,21,0.0,00:01:27.5910000,NULL,NULL
10,854,-1,21,0.0,00:01:52.1540000,NULL,NULL
10,855,20,21,0.0,00:01:36.5070000,NULL,NULL
10,856,18,21,0.0,00:01:42.0910000,NULL,NULL
10,857,-1,22,0.0,00:01:34.0460000,NULL,NULL
10,858,19,19,0.0,00:01:44.5150000,NULL,NULL
10,859,-1,24,0.0,00:01:17.0600000,NULL,NULL
10,860,14,20,0.0,00:01:30.9230000,NULL,NULL
10,861,17,20,0.0,00:01:40.9030000,NULL,NULL
10,862,19,20,0.0,00:01:39.2820000,NULL,NULL
10,863,19,23,0.0,00:01:37.9050000,NULL,NULL
10,864,18,21,0.0,00:01:27.0320000,NULL,NULL
10,865,14,19,0.0,00:01:17.9470000,NULL,NULL
10,866,21,21,0.0,00:01:17.9010000,NULL,NULL
10,868,18,20,0.0,00:01:51.6180000,NULL,NULL
10,869,22,22,0.0,00:01:19.2910000,NULL,NULL
10,870,21,22,0.0,00:01:25.4760000,NULL,NULL
10,871,15,20,0.0,00:01:52.3360000,NULL,NULL
10,872,17,19,0.0,00:01:27.0390000,NULL,NULL
10,873,12,20,0.0,00:01:51.3700000,NULL,NULL
10,874,16,18,0.0,00:01:35.2130000,NULL,NULL
10,875,18,20,0.0,00:01:41.3710000,NULL,NULL
10,876,20,21,0.0,00:01:29.6130000,NULL,NULL
10,877,14,21,0.0,00:01:45.4260000,NULL,NULL
10,879,16,21,0.0,00:01:17.5080000,NULL,NULL
11,18,-1,19,0.0,00:01:28.2080000,NULL,NULL
11,19,16,19,0.0,00:01:37.0870000,NULL,NULL
11,20,17,22,0.0,00:01:35.7250000,NULL,NULL
11,21,13,22,0.0,00:01:23.4960000,NULL,NULL
11,36,12,10,0.0,00:01:27.3650000,00:01:26.7580000,00:01:28.8710000
11,37,13,14,0.0,00:01:36.4300000,00:01:35.9450000,NULL
11,38,-1,17,0.0,00:01:33.9840000,NULL,NULL
11,39,8,13,1.0,00:01:22.0900000,00:01:22.1150000,NULL
11,40,17,21,0.0,00:01:18.5540000,NULL,NULL
11,41,6,11,3.0,00:01:17.4900000,00:01:16.7430000,NULL
11,43,16,22,0.0,00:01:16.2440000,NULL,NULL
11,44,14,21,0.0,00:01:22.0450000,NULL,NULL
11,45,-1,16,0.0,00:01:32.6780000,00:01:32.8380000,NULL
11,46,15,19,0.0,00:01:22.1430000,NULL,NULL
11,47,18,17,0.0,00:01:28.9530000,NULL,NULL
11,48,16,17,0.0,00:01:23.7490000,NULL,NULL
11,49,15,18,0.0,00:01:47.9800000,NULL,NULL
11,50,15,21,0.0,00:01:28.7620000,NULL,NULL
11,51,14,20,0.0,00:01:38.2180000,NULL,NULL
11,52,12,18,0.0,00:01:14.0980000,NULL,NULL
11,53,18,20,0.0,00:01:37.4110000,NULL,NULL
11,54,14,17,0.0,00:01:39.0110000,NULL,NULL
11,55,12,21,0.0,00:01:32.2790000,NULL,NULL
11,56,-1,21,0.0,00:01:27.6090000,NULL,NULL
11,57,-1,20,0.0,00:01:35.2390000,NULL,NULL
11,58,17,19,0.0,00:01:18.9200000,NULL,NULL
11,59,-1,19,0.0,00:01:17.2760000,NULL,NULL
11,60,17,20,0.0,00:01:26.1580000,NULL,NULL
11,61,15,20,0.0,00:01:19.0880000,NULL,NULL
11,63,-1,21,0.0,00:01:18.8450000,NULL,NULL
11,64,-1,17,0.0,00:01:17.1850000,NULL,NULL
11,65,13,19,0.0,00:01:22.9670000,NULL,NULL
11,66,-1,21,0.0,00:01:30.8500000,NULL,NULL
11,67,16,21,0.0,00:01:24.2890000,NULL,NULL
11,68,-1,21,0.0,00:01:50.3260000,NULL,NULL
11,69,15,20,0.0,00:01:33.6660000,NULL,NULL
11,70,10,19,0.0,00:01:13.2690000,NULL,NULL
11,71,-1,20,0.0,NULL,NULL,NULL
11,73,-1,13,0.0,00:01:31.1130000,00:01:34.4500000,NULL
11,74,-1,6,0.0,00:01:20.8510000,00:01:23.8070000,NULL
11,77,12,16,0.0,00:01:32.9260000,NULL,NULL
11,78,-1,6,0.0,00:01:15.7290000,NULL,NULL
11,80,11,4,0.0,00:01:14.6550000,NULL,NULL
11,81,16,7,0.0,00:01:21.1140000,NULL,NULL
11,82,12,8,0.0,00:01:15.5010000,NULL,NULL
11,83,8,10,1.0,00:01:21.7870000,NULL,NULL
11,84,9,20,0.0,00:01:30.1750000,NULL,NULL
11,85,16,4,0.0,00:01:21.4770000,NULL,NULL
11,86,-1,10,0.0,00:01:48.3530000,NULL,NULL
11,87,10,19,0.0,NULL,NULL,NULL
11,88,-1,5,0.0,00:01:46.8410000,NULL,NULL
11,89,-1,17,0.0,00:01:37.0830000,NULL,NULL
11,90,9,7,0.0,00:01:25.8510000,NULL,NULL
11,91,15,20,0.0,NULL,NULL,NULL
11,92,5,5,4.0,00:01:30.8270000,NULL,NULL
11,93,16,7,0.0,00:01:20.9130000,NULL,NULL
11,94,5,3,4.0,00:01:15.8090000,NULL,NULL
11,95,-1,7,0.0,00:01:14.8270000,NULL,NULL
11,96,-1,2,0.0,00:01:28.9860000,NULL,NULL
11,97,-1,20,0.0,00:01:17.0040000,NULL,NULL
11,99,-1,7,0.0,00:01:14.2400000,NULL,NULL
11,100,11,8,0.0,00:01:19.6880000,NULL,NULL
11,101,8,8,1.0,00:01:14.2870000,NULL,NULL
11,102,6,3,3.0,00:01:19.6930000,NULL,NULL
11,103,-1,15,0.0,00:02:01.8130000,NULL,NULL
11,104,4,5,5.0,00:01:20.7150000,NULL,NULL
11,105,6,18,3.0,00:01:34.9930000,NULL,NULL
11,106,4,4,5.0,00:01:34.8970000,NULL,NULL
11,107,6,6,3.0,00:01:11.1200000,NULL,NULL
11,123,6,13,3.0,00:01:33.9240000,NULL,NULL
11,125,9,15,0.0,00:01:38.1410000,NULL,NULL
11,140,5,7,2.0,00:01:33.0900000,NULL,NULL
12,1,-1,14,0.0,00:01:26.5980000,NULL,NULL
12,2,13,17,0.0,00:01:35.7080000,NULL,NULL
12,3,16,16,0.0,00:01:36.9080000,NULL,NULL
12,4,10,15,0.0,00:01:33.6080000,00:01:33.9410000,NULL
12,5,12,12,0.0,00:01:21.1280000,00:01:20.6040000,NULL
12,6,-1,12,0.0,00:01:16.0130000,00:01:15.8370000,NULL
12,7,16,17,0.0,00:01:28.5820000,NULL,NULL
12,8,12,14,0.0,00:01:19.5550000,00:01:19.3920000,NULL
12,9,13,10,0.0,00:01:32.1280000,00:01:35.7370000,00:01:34.8030000
12,10,12,14,0.0,00:01:21.2780000,00:01:21.3890000,NULL
12,18,-1,20,0.0,00:01:28.3300000,NULL,NULL
12,19,11,13,0.0,00:01:36.0740000,00:01:35.5620000,NULL
12,20,-1,14,0.0,00:01:32.9750000,00:01:32.7900000,NULL
12,21,-1,10,0.0,00:01:21.4090000,00:01:20.8940000,00:01:22.6990000
12,22,15,17,0.0,00:01:27.5680000,NULL,NULL
12,23,-1,17,0.0,00:01:16.9330000,NULL,NULL
12,24,-1,15,0.0,00:01:18.5050000,00:01:18.3930000,NULL
12,25,7,9,2.0,00:01:15.8480000,00:01:15.7700000,NULL
12,26,-1,7,0.0,00:01:20.8180000,00:01:20.1150000,00:01:22.4910000
12,27,2,17,8.0,00:01:16.1890000,NULL,NULL
12,28,6,10,3.0,00:01:20.5830000,00:01:20.1310000,00:01:22.3710000
12,29,11,15,0.0,00:01:38.7870000,00:01:38.7440000,NULL
12,30,-1,12,0.0,00:01:47.0520000,00:01:46.9650000,NULL
12,31,10,17,0.0,00:01:36.6300000,NULL,NULL
12,32,-1,16,0.0,00:01:46.0370000,NULL,NULL
12,33,4,12,5.0,00:01:18.3000000,00:01:18.2740000,NULL
12,34,8,10,1.0,00:01:36.0290000,00:01:35.7220000,NULL
12,35,-1,11,0.0,00:01:12.3480000,00:01:12.1370000,NULL
13,1,-1,6,0.0,00:01:25.8440000,00:01:25.3190000,00:01:27.0330000
13,2,9,16,0.0,00:01:35.6420000,NULL,NULL
13,3,-1,13,0.0,00:01:36.1780000,00:01:36.0330000,NULL
13,4,14,8,0.0,00:01:33.2970000,00:01:33.0140000,00:01:34.8180000
13,5,6,4,3.0,00:01:20.4840000,00:01:20.1490000,00:01:20.9340000
13,6,4,5,5.0,00:01:15.3400000,00:01:15.0010000,00:01:15.4370000
13,7,6,7,3.0,00:01:27.5080000,00:01:27.3490000,00:01:28.8580000
13,8,4,11,5.0,00:01:19.1480000,00:01:18.9270000,NULL
13,9,3,8,6.0,00:01:31.6000000,00:01:41.7080000,00:01:34.5740000
13,10,-1,0,0.0,00:01:21.4200000,00:01:20.8230000,NULL
13,18,-1,4,0.0,00:01:25.9940000,00:01:25.6910000,00:01:27.1780000
13,19,-1,1,0.0,00:01:35.3470000,00:01:34.4120000,00:01:35.7480000
13,20,1,2,10.0,00:01:31.9370000,00:01:31.1880000,00:01:33.1230000
13,21,2,3,8.0,00:01:21.5280000,00:01:20.5840000,00:01:22.0580000
13,22,1,1,10.0,00:01:25.9940000,00:01:26.1920000,00:01:27.6170000
13,23,3,1,6.0,00:01:15.1900000,00:01:15.1100000,00:01:15.7870000
13,24,5,6,4.0,00:01:17.2310000,00:01:17.3530000,00:01:19.0480000
13,25,1,2,10.0,00:01:15.0240000,00:01:15.0410000,00:01:16.4900000
13,26,13,9,0.0,00:01:20.6760000,00:01:20.0860000,00:01:23.3050000
13,27,3,2,6.0,00:01:14.9210000,00:01:14.7470000,00:01:15.8590000
13,28,17,3,0.0,00:01:19.5780000,00:01:19.0680000,00:01:21.1910000
13,29,1,1,10.0,00:01:38.1760000,00:01:37.8590000,00:01:38.9890000
13,30,1,2,10.0,00:01:46.8730000,00:01:46.3910000,00:01:47.6780000
13,31,6,6,3.0,00:01:35.5360000,00:01:36.6760000,00:01:38.8940000
13,32,13,1,0.0,00:01:44.5190000,00:01:44.0140000,00:01:44.8010000
13,33,7,5,2.0,00:01:18.1100000,00:01:17.2870000,00:01:18.8740000
13,34,2,3,8.0,00:01:35.9710000,00:01:35.1350000,00:01:36.8890000
13,35,1,1,10.0,00:01:11.8300000,00:01:11.8750000,00:01:12.3680000
13,36,6,22,3.0,00:01:26.7120000,NULL,NULL
13,37,5,1,4.0,00:01:35.3400000,00:01:34.4540000,00:01:35.0430000
13,38,1,1,10.0,00:01:32.4430000,00:01:31.3590000,00:01:32.6520000
13,39,1,1,10.0,00:01:21.3750000,00:01:20.5970000,00:01:21.4210000
13,40,3,3,6.0,00:01:16.7860000,00:01:16.0340000,00:01:15.9670000
13,41,-1,5,0.0,00:01:16.7560000,00:01:16.1380000,00:01:16.5700000
13,43,2,1,8.0,00:01:15.3030000,00:01:14.8220000,00:01:15.0340000
13,44,5,4,4.0,00:01:19.7900000,00:01:19.4210000,00:01:20.2650000
13,45,2,3,8.0,00:01:31.4470000,00:01:30.9120000,00:01:31.7780000
13,46,13,14,0.0,00:01:20.4080000,00:01:21.0210000,NULL
13,47,1,1,10.0,00:01:27.4880000,00:01:27.0390000,00:01:27.3290000
13,48,-1,3,0.0,00:01:22.3090000,00:01:21.9930000,00:01:22.5490000
13,49,2,2,8.0,00:01:46.0600000,00:01:45.1730000,00:01:46.0110000
13,50,6,4,3.0,00:01:25.3590000,00:01:25.0490000,00:01:25.7650000
13,51,3,3,6.0,00:01:35.7920000,00:01:35.7960000,00:01:36.2210000
13,52,2,1,8.0,00:01:12.3030000,00:01:12.3740000,00:01:11.9310000
13,53,9,2,0.0,00:01:33.5790000,00:01:32.0140000,00:01:31.4780000
13,54,5,21,4.0,00:01:35.0910000,NULL,NULL
13,55,-1,15,0.0,00:01:28.8680000,NULL,NULL
13,56,4,4,5.0,00:01:24.8840000,00:01:23.5950000,00:01:23.7020000
13,57,3,3,6.0,00:01:31.9210000,00:01:30.7320000,00:01:30.4070000
13,58,4,4,5.0,00:01:16.3590000,00:01:15.2450000,00:01:15.4420000
13,59,9,21,0.0,NULL,NULL,NULL
13,60,5,4,4.0,00:01:21.6470000,00:01:20.8460000,00:01:20.7640000
13,61,5,10,4.0,00:01:16.2590000,00:01:15.5550000,00:01:17.2090000
13,63,3,2,6.0,00:01:16.2770000,00:01:15.6790000,00:01:15.5100000
13,64,2,3,8.0,00:01:14.4120000,00:01:14.0940000,00:01:14.5690000
13,65,7,2,2.0,00:01:19.7420000,00:01:19.5040000,00:01:19.8860000
13,66,1,1,10.0,00:01:27.3060000,00:01:27.0590000,00:01:26.9070000
13,67,9,4,0.0,00:01:22.0280000,00:01:21.2250000,00:01:21.7040000
13,68,-1,20,0.0,00:01:47.2310000,00:01:45.9700000,NULL
13,69,2,1,8.0,00:01:30.1120000,00:01:29.8300000,00:01:29.5990000
13,70,1,1,10.0,00:01:10.6430000,00:01:10.7750000,00:01:10.6800000
13,71,10,18,0.0,NULL,NULL,NULL
13,72,10,14,0.0,00:01:34.1510000,00:01:37.7330000,NULL
13,73,7,12,2.0,00:01:30.9330000,00:01:34.2690000,NULL
13,74,10,18,0.0,00:01:20.5930000,00:01:24.3370000,NULL
13,75,11,10,0.0,00:01:15.8630000,00:01:18.3610000,NULL
13,76,9,11,0.0,00:01:16.2180000,00:01:18.9020000,NULL
13,77,14,11,0.0,00:01:32.2050000,NULL,NULL
13,78,4,11,5.0,00:01:16.6610000,NULL,NULL
13,80,-1,9,0.0,00:01:15.5660000,NULL,NULL
13,81,10,16,0.0,00:01:22.4950000,NULL,NULL
13,82,8,13,1.0,00:01:16.0090000,NULL,NULL
13,83,14,14,0.0,00:01:22.5650000,NULL,NULL
13,84,-1,8,0.0,00:01:28.4190000,NULL,NULL
13,85,9,15,0.0,00:01:23.0600000,NULL,NULL
13,86,10,7,0.0,00:01:47.8670000,NULL,NULL
13,87,11,8,0.0,00:01:13.1510000,NULL,NULL
13,88,10,10,0.0,00:01:48.2780000,NULL,NULL
13,89,6,11,3.0,00:01:35.8980000,NULL,NULL
13,90,-1,11,0.0,00:01:27.0650000,NULL,NULL
13,91,8,11,1.0,00:01:35.0390000,NULL,NULL
13,92,12,13,0.0,00:01:32.5360000,NULL,NULL
13,93,10,12,0.0,00:01:21.5320000,NULL,NULL
13,94,9,17,0.0,00:01:17.8660000,NULL,NULL
13,95,5,16,4.0,00:01:16.2480000,NULL,NULL
13,96,9,16,0.0,00:01:31.9820000,NULL,NULL
13,97,-1,17,0.0,NULL,NULL,NULL
13,99,13,16,0.0,00:01:16.2000000,NULL,NULL
13,100,9,10,0.0,00:01:20.2020000,NULL,NULL
13,101,13,16,0.0,00:01:15.6160000,NULL,NULL
13,102,-1,20,0.0,NULL,NULL,NULL
13,103,4,8,5.0,00:01:59.0080000,NULL,NULL
13,104,12,16,0.0,00:01:22.2870000,NULL,NULL
13,105,8,4,1.0,00:01:34.7590000,NULL,NULL
13,106,9,19,0.0,NULL,NULL,NULL
13,107,8,4,1.0,00:01:10.9220000,NULL,NULL
13,125,6,14,1.0,00:01:38.0570000,NULL,NULL
13,140,-1,15,0.0,00:01:33.9790000,NULL,NULL
13,337,2,2,18.0,00:01:55.3130000,00:01:54.3310000,00:01:54.2420000
13,338,3,5,15.0,00:01:25.5480000,00:01:25.0100000,00:01:24.8370000
13,339,7,21,6.0,00:01:53.2830000,NULL,NULL
13,340,9,7,2.0,00:01:36.0760000,00:01:35.2900000,00:01:35.1800000
13,341,6,9,8.0,00:01:22.5640000,00:01:21.8410000,00:01:21.5850000
13,342,4,4,12.0,00:01:14.7570000,00:01:14.4050000,00:01:14.2830000
13,343,7,8,6.0,00:01:27.9930000,00:01:27.2000000,00:01:27.0820000
13,344,15,6,0.0,00:01:16.6730000,00:01:16.3140000,00:01:15.6880000
13,345,11,5,0.0,00:01:38.6570000,00:01:38.0460000,00:01:38.1270000
13,346,15,7,0.0,00:01:31.3130000,00:01:31.0100000,00:01:31.1720000
13,347,2,3,18.0,00:01:15.2160000,00:01:14.4780000,00:01:14.2900000
13,348,4,4,12.0,00:01:21.2990000,00:01:20.8570000,00:01:20.3310000
13,349,4,6,12.0,00:01:58.3230000,00:01:47.3220000,00:01:46.3140000
13,350,3,3,15.0,00:01:22.4210000,00:01:22.6100000,00:01:22.2930000
13,351,8,24,4.0,NULL,NULL,NULL
13,352,-1,12,0.0,00:01:32.7210000,00:01:32.3210000,NULL
13,353,3,6,15.0,00:01:37.5150000,00:01:36.1690000,00:01:36.5710000
13,354,15,9,0.0,00:01:19.7780000,00:01:19.2000000,00:01:17.1010000
13,355,10,6,1.0,00:01:40.9420000,00:01:40.3230000,00:01:40.2020000
13,841,7,8,6.0,00:01:26.0310000,00:01:25.6110000,00:01:25.5990000
13,842,5,7,10.0,00:01:36.7440000,00:01:36.5570000,00:01:36.2510000
13,843,6,6,8.0,00:01:35.4780000,00:01:35.4370000,00:01:35.1450000
13,844,11,10,0.0,00:01:27.0130000,00:01:26.3950000,NULL
13,845,-1,8,0.0,00:01:23.5060000,00:01:23.0260000,00:01:22.8880000
13,846,-1,6,0.0,00:01:16.3090000,00:01:14.6480000,00:01:14.8770000
13,847,6,3,8.0,00:01:14.0260000,00:01:13.4310000,00:01:13.2170000
13,848,5,5,10.0,00:01:38.4130000,00:01:38.5660000,00:01:37.5350000
13,849,5,4,10.0,00:01:32.7600000,00:01:31.6400000,00:01:31.1240000
13,850,5,5,10.0,00:01:31.8260000,00:01:31.5820000,00:01:30.9100000
13,851,6,4,8.0,00:01:22.1300000,00:01:21.0990000,00:01:20.3500000
13,852,8,4,4.0,00:02:05.8340000,00:02:04.5070000,00:01:50.2560000
13,853,6,6,8.0,00:01:24.5230000,00:01:23.6810000,00:01:23.1880000
13,854,9,6,2.0,00:01:47.9450000,00:01:45.9550000,00:01:45.8000000
13,855,7,4,6.0,00:01:33.2350000,00:01:31.9090000,00:01:30.8040000
13,856,6,5,8.0,00:01:38.6700000,00:01:37.3130000,00:01:36.8310000
13,857,-1,6,0.0,00:01:27.0120000,00:01:25.5220000,00:01:25.1220000
13,858,5,6,10.0,00:01:41.5920000,00:01:39.6230000,00:01:39.6950000
13,859,5,7,10.0,00:01:14.2690000,00:01:13.2910000,00:01:13.0680000
13,860,-1,16,0.0,00:01:27.6330000,00:01:27.4970000,NULL
13,861,15,12,0.0,00:01:38.3810000,00:01:37.7310000,NULL
13,862,13,12,0.0,00:01:36.5560000,00:01:36.2550000,NULL
13,863,9,14,2.0,00:01:34.3720000,00:01:33.9120000,NULL
13,864,15,16,0.0,00:01:23.8860000,00:01:23.4440000,NULL
13,865,6,7,8.0,00:01:15.9830000,00:01:14.9110000,00:01:15.0490000
13,866,10,6,1.0,00:01:15.1940000,00:01:14.6410000,00:01:14.4650000
13,867,16,13,0.0,00:01:39.3880000,00:01:38.7800000,NULL
13,868,4,5,12.0,00:01:47.4010000,00:01:56.3880000,00:01:53.0650000
13,869,12,13,0.0,00:01:16.2650000,00:01:40.2120000,NULL
13,870,9,7,2.0,00:01:22.2030000,00:01:21.5340000,00:01:21.9000000
13,871,5,14,10.0,00:01:49.5880000,00:01:49.1470000,NULL
13,872,4,3,12.0,00:01:24.8820000,00:01:24.5050000,00:01:24.2470000
13,873,8,13,4.0,00:01:49.7670000,00:01:48.3440000,NULL
13,874,2,10,18.0,00:01:32.9460000,00:01:32.2930000,NULL
13,875,4,6,12.0,00:01:38.9370000,00:01:38.2530000,00:01:37.8840000
13,876,6,6,8.0,00:01:26.9390000,00:01:26.1110000,00:01:25.8570000
13,877,7,8,6.0,00:01:41.9740000,00:01:41.8460000,00:01:41.7230000
13,879,3,5,15.0,00:01:16.2630000,00:01:14.0480000,00:01:12.9870000
13,880,4,4,12.0,00:01:44.6350000,00:01:36.6660000,00:01:28.4900000
13,881,5,2,10.0,00:01:37.7120000,00:01:36.8740000,00:01:50.5870000
13,882,6,5,8.0,00:01:35.9720000,00:01:35.4030000,00:01:34.9330000
13,883,15,4,0.0,00:01:33.7800000,00:01:33.3580000,00:01:33.2070000
13,884,3,9,15.0,00:01:22.4920000,00:01:21.9780000,00:01:21.2190000
13,885,-1,21,0.0,NULL,NULL,NULL
13,886,8,16,4.0,00:01:23.7350000,00:01:30.3540000,NULL
13,887,6,11,8.0,00:01:32.2410000,00:01:31.7790000,NULL
13,888,-1,7,0.0,00:01:30.5470000,00:01:29.8250000,00:01:31.1260000
13,890,8,7,4.0,00:01:21.0040000,00:01:20.4600000,00:01:19.9290000
13,891,7,10,6.0,00:02:01.4620000,00:01:49.0200000,00:02:04.0590000
13,892,4,4,12.0,00:01:24.9500000,00:01:24.4790000,00:01:24.1320000
13,893,6,6,8.0,00:01:45.6580000,00:01:44.3760000,00:01:43.8900000
13,894,9,6,2.0,00:01:38.8840000,00:01:38.2950000,00:01:38.2230000
13,895,10,5,1.0,00:01:31.9940000,00:01:31.6680000,00:01:31.3780000
13,896,4,5,12.0,00:01:25.7930000,00:01:25.3890000,00:01:25.2010000
13,897,8,7,4.0,00:01:41.2540000,00:01:40.9890000,00:01:41.0150000
13,899,7,9,6.0,00:01:26.8170000,00:01:27.0490000,00:01:28.1090000
13,900,-1,9,0.0,00:01:31.2280000,00:01:44.2420000,00:01:48.0790000
13,901,7,13,6.0,00:02:00.0470000,00:02:02.4600000,NULL
13,902,7,7,6.0,00:01:35.0850000,00:01:34.8420000,00:01:34.5110000
13,903,15,6,0.0,00:01:56.8500000,00:01:56.7570000,00:01:56.1470000
13,904,13,9,0.0,00:01:28.0610000,00:01:27.0160000,00:01:27.4020000
13,905,7,16,6.0,00:01:18.2090000,NULL,NULL
13,906,12,5,0.0,00:01:16.6660000,00:01:15.7730000,00:01:15.5780000
13,907,4,1,12.0,00:01:10.2920000,00:01:09.2390000,00:01:08.7590000
13,908,-1,15,0.0,00:01:45.6950000,NULL,NULL
13,909,-1,3,0.0,00:01:18.3810000,00:01:17.3700000,00:01:17.0780000
13,910,5,6,10.0,00:01:26.5920000,00:01:24.0300000,00:01:24.2230000
13,911,13,9,0.0,00:02:08.4030000,00:02:08.8330000,00:02:09.1780000
13,912,3,4,15.0,00:01:25.5280000,00:01:25.0460000,00:01:24.8650000
13,913,5,6,10.0,00:01:47.6150000,00:01:46.4720000,00:01:46.0000000
13,914,7,4,6.0,00:01:34.4830000,00:01:33.5510000,00:01:33.5270000
13,915,11,18,0.0,00:01:43.0640000,NULL,NULL
13,917,3,3,15.0,00:01:10.6020000,00:01:10.3430000,00:01:10.2470000
13,918,2,4,36.0,00:01:41.4750000,00:01:41.1440000,00:01:41.1190000
13,926,4,3,12.0,00:01:29.2460000,00:01:27.8950000,00:01:27.7180000
13,927,6,7,8.0,00:01:40.5430000,00:01:41.2300000,00:01:52.4730000
13,928,5,4,10.0,00:01:38.4330000,00:01:37.3570000,00:01:36.9540000
13,929,10,6,1.0,00:01:34.4880000,00:01:33.5510000,00:01:33.7440000
13,930,6,9,8.0,00:01:27.1650000,00:01:26.1470000,00:01:26.7570000
13,931,15,12,0.0,00:01:17.6790000,00:01:17.2780000,NULL
13,932,6,15,8.0,00:01:17.8860000,NULL,NULL
13,933,3,4,15.0,00:01:11.8300000,00:01:09.7190000,00:01:09.1920000
13,934,4,3,12.0,00:01:34.5420000,00:01:33.7070000,00:01:33.0850000
13,936,12,8,0.0,00:01:23.8950000,00:01:23.5980000,00:01:23.5370000
13,937,6,6,8.0,00:01:49.6880000,00:01:48.8060000,00:01:48.6850000
13,938,3,5,15.0,00:01:25.1840000,00:01:23.9830000,00:01:23.9400000
13,939,-1,9,0.0,00:01:46.8790000,00:01:45.7010000,00:01:46.0770000
13,940,17,5,0.0,00:01:34.7440000,00:01:33.3770000,00:01:33.3370000
13,941,4,15,12.0,00:01:38.9260000,00:01:39.8950000,NULL
13,943,6,7,8.0,00:01:21.3790000,00:01:20.6420000,00:01:20.5670000
13,944,-1,8,0.0,00:01:12.9800000,00:01:12.8580000,00:01:12.4150000
13,945,8,8,4.0,00:01:42.3030000,00:01:42.3490000,00:01:41.7590000
13,948,5,6,10.0,00:01:25.9180000,00:01:25.6440000,00:01:25.4580000
13,949,8,7,4.0,00:01:32.0450000,00:01:31.3740000,00:01:31.1550000
13,950,6,10,8.0,00:01:38.0160000,00:01:37.3470000,NULL
13,951,5,4,10.0,00:01:37.7530000,00:01:37.2300000,00:01:37.0160000
13,952,8,18,4.0,00:01:24.9410000,NULL,NULL
13,953,10,14,1.0,00:01:15.7100000,00:01:15.3850000,NULL
13,954,-1,8,0.0,00:01:14.8150000,00:01:13.8640000,00:01:13.7690000
13,955,10,5,1.0,00:01:45.4940000,00:01:44.6960000,00:01:44.4830000
13,956,20,0,0.0,00:01:07.4190000,00:01:07.1450000,00:01:11.9770000
13,957,11,12,0.0,00:01:32.1460000,00:01:32.0020000,NULL
13,958,18,18,0.0,00:01:43.9990000,NULL,NULL
13,959,-1,10,0.0,00:01:16.5030000,00:01:15.6990000,00:01:15.6150000
13,960,10,10,1.0,00:01:47.7380000,00:01:47.6670000,00:01:48.2630000
13,961,9,11,2.0,00:01:23.4890000,00:01:22.9670000,NULL
13,962,12,11,0.0,00:01:46.0560000,00:01:44.9910000,NULL
13,963,13,10,0.0,00:01:35.2670000,00:01:34.4220000,00:01:34.6710000
13,964,9,12,2.0,00:01:32.5620000,00:01:32.3800000,NULL
13,966,9,9,2.0,00:01:20.4230000,00:01:20.1510000,00:01:20.0320000
13,967,-1,13,0.0,00:01:12.4320000,00:01:12.5210000,NULL
13,968,9,10,2.0,00:01:41.1570000,00:01:40.8580000,00:01:41.2130000
13,969,6,7,8.0,00:01:25.0990000,00:01:24.5970000,00:01:24.4430000
13,970,14,6,0.0,00:01:34.2050000,00:01:33.7590000,00:01:33.5070000
13,971,6,8,8.0,00:01:31.3730000,00:01:30.6770000,00:01:30.0740000
13,972,9,6,2.0,00:01:35.8280000,00:01:35.0490000,00:01:35.1100000
13,973,13,9,0.0,00:01:22.1380000,00:01:21.2220000,00:01:21.2320000
13,974,9,14,2.0,00:01:13.7960000,00:01:20.5290000,NULL
13,975,-1,7,0.0,00:01:13.4350000,00:01:13.0120000,00:01:12.8580000
13,976,-1,9,0.0,00:01:43.1650000,00:01:42.7350000,00:01:42.7980000
13,977,9,17,2.0,00:01:06.5340000,NULL,NULL
13,978,10,14,1.0,00:01:41.8740000,00:01:31.4820000,NULL
13,980,8,16,4.0,00:01:45.8230000,NULL,NULL
13,981,8,7,4.0,00:01:38.3380000,00:01:37.4560000,00:01:38.2510000
13,982,11,17,0.0,00:01:44.0140000,NULL,NULL
13,983,9,11,2.0,00:01:32.2670000,00:01:32.0340000,NULL
13,984,10,8,1.0,00:01:30.3520000,00:01:29.6870000,00:01:29.4800000
13,986,11,10,0.0,00:01:18.5700000,00:01:18.0990000,NULL
13,987,7,9,6.0,00:01:09.7890000,00:01:09.6120000,00:01:09.8410000
13,988,10,10,1.0,00:01:38.6290000,00:01:38.5650000,00:01:38.5500000
14,18,-1,8,0.0,00:01:26.3810000,00:01:26.0630000,00:01:29.0410000
14,19,9,12,0.0,00:01:36.0580000,00:01:35.4080000,NULL
14,20,18,17,0.0,00:01:33.4330000,NULL,NULL
14,21,12,17,0.0,00:01:21.8100000,NULL,NULL
14,22,9,10,0.0,00:01:26.9390000,00:01:26.5200000,00:01:29.9590000
14,23,-1,15,0.0,00:01:16.0860000,00:01:15.8390000,NULL
14,24,3,13,6.0,00:01:18.1680000,00:01:18.2380000,NULL
14,25,9,7,0.0,00:01:15.8020000,00:01:15.6540000,00:01:17.4260000
14,26,-1,11,0.0,00:01:21.2240000,00:01:20.1740000,NULL
14,27,13,10,0.0,00:01:15.9750000,00:01:15.3380000,00:01:17.5030000
14,28,11,13,0.0,00:01:20.5050000,00:01:20.5020000,NULL
14,29,17,17,0.0,00:01:39.2350000,NULL,NULL
14,30,11,14,0.0,00:01:47.1320000,00:01:47.0180000,NULL
14,31,16,13,0.0,00:01:36.4850000,00:01:37.2840000,NULL
14,32,7,14,2.0,00:01:46.0280000,00:01:45.2980000,NULL
14,33,-1,11,0.0,00:01:18.3030000,00:01:18.1870000,NULL
14,34,10,15,0.0,00:01:36.7310000,NULL,NULL
14,35,-1,14,0.0,00:01:12.6900000,00:01:12.7170000,NULL
14,36,-1,18,0.0,00:01:28.5790000,NULL,NULL
14,37,-1,13,0.0,00:01:35.7300000,00:01:35.7660000,NULL
14,38,-1,21,0.0,00:01:35.3410000,NULL,NULL
14,39,5,9,4.0,00:01:22.4910000,00:01:21.4880000,00:01:22.7490000
14,40,14,13,0.0,00:01:17.2040000,00:01:16.3190000,NULL
14,41,-1,14,0.0,00:01:17.4360000,00:01:17.3040000,NULL
14,43,13,16,0.0,00:01:15.9150000,NULL,NULL
14,44,11,12,0.0,00:01:21.1540000,00:01:20.3290000,NULL
14,45,5,20,4.0,00:01:33.1510000,NULL,NULL
14,46,11,10,0.0,00:01:21.2910000,00:01:20.7180000,NULL
14,47,10,13,0.0,00:01:28.3950000,00:01:28.1000000,NULL
14,48,-1,20,0.0,00:01:24.0190000,NULL,NULL
14,49,-1,11,0.0,00:01:47.3400000,00:01:46.8000000,NULL
14,50,4,12,5.0,00:01:26.9040000,00:01:26.2470000,NULL
14,51,8,5,1.0,00:01:36.9300000,00:01:36.2520000,00:01:37.6190000
14,52,9,9,0.0,00:01:13.2640000,00:01:12.8460000,00:01:13.2720000
14,53,10,13,0.0,00:01:33.6780000,00:01:32.8500000,NULL
14,54,-1,19,0.0,00:01:34.8390000,00:01:34.6140000,NULL
14,55,8,11,1.0,00:01:28.4080000,00:01:27.0230000,NULL
14,56,-1,14,0.0,00:01:24.8490000,00:01:24.1010000,NULL
14,57,-1,12,0.0,00:01:31.7420000,00:01:31.2270000,NULL
14,58,14,21,0.0,NULL,NULL,NULL
14,59,3,7,6.0,00:01:15.0900000,00:01:13.6870000,00:01:16.4260000
14,60,12,11,0.0,00:01:22.4240000,00:01:21.4420000,NULL
14,61,8,22,1.0,00:01:16.5140000,00:01:16.3010000,NULL
14,63,9,9,0.0,00:01:16.3500000,00:01:15.9740000,00:01:18.6630000
14,64,11,10,0.0,00:01:15.8360000,00:01:14.8260000,00:01:16.3260000
14,65,5,12,4.0,00:01:21.1630000,00:01:20.8900000,NULL
14,66,15,16,0.0,00:01:29.1360000,NULL,NULL
14,67,12,14,0.0,00:01:22.6180000,00:01:22.5890000,NULL
14,68,9,12,0.0,00:01:45.9310000,00:01:45.9680000,NULL
14,69,-1,17,0.0,00:01:32.2520000,NULL,NULL
14,70,-1,18,0.0,00:01:13.2490000,NULL,NULL
14,71,4,5,5.0,00:01:38.3200000,00:01:28.8920000,NULL
14,72,6,8,3.0,00:01:33.8090000,00:01:35.8910000,NULL
14,73,8,14,1.0,00:01:31.2110000,00:01:34.6330000,NULL
14,74,11,14,0.0,00:01:21.6320000,00:01:26.4380000,NULL
14,75,8,9,1.0,00:01:15.7950000,00:01:18.3730000,NULL
14,76,-1,7,0.0,00:01:15.3290000,00:01:18.5380000,NULL
14,77,4,12,5.0,00:01:32.5530000,NULL,NULL
14,78,7,12,2.0,00:01:16.8900000,NULL,NULL
14,80,10,15,0.0,00:01:16.4340000,NULL,NULL
14,81,13,13,0.0,00:01:22.1080000,NULL,NULL
14,82,7,11,2.0,00:01:15.6790000,NULL,NULL
14,83,-1,13,0.0,00:01:22.2790000,NULL,NULL
14,84,7,12,2.0,00:01:29.7640000,NULL,NULL
14,85,15,10,0.0,00:01:22.3040000,NULL,NULL
14,86,-1,11,0.0,00:01:48.5080000,NULL,NULL
14,87,-1,14,0.0,00:01:13.8440000,NULL,NULL
14,88,6,6,3.0,00:01:46.8920000,NULL,NULL
14,89,9,7,0.0,00:01:35.4280000,NULL,NULL
14,90,8,12,1.0,00:01:27.2940000,NULL,NULL
14,91,6,9,3.0,00:01:34.6020000,NULL,NULL
14,92,-1,10,0.0,00:01:31.7190000,NULL,NULL
14,93,12,11,0.0,00:01:21.0910000,NULL,NULL
14,94,10,10,0.0,00:01:16.6360000,NULL,NULL
14,95,-1,8,0.0,00:01:14.9510000,NULL,NULL
14,96,-1,18,0.0,NULL,NULL,NULL
14,97,6,9,3.0,00:01:13.6810000,NULL,NULL
14,99,6,3,3.0,00:01:13.9870000,NULL,NULL
14,100,7,6,2.0,00:01:19.1480000,NULL,NULL
14,101,4,4,5.0,00:01:13.8210000,NULL,NULL
14,102,9,12,0.0,00:01:20.8970000,NULL,NULL
14,103,7,4,2.0,00:01:57.9900000,NULL,NULL
14,104,6,10,3.0,00:01:21.0490000,NULL,NULL
14,105,9,9,0.0,00:01:35.0290000,NULL,NULL
14,106,-1,8,0.0,00:01:36.1560000,NULL,NULL
14,107,11,12,0.0,00:01:11.7500000,NULL,NULL
14,108,1,11,10.0,00:01:29.1050000,NULL,NULL
14,109,-1,4,0.0,00:01:37.4540000,NULL,NULL
14,110,4,2,5.0,00:01:13.8180000,NULL,NULL
14,111,5,12,4.0,00:01:23.8180000,NULL,NULL
14,112,-1,8,0.0,00:01:19.1280000,NULL,NULL
14,113,5,14,4.0,00:01:10.8930000,NULL,NULL
14,114,7,6,2.0,00:01:15.7000000,NULL,NULL
14,115,-1,11,0.0,00:01:17.0240000,NULL,NULL
14,116,15,9,0.0,00:01:32.7420000,NULL,NULL
14,117,5,5,4.0,00:01:15.6280000,NULL,NULL
14,118,5,12,4.0,00:01:22.8110000,NULL,NULL
14,119,2,10,8.0,00:01:16.6660000,NULL,NULL
14,120,5,9,4.0,00:01:23.0600000,NULL,NULL
14,121,-1,8,0.0,00:01:22.4710000,NULL,NULL
14,123,3,7,6.0,00:01:33.1370000,NULL,NULL
14,125,-1,6,0.0,00:01:36.4770000,NULL,NULL
14,140,-1,3,0.0,00:01:32.0880000,NULL,NULL
14,158,-1,2,0.0,00:01:30.9100000,NULL,NULL
14,160,3,3,4.0,00:01:25.0140000,NULL,NULL
14,161,1,4,10.0,00:01:26.0880000,NULL,NULL
14,173,3,3,4.0,00:01:36.2360000,NULL,NULL
14,175,-1,2,0.0,00:01:30.9460000,NULL,NULL
14,176,-1,2,0.0,00:01:16.7150000,NULL,NULL
14,177,2,2,6.0,00:01:26.3840000,NULL,NULL
14,191,2,2,6.0,00:01:30.0530000,NULL,NULL
14,192,2,2,6.0,00:01:17.7570000,NULL,NULL
14,193,6,1,1.0,00:01:25.8520000,NULL,NULL
14,199,-1,4,0.0,00:01:24.3100000,NULL,NULL
14,200,2,14,6.0,00:01:32.3990000,NULL,NULL
14,201,2,2,6.0,00:01:42.3470000,NULL,NULL
14,203,7,2,0.0,00:01:48.8450000,NULL,NULL
14,207,1,4,10.0,00:01:31.5310000,NULL,NULL
14,208,10,12,0.0,00:01:17.2620000,NULL,NULL
14,209,-1,10,0.0,00:01:26.7990000,NULL,NULL
14,210,-1,10,0.0,00:01:25.0770000,NULL,NULL
14,211,-1,5,0.0,00:01:18.7790000,NULL,NULL
14,212,6,3,1.0,00:01:17.5210000,NULL,NULL
14,213,7,5,0.0,00:01:18.4660000,NULL,NULL
14,214,7,9,0.0,00:01:15.2700000,NULL,NULL
14,215,4,6,3.0,00:01:22.2790000,NULL,NULL
14,216,-1,8,0.0,00:01:42.6870000,NULL,NULL
14,224,-1,13,0.0,00:01:35.3510000,NULL,NULL
14,225,-1,14,0.0,00:01:20.1670000,NULL,NULL
14,226,7,9,0.0,00:01:32.0010000,NULL,NULL
14,227,3,6,4.0,00:01:20.8880000,NULL,NULL
14,228,-1,4,0.0,00:01:27.6880000,NULL,NULL
14,229,2,5,6.0,00:01:21.4600000,NULL,NULL
14,230,-1,14,0.0,00:01:23.4160000,NULL,NULL
14,240,2,3,6.0,00:01:20.4220000,NULL,NULL
14,241,-1,1,0.0,00:01:53.2410000,NULL,NULL
14,242,4,3,3.0,00:01:27.4590000,NULL,NULL
14,243,-1,4,0.0,00:01:22.3320000,NULL,NULL
14,244,-1,3,0.0,00:01:23.1090000,NULL,NULL
14,245,-1,3,0.0,00:01:28.0910000,NULL,NULL
14,246,3,3,4.0,00:01:17.9250000,NULL,NULL
14,247,3,3,4.0,00:01:28.9470000,NULL,NULL
14,248,2,3,6.0,00:01:44.5400000,NULL,NULL
14,249,2,2,6.0,00:01:17.3660000,NULL,NULL
14,250,-1,5,0.0,00:01:56.2540000,NULL,NULL
14,251,-1,1,0.0,00:01:24.4620000,NULL,NULL
14,252,1,1,10.0,00:01:20.5370000,NULL,NULL
14,253,3,1,4.0,00:01:18.7380000,NULL,NULL
14,254,2,1,6.0,00:01:14.0130000,NULL,NULL
14,255,-1,6,0.0,00:01:39.1550000,NULL,NULL
14,256,-1,2,0.0,NULL,NULL,NULL
14,261,-1,9,0.0,00:01:23.7820000,NULL,NULL
14,262,5,5,2.0,00:01:27.2110000,NULL,NULL
14,264,5,7,2.0,00:01:26.3370000,NULL,NULL
14,265,-1,6,0.0,00:01:45.1460000,NULL,NULL
14,266,-1,3,0.0,00:01:20.2050000,NULL,NULL
14,267,4,7,3.0,00:02:22.3590000,NULL,NULL
14,268,6,5,1.0,00:01:24.5020000,NULL,NULL
14,269,2,3,6.0,00:01:21.0330000,NULL,NULL
15,1,3,20,6.0,00:01:26.1940000,00:01:25.2650000,00:01:27.1270000
15,2,4,2,2.5,00:01:34.7450000,00:01:33.9900000,00:01:35.2730000
15,3,-1,6,0.0,00:01:36.3080000,00:01:35.6450000,00:01:36.8350000
15,4,3,1,6.0,00:01:32.7990000,00:01:32.6710000,00:01:33.4310000
15,5,-1,7,0.0,00:01:21.1890000,00:01:20.4200000,00:01:21.2540000
15,6,13,18,0.0,00:01:16.5480000,NULL,NULL
15,7,4,5,5.0,00:01:27.5290000,00:01:27.1950000,00:01:28.6660000
15,8,7,4,2.0,00:01:18.8860000,00:01:18.2400000,00:01:20.0910000
15,9,17,14,0.0,00:01:31.7600000,00:01:42.7710000,NULL
15,10,8,11,1.0,00:01:21.4160000,00:01:21.0820000,NULL
15,11,13,18,0.0,00:01:39.8070000,NULL,NULL
15,12,-1,2,0.0,00:01:45.1400000,00:01:44.5030000,00:01:46.3950000
15,13,14,11,0.0,00:01:24.0140000,00:01:23.6110000,NULL
15,14,12,14,0.0,00:01:47.6900000,00:01:47.4130000,NULL
15,15,2,2,8.0,00:01:31.0630000,00:01:30.7370000,00:01:32.2200000
15,16,-1,4,0.0,00:01:24.6210000,00:01:20.6350000,00:01:20.0970000
15,17,7,6,2.0,00:01:40.5170000,00:01:40.3730000,00:01:41.8970000
15,18,-1,6,0.0,00:01:26.4270000,00:01:26.1010000,00:01:28.5270000
15,19,4,3,5.0,00:01:35.2050000,00:01:34.9600000,00:01:36.7110000
15,20,6,7,3.0,00:01:32.4930000,00:01:32.1590000,00:01:33.9940000
15,21,8,8,1.0,00:01:21.1580000,00:01:20.9070000,00:01:22.5290000
15,22,10,8,0.0,00:01:26.6950000,00:01:26.8220000,00:01:28.8360000
15,23,13,8,0.0,00:01:16.3060000,00:01:15.5980000,00:01:17.2030000
15,24,6,14,3.0,00:01:18.0390000,00:01:18.3270000,NULL
15,25,3,4,6.0,00:01:15.5210000,00:01:15.3620000,00:01:16.9200000
15,26,7,14,2.0,00:01:21.1450000,00:01:20.6010000,NULL
15,27,9,4,0.0,00:01:15.5600000,00:01:15.1220000,00:01:16.1910000
15,28,7,9,2.0,00:01:19.9420000,00:01:19.4860000,00:01:21.7670000
15,29,5,7,4.0,00:01:37.9480000,00:01:37.9280000,00:01:40.3090000
15,30,16,11,0.0,00:01:47.4000000,00:01:46.9490000,NULL
15,31,13,7,0.0,00:01:35.9060000,00:01:36.0080000,00:01:39.1520000
15,32,-1,11,0.0,00:01:45.6420000,00:01:45.0380000,NULL
15,33,5,7,4.0,00:01:18.5010000,00:01:17.5410000,00:01:19.0260000
15,34,-1,7,0.0,00:01:36.1040000,00:01:35.7150000,00:01:37.9340000
15,35,8,2,1.0,00:01:12.2260000,00:01:12.1070000,00:01:12.7370000
15,36,9,8,0.0,00:01:27.0140000,00:01:26.6880000,00:01:28.4040000
15,37,7,8,2.0,00:01:35.6660000,00:01:35.2550000,00:01:36.9020000
15,38,7,9,2.0,00:01:33.2180000,00:01:32.4290000,00:01:34.1540000
15,39,-1,6,0.0,00:01:22.5010000,00:01:21.5540000,00:01:22.3240000
15,40,15,14,0.0,00:01:17.6860000,00:01:16.9880000,NULL
15,41,-1,10,0.0,00:01:17.3240000,00:01:16.6000000,00:01:17.7470000
15,43,-1,8,0.0,00:01:16.1180000,00:01:15.3790000,00:01:15.9350000
15,44,-1,10,0.0,00:01:21.1500000,00:01:20.1330000,00:01:21.2400000
15,45,13,8,0.0,00:01:32.3810000,00:01:31.8590000,00:01:32.5010000
15,46,10,8,0.0,00:01:20.4810000,00:01:19.9510000,00:01:21.2060000
15,47,16,9,0.0,00:01:28.3180000,00:01:27.8010000,00:01:28.7400000
15,48,11,9,0.0,00:01:23.7240000,00:01:23.1070000,00:01:24.5550000
15,49,11,8,0.0,00:01:47.1430000,00:01:46.4800000,00:01:47.7980000
15,50,13,13,0.0,00:01:26.7110000,00:01:26.2530000,NULL
15,51,13,12,0.0,00:01:37.2090000,00:01:36.9590000,NULL
15,52,8,8,1.0,00:01:13.4700000,00:01:12.8320000,00:01:13.1950000
15,53,16,14,0.0,00:01:33.9870000,00:01:33.0660000,NULL
15,54,9,9,0.0,00:01:35.5170000,00:01:34.7020000,NULL
15,55,-1,9,0.0,00:01:27.7480000,00:01:26.3270000,NULL
15,56,-1,9,0.0,00:01:24.4460000,00:01:23.7270000,00:01:24.1720000
15,57,9,7,0.0,00:01:31.8090000,00:01:30.7330000,00:01:31.4190000
15,58,10,7,0.0,00:01:16.1740000,00:01:15.0680000,00:01:15.9760000
15,59,17,6,0.0,00:01:14.8830000,00:01:14.2110000,00:01:15.8570000
15,60,11,22,0.0,NULL,NULL,NULL
15,61,6,4,3.0,00:01:16.4550000,00:01:15.5060000,00:01:15.9680000
15,63,-1,4,0.0,00:01:15.5500000,00:01:15.7760000,00:01:16.0360000
15,64,7,20,2.0,00:01:15.4300000,00:01:15.1500000,NULL
15,65,12,8,0.0,00:01:21.4340000,00:01:20.2310000,00:01:21.1320000
15,66,9,12,0.0,00:01:28.5490000,00:01:27.9730000,NULL
15,67,7,11,2.0,00:01:22.0930000,00:01:21.9240000,NULL
15,68,-1,17,0.0,00:01:49.0980000,NULL,NULL
15,69,6,4,3.0,00:01:30.4200000,00:01:30.2040000,00:01:30.0390000
15,70,-1,3,0.0,00:01:11.8850000,00:01:11.3430000,00:01:11.3280000
15,71,9,2,0.0,00:01:35.2700000,00:01:29.1590000,NULL
15,72,2,2,8.0,00:01:32.6720000,00:01:35.2530000,NULL
15,73,2,3,8.0,00:01:29.9930000,00:01:32.6670000,NULL
15,74,5,5,4.0,00:01:20.4920000,00:01:24.0260000,NULL
15,75,3,5,6.0,00:01:14.7950000,00:01:17.2000000,NULL
15,76,10,5,0.0,00:01:15.1890000,00:01:17.4010000,NULL
15,77,8,4,1.0,00:01:30.7000000,NULL,NULL
15,78,-1,9,0.0,00:01:16.2010000,NULL,NULL
15,80,5,2,4.0,00:01:14.5210000,NULL,NULL
15,81,9,4,0.0,00:01:20.4590000,NULL,NULL
15,82,14,9,0.0,00:01:15.5320000,NULL,NULL
15,83,4,3,5.0,00:01:20.8390000,NULL,NULL
15,84,6,5,3.0,00:01:27.5010000,NULL,NULL
15,85,5,5,4.0,00:01:21.6400000,NULL,NULL
15,86,-1,3,0.0,00:01:46.5960000,NULL,NULL
15,87,13,17,0.0,00:01:13.0410000,NULL,NULL
15,88,-1,19,0.0,NULL,NULL,NULL
15,89,15,12,0.0,00:01:36.0440000,NULL,NULL
15,90,7,9,2.0,00:01:26.2900000,NULL,NULL
15,91,5,8,4.0,00:01:34.4130000,NULL,NULL
15,92,4,7,5.0,00:01:30.9710000,NULL,NULL
15,93,5,9,4.0,00:01:21.0340000,NULL,NULL
15,94,3,4,6.0,00:01:16.1440000,NULL,NULL
15,95,1,1,10.0,00:01:13.9850000,NULL,NULL
15,96,4,3,5.0,00:01:29.1350000,NULL,NULL
15,97,-1,3,0.0,00:01:13.0230000,NULL,NULL
15,99,4,5,5.0,00:01:14.0700000,NULL,NULL
15,100,-1,5,0.0,00:01:18.7150000,NULL,NULL
15,101,11,6,0.0,00:01:14.1340000,NULL,NULL
15,102,-1,9,0.0,00:01:20.4110000,NULL,NULL
15,103,9,1,0.0,00:01:56.2320000,NULL,NULL
15,104,10,9,0.0,00:01:21.0270000,NULL,NULL
15,106,11,6,0.0,00:01:35.2130000,NULL,NULL
15,107,12,9,0.0,00:01:11.4830000,NULL,NULL
15,108,5,12,4.0,00:01:29.1360000,NULL,NULL
15,109,5,2,4.0,00:01:37.2170000,NULL,NULL
15,110,8,5,1.0,00:01:13.9530000,NULL,NULL
15,111,13,16,0.0,00:01:24.1900000,NULL,NULL
15,112,-1,4,0.0,00:01:18.6150000,NULL,NULL
15,113,8,6,1.0,00:01:09.8900000,NULL,NULL
15,114,6,4,3.0,00:01:15.5000000,NULL,NULL
15,115,-1,8,0.0,00:01:16.7180000,NULL,NULL
15,116,-1,6,0.0,00:01:31.9760000,NULL,NULL
15,117,-1,6,0.0,00:01:15.9670000,NULL,NULL
15,118,6,2,3.0,00:01:21.3810000,NULL,NULL
15,119,3,4,6.0,00:01:15.6790000,NULL,NULL
15,120,7,6,2.0,00:01:22.6100000,NULL,NULL
15,121,-1,6,0.0,00:01:21.9440000,NULL,NULL
15,123,5,20,4.0,NULL,NULL,NULL
15,125,-1,12,0.0,00:01:37.9200000,NULL,NULL
15,140,-1,11,0.0,00:01:33.5470000,NULL,NULL
15,158,-1,6,0.0,00:01:31.5040000,NULL,NULL
15,160,15,8,0.0,00:01:26.0020000,NULL,NULL
15,161,6,11,1.0,00:01:27.1640000,NULL,NULL
15,173,13,15,0.0,00:01:37.6790000,NULL,NULL
15,175,-1,12,0.0,00:01:32.9710000,NULL,NULL
15,176,-1,13,0.0,00:01:18.6840000,NULL,NULL
15,177,-1,5,0.0,00:01:28.4030000,NULL,NULL
15,191,-1,15,0.0,00:01:33.7390000,NULL,NULL
15,192,-1,12,0.0,00:01:19.0690000,NULL,NULL
15,193,11,16,0.0,00:01:29.3520000,NULL,NULL
15,199,-1,14,0.0,00:01:26.8080000,NULL,NULL
15,200,10,16,0.0,00:01:32.9060000,NULL,NULL
15,201,12,14,0.0,00:01:44.8440000,NULL,NULL
15,203,6,13,1.0,00:01:52.5720000,NULL,NULL
15,207,9,17,0.0,00:01:34.1200000,NULL,NULL
15,208,12,17,0.0,00:01:18.3360000,NULL,NULL
15,209,9,18,0.0,00:01:28.1600000,NULL,NULL
15,210,-1,20,0.0,00:01:26.9600000,NULL,NULL
15,211,-1,18,0.0,00:01:20.3490000,NULL,NULL
15,212,15,18,0.0,00:01:20.4520000,NULL,NULL
15,213,-1,20,0.0,00:01:20.3700000,NULL,NULL
15,214,10,6,0.0,00:01:14.9570000,NULL,NULL
15,215,8,13,0.0,00:01:23.3660000,NULL,NULL
15,216,4,11,3.0,00:01:43.2260000,NULL,NULL
15,337,17,20,0.0,00:01:59.8520000,NULL,NULL
15,338,-1,20,0.0,00:01:29.1110000,NULL,NULL
15,339,17,18,0.0,00:01:52.8840000,NULL,NULL
15,340,-1,20,0.0,00:01:39.3990000,NULL,NULL
15,341,17,18,0.0,00:01:24.6740000,NULL,NULL
15,342,15,19,0.0,00:01:17.1340000,NULL,NULL
15,343,-1,19,0.0,00:01:30.2370000,NULL,NULL
15,344,-1,20,0.0,00:01:18.6980000,NULL,NULL
15,345,21,19,0.0,00:01:40.6580000,NULL,NULL
15,346,16,21,0.0,00:01:34.8640000,NULL,NULL
15,347,-1,17,0.0,00:01:17.5830000,NULL,NULL
15,348,15,20,0.0,00:01:24.1990000,NULL,NULL
15,349,19,15,0.0,00:02:01.4910000,NULL,NULL
15,350,-1,17,0.0,00:01:25.5400000,NULL,NULL
15,351,-1,21,0.0,00:01:51.6410000,NULL,NULL
15,352,13,19,0.0,00:01:35.3460000,NULL,NULL
15,353,-1,18,0.0,00:01:40.5210000,NULL,NULL
15,354,19,18,0.0,00:01:22.2500000,NULL,NULL
15,355,21,19,0.0,00:01:43.5160000,NULL,NULL
15,841,13,20,0.0,00:01:29.3420000,NULL,NULL
15,842,-1,20,0.0,00:01:38.7910000,NULL,NULL
15,843,19,20,0.0,00:01:38.3180000,NULL,NULL
15,844,18,19,0.0,00:01:29.6730000,NULL,NULL
15,845,18,18,0.0,00:01:26.5210000,NULL,NULL
15,846,13,18,0.0,00:01:17.3810000,NULL,NULL
15,847,17,18,0.0,00:01:16.7450000,NULL,NULL
15,848,20,20,0.0,00:01:42.2340000,NULL,NULL
15,849,-1,21,0.0,00:01:36.4560000,NULL,NULL
15,851,-1,19,0.0,00:01:24.5340000,NULL,NULL
15,852,14,18,0.0,00:02:08.7730000,NULL,NULL
15,853,14,19,0.0,00:01:26.6470000,NULL,NULL
15,854,-1,20,0.0,00:01:51.0120000,NULL,NULL
15,855,19,19,0.0,00:01:35.5140000,NULL,NULL
15,856,17,20,0.0,00:01:41.1010000,NULL,NULL
15,857,19,19,0.0,00:01:28.7520000,NULL,NULL
15,858,18,18,0.0,00:01:43.8840000,NULL,NULL
15,859,18,20,0.0,00:01:15.3580000,NULL,NULL
16,1,9,16,0.0,00:01:26.7420000,NULL,NULL
16,2,17,19,0.0,00:01:35.9510000,NULL,NULL
16,3,17,18,0.0,00:01:37.6690000,NULL,NULL
16,4,16,19,0.0,00:01:33.7220000,NULL,NULL
16,5,-1,19,0.0,00:01:21.7420000,NULL,NULL
16,6,14,15,0.0,00:01:16.2480000,00:01:16.5450000,NULL
16,7,17,15,0.0,00:01:28.2780000,00:01:28.3910000,NULL
16,8,17,20,0.0,00:01:19.9090000,NULL,NULL
16,9,15,7,0.0,00:01:32.0150000,00:01:36.7400000,00:01:34.3160000
16,10,-1,17,0.0,00:01:21.8680000,NULL,NULL
16,11,10,12,0.0,00:01:39.1450000,00:01:38.8460000,NULL
16,12,11,11,0.0,00:01:45.2390000,00:01:45.1190000,NULL
16,13,4,2,5.0,00:01:23.5760000,00:01:23.0700000,00:01:24.2610000
16,14,-1,15,0.0,00:01:48.2310000,NULL,NULL
16,15,13,8,0.0,00:01:31.3860000,00:01:31.2220000,00:01:32.4660000
16,16,-1,3,0.0,00:01:24.4470000,00:01:20.7530000,00:01:19.9120000
16,17,17,17,0.0,00:01:41.8360000,NULL,NULL
16,18,-1,22,0.0,00:01:27.8590000,NULL,NULL
16,19,-1,20,0.0,00:01:37.1010000,NULL,NULL
16,20,19,20,0.0,00:01:33.8450000,NULL,NULL
16,21,-1,20,0.0,00:01:23.2240000,NULL,NULL
16,22,16,19,0.0,00:01:28.3250000,NULL,NULL
16,23,-1,18,0.0,00:01:17.2250000,NULL,NULL
16,24,-1,16,0.0,00:01:19.1080000,NULL,NULL
16,25,19,18,0.0,00:01:17.0530000,NULL,NULL
16,26,-1,18,0.0,00:01:21.7860000,NULL,NULL
16,27,15,19,0.0,00:01:16.6570000,NULL,NULL
16,28,-1,20,0.0,00:01:22.1130000,NULL,NULL
16,29,-1,20,0.0,00:01:39.9430000,NULL,NULL
16,30,13,18,0.0,00:01:48.2260000,NULL,NULL
16,31,19,20,0.0,00:01:37.4170000,NULL,NULL
16,32,-1,19,0.0,00:01:47.9400000,NULL,NULL
16,33,-1,19,0.0,00:01:19.1630000,NULL,NULL
16,34,-1,19,0.0,00:01:37.7300000,NULL,NULL
16,35,16,20,0.0,00:01:13.5080000,NULL,NULL
16,36,17,20,0.0,00:01:29.3390000,NULL,NULL
16,37,-1,21,0.0,00:01:38.4150000,NULL,NULL
16,38,15,20,0.0,00:01:35.2800000,NULL,NULL
16,39,13,20,0.0,00:01:23.8110000,NULL,NULL
16,40,-1,19,0.0,00:01:18.4180000,NULL,NULL
16,41,-1,20,0.0,00:01:18.5360000,NULL,NULL
16,43,17,21,0.0,00:01:17.9150000,NULL,NULL
16,44,-1,20,0.0,00:01:22.0190000,NULL,NULL
16,45,-1,21,0.0,00:01:34.5000000,NULL,NULL
16,46,17,21,0.0,00:01:22.7370000,NULL,NULL
16,47,21,19,0.0,00:01:29.8610000,NULL,NULL
16,48,19,21,0.0,00:01:24.6990000,NULL,NULL
16,49,14,19,0.0,00:01:48.0440000,NULL,NULL
16,50,8,20,1.0,00:01:28.6280000,NULL,NULL
16,51,-1,21,0.0,00:01:38.6680000,NULL,NULL
16,52,-1,21,0.0,00:01:15.2170000,NULL,NULL
16,337,12,10,0.0,00:01:55.2130000,00:01:54.9960000,00:01:56.3090000
16,338,-1,10,0.0,00:01:25.5040000,00:01:25.0460000,00:01:26.0360000
16,339,5,4,10.0,00:01:49.4790000,00:01:47.0850000,00:01:50.9140000
16,340,11,10,0.0,00:01:36.6710000,00:01:35.6650000,00:01:35.9630000
16,341,7,11,6.0,00:01:22.6280000,00:01:21.9850000,NULL
16,342,8,12,4.0,00:01:15.4450000,00:01:15.3180000,NULL
16,343,9,11,2.0,00:01:27.9510000,00:01:27.5250000,NULL
16,344,10,9,1.0,00:01:16.4950000,00:01:16.2950000,00:01:15.8810000
16,345,6,13,8.0,00:01:39.0210000,00:01:38.8510000,NULL
16,346,8,11,4.0,00:01:31.1090000,00:01:31.3990000,NULL
16,347,17,19,0.0,00:01:16.2200000,00:01:15.4670000,NULL
16,348,-1,13,0.0,00:01:22.0800000,00:01:21.5170000,NULL
16,349,5,8,10.0,00:01:58.7300000,00:01:47.2920000,00:01:46.6590000
16,350,16,11,0.0,00:01:23.4930000,00:01:23.1990000,NULL
16,351,9,15,2.0,00:01:48.4960000,00:01:48.8990000,NULL
16,352,-1,15,0.0,00:01:33.1860000,00:01:32.6590000,NULL
16,353,-1,14,0.0,00:01:38.5720000,00:01:37.7830000,NULL
16,354,12,22,0.0,00:01:20.8300000,NULL,NULL
16,355,13,13,0.0,00:01:41.4730000,00:01:40.9140000,NULL
16,841,9,16,2.0,00:01:26.2450000,00:01:31.4070000,NULL
16,842,11,17,0.0,00:01:37.6930000,00:01:37.5930000,NULL
16,843,15,11,0.0,00:01:36.0920000,00:01:35.8740000,NULL
16,844,13,12,0.0,00:01:27.3920000,00:01:27.0270000,NULL
16,845,13,17,0.0,00:01:24.6480000,00:01:26.5710000,NULL
16,846,7,14,6.0,00:01:16.6000000,00:01:16.1210000,NULL
16,847,-1,14,0.0,00:01:14.9310000,00:01:15.2870000,NULL
16,848,9,10,2.0,00:01:39.3290000,00:01:39.0340000,NULL
16,849,11,11,0.0,00:01:34.4540000,00:01:32.6170000,NULL
16,850,6,8,8.0,00:01:32.2860000,00:01:31.8090000,00:01:32.0100000
16,851,14,8,0.0,00:01:22.2370000,00:01:22.0000000,00:01:21.4450000
16,852,7,15,6.0,00:02:06.0000000,00:02:07.7770000,NULL
16,853,-1,12,0.0,00:01:24.5950000,00:01:24.2090000,NULL
16,854,8,9,4.0,00:01:47.9520000,00:01:47.0930000,NULL
16,855,11,11,0.0,00:01:32.7610000,00:01:32.4630000,NULL
16,856,11,10,0.0,00:01:38.7890000,00:01:38.2190000,NULL
16,857,9,8,2.0,00:01:26.2710000,00:01:26.1400000,NULL
16,858,8,9,4.0,00:01:40.5950000,00:01:40.2050000,00:01:40.7680000
16,859,6,8,8.0,00:01:13.4800000,00:01:13.2610000,00:01:13.2980000
16,880,7,12,6.0,00:01:47.3300000,00:01:38.1340000,NULL
16,881,-1,8,0.0,00:01:36.8090000,00:01:36.8340000,00:01:53.4390000
16,882,-1,13,0.0,00:01:37.3490000,00:01:36.4050000,NULL
16,883,13,6,0.0,00:01:34.0480000,00:01:33.3780000,00:01:33.2460000
16,884,13,13,0.0,00:01:22.9520000,00:01:22.3460000,NULL
16,885,5,8,10.0,00:01:25.1080000,00:01:17.2610000,00:01:15.3830000
16,886,10,8,1.0,00:01:24.5510000,00:01:28.7990000,00:01:27.3480000
16,887,7,6,6.0,00:01:32.0020000,00:01:31.0970000,00:01:30.9080000
16,888,13,15,0.0,00:01:31.3200000,00:01:31.0100000,NULL
16,890,-1,11,0.0,00:01:21.4710000,00:01:20.5690000,NULL
16,891,9,12,2.0,00:02:02.7490000,00:01:49.1030000,NULL
16,892,16,17,0.0,00:01:25.0300000,00:01:24.9320000,NULL
16,893,10,15,1.0,00:01:45.9600000,00:01:45.1850000,NULL
16,894,20,14,0.0,00:01:38.9880000,00:01:38.4310000,NULL
16,895,14,22,0.0,00:01:32.8900000,NULL,NULL
16,896,9,13,2.0,00:01:26.1640000,00:01:25.7400000,NULL
16,897,10,17,1.0,00:01:42.0510000,NULL,NULL
16,899,13,15,0.0,00:01:26.8740000,00:01:28.5860000,NULL
16,900,11,13,0.0,00:01:33.6730000,00:01:45.6550000,NULL
16,901,-1,17,0.0,00:02:02.1310000,NULL,NULL
16,902,-1,22,0.0,00:01:36.8400000,NULL,NULL
16,903,-1,14,0.0,00:01:58.1380000,00:01:57.3930000,NULL
16,904,17,16,0.0,00:01:28.5630000,NULL,NULL
16,905,-1,18,0.0,00:01:18.7450000,NULL,NULL
16,906,13,16,0.0,00:01:17.5190000,00:01:17.3140000,NULL
16,907,13,16,0.0,00:01:10.8250000,NULL,NULL
16,908,13,13,0.0,00:01:42.6030000,NULL,NULL
16,909,-1,15,0.0,00:01:19.1420000,NULL,NULL
16,910,11,11,0.0,00:01:26.0270000,00:01:25.1360000,NULL
16,911,14,14,0.0,00:02:11.0510000,00:02:10.2380000,NULL
16,912,15,14,0.0,00:01:27.0340000,00:01:26.5880000,NULL
16,913,-1,17,0.0,00:01:48.3240000,NULL,NULL
16,914,21,14,0.0,00:01:35.7360000,00:01:35.3640000,NULL
16,915,16,14,0.0,00:01:40.7660000,00:01:40.9840000,NULL
16,917,16,13,0.0,00:01:11.9430000,00:01:12.0990000,NULL
16,918,16,13,0.0,00:01:42.7460000,00:01:43.0740000,NULL
17,1,12,8,0.0,00:01:25.4270000,00:01:25.2410000,00:01:27.2460000
17,2,6,5,1.5,00:01:35.0270000,00:01:34.2220000,00:01:35.7970000
17,3,2,3,8.0,00:01:35.7510000,00:01:35.1730000,00:01:36.4660000
17,4,11,18,0.0,00:01:34.0380000,NULL,NULL
17,5,3,5,6.0,00:01:20.6890000,00:01:20.0070000,00:01:21.0490000
17,6,5,8,4.0,00:01:15.2600000,00:01:14.8250000,00:01:15.6530000
17,7,2,4,8.0,00:01:27.4660000,00:01:27.4160000,00:01:28.6130000
17,8,2,3,8.0,00:01:18.6740000,00:01:18.2090000,00:01:19.8680000
17,9,1,1,10.0,00:01:31.2570000,00:01:38.0380000,00:01:32.2300000
17,10,3,3,6.0,00:01:20.9640000,00:01:20.3580000,00:01:21.7410000
17,11,9,9,0.0,00:01:38.9830000,00:01:38.6250000,00:01:40.2390000
17,12,9,9,0.0,00:01:45.3500000,00:01:44.9240000,00:01:46.7880000
17,13,-1,10,0.0,00:01:23.7550000,00:01:23.2730000,00:01:25.3140000
17,14,-1,4,0.0,00:01:47.6460000,00:01:46.3280000,00:01:48.7220000
17,15,17,19,0.0,NULL,NULL,NULL
17,16,1,2,10.0,00:01:24.7220000,00:01:20.8030000,00:01:19.6680000
17,17,2,3,8.0,00:01:40.6670000,00:01:40.2720000,00:01:41.7260000
17,18,-1,14,0.0,00:01:26.9140000,NULL,NULL
17,19,7,6,2.0,00:01:35.4400000,00:01:34.9670000,00:01:37.0090000
17,20,7,11,2.0,00:01:33.1940000,00:01:32.3710000,NULL
17,21,5,7,4.0,00:01:21.4940000,00:01:20.9840000,00:01:22.4290000
17,22,7,6,2.0,00:01:26.7730000,00:01:26.4660000,00:01:28.4170000
17,23,4,9,5.0,00:01:16.0740000,00:01:15.7450000,00:01:17.3430000
17,24,12,10,0.0,00:01:17.5820000,00:01:17.5230000,NULL
17,25,6,6,3.0,00:01:16.0200000,00:01:15.4880000,00:01:17.2330000
17,26,10,2,0.0,00:01:20.9820000,00:01:19.7100000,00:01:21.5540000
17,27,-1,8,0.0,00:01:15.9000000,00:01:15.4810000,00:01:17.0140000
17,28,9,8,0.0,00:01:20.0730000,00:01:20.0460000,00:01:21.7320000
17,29,12,14,0.0,00:01:38.5590000,00:01:38.5150000,NULL
17,30,8,7,1.0,00:01:47.2700000,00:01:46.8140000,00:01:48.7360000
17,31,8,3,1.0,00:01:36.0010000,00:01:36.3060000,00:01:38.1170000
17,32,-1,13,0.0,00:01:45.4930000,00:01:45.2120000,NULL
17,33,8,13,1.0,00:01:18.3720000,00:01:18.3540000,NULL
17,34,14,16,0.0,00:01:36.2380000,00:01:35.6860000,00:01:37.0830000
17,35,9,12,0.0,00:01:12.4090000,00:01:12.2890000,NULL
17,36,13,7,0.0,00:01:26.9780000,00:01:26.6230000,00:01:27.9340000
17,37,10,10,0.0,00:01:35.7270000,00:01:35.5790000,00:01:37.3450000
17,38,-1,8,0.0,00:01:33.4960000,00:01:32.8080000,00:01:34.1060000
17,39,-1,19,0.0,00:01:23.3980000,NULL,NULL
17,40,-1,6,0.0,00:01:17.8160000,00:01:16.4200000,00:01:16.7840000
17,41,9,6,0.0,00:01:17.3150000,00:01:16.2570000,00:01:16.9130000
17,43,12,14,0.0,00:01:15.7460000,00:01:15.8060000,NULL
17,44,-1,11,0.0,00:01:20.5830000,00:01:20.2350000,NULL
17,45,3,6,6.0,00:01:32.6290000,00:01:31.6610000,00:01:32.4760000
17,46,9,9,0.0,00:01:20.7940000,00:01:20.4390000,00:01:21.2560000
17,47,-1,12,0.0,00:01:28.5000000,00:01:28.0130000,NULL
17,48,9,11,0.0,00:01:23.5750000,00:01:23.1660000,NULL
17,49,7,7,2.0,00:01:47.0840000,00:01:46.4260000,00:01:47.5240000
17,50,-1,7,0.0,00:01:25.9700000,00:01:25.5350000,00:01:26.9140000
17,51,10,7,0.0,00:01:37.1990000,00:01:36.6020000,00:01:38.1530000
17,52,-1,5,0.0,00:01:13.0810000,00:01:12.6830000,00:01:12.9280000
17,53,6,7,3.0,00:01:33.4540000,00:01:32.3090000,00:01:33.0060000
17,54,-1,4,0.0,00:01:35.2520000,00:01:34.2790000,00:01:34.6720000
17,55,-1,7,0.0,00:01:27.6690000,00:01:26.0750000,00:01:26.9370000
17,56,6,10,3.0,00:01:24.9920000,00:01:23.7180000,00:01:24.7950000
17,57,-1,19,0.0,00:01:31.7120000,00:01:30.8920000,00:01:33.4050000
17,58,9,11,0.0,00:01:16.6850000,00:01:15.5020000,NULL
17,59,-1,2,0.0,00:01:14.3050000,00:01:13.7280000,00:01:14.0820000
17,60,-1,17,0.0,00:01:23.1290000,NULL,NULL
17,61,12,16,0.0,00:01:16.9850000,NULL,NULL
17,63,-1,10,0.0,00:01:16.5310000,00:01:16.1290000,NULL
17,64,-1,11,0.0,00:01:15.7190000,00:01:15.0940000,NULL
17,65,-1,5,0.0,00:01:21.3350000,00:01:20.0470000,00:01:20.2660000
17,66,10,9,0.0,00:01:28.3070000,00:01:27.6080000,00:01:29.4360000
17,67,10,19,0.0,00:01:23.3410000,NULL,NULL
17,68,8,14,1.0,00:01:48.5600000,00:01:46.4130000,NULL
17,69,-1,14,0.0,00:01:31.6470000,00:01:31.2760000,NULL
17,70,-1,11,0.0,00:01:11.9730000,00:01:11.6500000,NULL
17,71,5,3,4.0,00:01:36.7170000,00:01:28.2790000,NULL
17,72,-1,4,0.0,00:01:33.2040000,00:01:35.7000000,NULL
17,73,6,5,3.0,00:01:30.5920000,00:01:32.6700000,NULL
17,74,7,4,2.0,00:01:20.4420000,00:01:24.0690000,NULL
17,75,6,2,3.0,00:01:15.0420000,00:01:16.6260000,NULL
17,76,3,3,6.0,00:01:14.5840000,00:01:17.0720000,NULL
17,77,-1,3,0.0,00:01:30.3680000,NULL,NULL
17,78,5,14,4.0,00:01:17.7490000,NULL,NULL
17,80,12,12,0.0,00:01:15.8850000,NULL,NULL
17,81,11,11,0.0,00:01:21.9970000,NULL,NULL
17,82,-1,6,0.0,00:01:15.0700000,NULL,NULL
17,83,7,16,2.0,00:01:23.4950000,NULL,NULL
17,84,-1,7,0.0,00:01:27.9440000,NULL,NULL
17,85,14,14,0.0,00:01:22.5600000,NULL,NULL
17,86,4,9,5.0,00:01:48.0710000,NULL,NULL
17,87,-1,12,0.0,00:01:13.5380000,NULL,NULL
17,88,4,7,5.0,00:01:47.2330000,NULL,NULL
17,89,7,10,2.0,00:01:35.7390000,NULL,NULL
17,90,-1,6,0.0,00:01:25.8050000,NULL,NULL
17,91,-1,2,0.0,00:01:33.7150000,NULL,NULL
17,92,8,14,1.0,00:01:32.6250000,NULL,NULL
17,93,13,8,0.0,00:01:20.9210000,NULL,NULL
17,94,12,9,0.0,00:01:16.5140000,NULL,NULL
17,95,-1,11,0.0,00:01:15.7250000,NULL,NULL
17,96,7,14,2.0,00:01:31.7970000,NULL,NULL
17,97,-1,14,0.0,00:01:15.1480000,NULL,NULL
17,99,9,12,0.0,00:01:14.7980000,NULL,NULL
17,100,8,9,1.0,00:01:20.0040000,NULL,NULL
17,101,6,11,3.0,00:01:14.8020000,NULL,NULL
17,102,10,11,0.0,00:01:20.7300000,NULL,NULL
17,103,-1,7,0.0,00:01:58.7290000,NULL,NULL
17,104,9,12,0.0,00:01:21.6020000,NULL,NULL
17,105,10,11,0.0,00:01:35.2860000,NULL,NULL
17,106,-1,3,0.0,00:01:34.5710000,NULL,NULL
17,107,-1,11,0.0,00:01:11.6650000,NULL,NULL
17,108,-1,14,0.0,00:01:29.3670000,NULL,NULL
17,109,-1,16,0.0,00:01:38.6240000,NULL,NULL
17,110,9,3,0.0,00:01:13.8510000,NULL,NULL
17,111,-1,5,0.0,00:01:23.0150000,NULL,NULL
17,112,7,12,2.0,00:01:19.6150000,NULL,NULL
17,113,7,17,2.0,00:01:11.6620000,NULL,NULL
17,114,-1,9,0.0,00:01:16.2370000,NULL,NULL
17,115,7,6,2.0,00:01:16.1820000,NULL,NULL
17,116,6,11,3.0,00:01:33.0660000,NULL,NULL
17,117,6,9,3.0,00:01:16.3080000,NULL,NULL
17,118,14,11,0.0,00:01:22.6470000,NULL,NULL
17,119,11,11,0.0,00:01:16.7750000,NULL,NULL
17,120,6,3,3.0,00:01:22.0270000,NULL,NULL
17,121,7,11,2.0,00:01:22.7540000,NULL,NULL
17,123,11,6,0.0,00:01:33.1060000,NULL,NULL
17,125,-1,21,0.0,00:01:39.4540000,NULL,NULL
17,140,10,19,0.0,00:01:35.9580000,NULL,NULL
17,337,8,6,4.0,00:01:55.2980000,00:01:54.3180000,00:01:55.2840000
17,338,9,2,2.0,00:01:25.2860000,00:01:24.2760000,00:01:24.0350000
17,339,2,1,18.0,00:01:51.8860000,00:01:48.2100000,00:01:49.3270000
17,340,8,2,4.0,00:01:35.9780000,00:01:35.1000000,00:01:34.8080000
17,341,1,1,25.0,00:01:21.4120000,00:01:20.6550000,00:01:19.9950000
17,342,1,1,25.0,00:01:15.0350000,00:01:14.4620000,00:01:13.8260000
17,343,3,1,15.0,00:01:27.5000000,00:01:26.8180000,00:01:26.2950000
17,344,5,7,10.0,00:01:16.4230000,00:01:15.6920000,00:01:15.3730000
17,345,-1,2,0.0,00:01:38.5490000,00:01:38.0410000,00:01:37.6620000
17,346,1,2,25.0,00:01:30.8580000,00:01:30.1140000,00:01:29.7580000
17,347,6,4,8.0,00:01:15.3340000,00:01:14.3400000,00:01:14.3470000
17,348,1,2,25.0,00:01:21.1320000,00:01:19.5310000,00:01:19.1840000
17,349,2,1,18.0,00:01:57.3520000,00:01:47.2530000,00:01:45.7780000
17,350,6,4,8.0,00:01:23.4310000,00:01:22.7060000,00:01:22.4330000
17,351,3,5,15.0,00:01:47.0880000,00:01:45.9080000,00:01:45.9770000
17,352,2,2,18.0,00:01:32.4760000,00:01:31.2410000,00:01:30.8530000
17,353,-1,2,0.0,00:01:37.3730000,00:01:36.0390000,00:01:35.6590000
17,354,2,3,18.0,00:01:19.0250000,00:01:18.5160000,00:01:15.6370000
17,355,8,5,4.0,00:01:40.6900000,00:01:40.0740000,00:01:39.9250000
17,841,5,3,10.0,00:01:25.9000000,00:01:24.6580000,00:01:24.3950000
17,842,4,3,12.0,00:01:37.9240000,00:01:36.0800000,00:01:35.1790000
17,843,3,18,15.0,00:01:36.4680000,NULL,NULL
17,844,2,2,18.0,00:01:27.0900000,00:01:26.0750000,00:01:25.4540000
17,845,4,1,12.0,00:01:23.6190000,00:01:21.7730000,00:01:20.9810000
17,846,4,3,12.0,00:01:16.0870000,00:01:14.7420000,00:01:14.0190000
17,847,3,4,15.0,00:01:14.3750000,00:01:13.6540000,00:01:13.4290000
17,848,3,2,15.0,00:01:39.9560000,00:01:38.0580000,00:01:37.1630000
17,849,3,1,15.0,00:01:32.6700000,00:01:31.6730000,00:01:30.3990000
17,850,3,1,15.0,00:01:33.0960000,00:01:31.3110000,00:01:30.0790000
17,851,5,6,10.0,00:01:22.2080000,00:01:20.8900000,00:01:20.4740000
17,852,2,3,18.0,00:02:02.8270000,00:02:03.3020000,00:01:49.3760000
17,853,-1,5,0.0,00:01:24.1480000,00:01:23.3870000,00:01:22.9720000
17,854,3,2,15.0,00:01:47.3320000,00:01:45.6510000,00:01:44.7320000
17,855,4,6,12.0,00:01:33.1350000,00:01:31.5760000,00:01:31.1560000
17,856,3,4,15.0,00:01:39.0710000,00:01:37.2920000,00:01:36.4680000
17,857,4,2,12.0,00:01:26.4730000,00:01:25.2820000,00:01:24.5080000
17,858,4,4,12.0,00:01:40.1670000,00:01:38.8210000,00:01:38.8580000
17,859,1,2,25.0,00:01:13.4670000,00:01:12.6580000,00:01:12.0990000
17,860,4,5,12.0,00:01:27.1170000,00:01:26.5970000,00:01:25.6510000
17,861,4,4,12.0,00:01:37.1720000,00:01:37.3750000,00:01:36.4610000
17,862,4,6,12.0,00:01:36.6820000,00:01:35.7000000,00:01:36.2900000
17,863,4,3,12.0,00:01:34.0150000,00:01:33.3110000,00:01:32.6370000
17,864,11,11,0.0,00:01:23.5920000,00:01:22.9770000,NULL
17,865,1,1,25.0,00:01:16.0130000,00:01:15.0350000,00:01:14.3810000
17,866,7,4,6.0,00:01:14.9560000,00:01:14.4790000,00:01:14.3460000
17,867,4,19,12.0,00:01:40.3950000,NULL,NULL
17,868,1,2,25.0,00:01:47.2760000,00:01:55.8980000,00:01:51.7930000
17,869,8,8,4.0,00:01:16.5000000,00:01:39.3820000,00:01:41.4960000
17,870,8,11,4.0,00:01:22.8290000,00:01:21.7150000,NULL
17,871,6,12,8.0,00:01:49.8590000,00:01:48.5460000,00:01:48.3920000
17,872,20,11,0.0,00:01:25.5560000,00:01:24.8090000,NULL
17,873,11,7,0.0,00:01:48.7170000,00:01:47.5130000,00:01:47.4750000
17,874,9,2,2.0,00:01:32.9510000,00:01:31.9500000,00:01:31.0900000
17,875,2,1,18.0,00:01:38.3970000,00:01:38.2200000,00:01:37.2420000
17,876,3,2,15.0,00:01:26.7440000,00:01:25.6100000,00:01:25.3270000
17,877,-1,2,0.0,00:01:41.9330000,00:01:41.2770000,00:01:40.9780000
17,879,4,3,12.0,00:01:16.1800000,00:01:13.6670000,00:01:12.5810000
17,880,6,2,8.0,00:01:44.4720000,00:01:36.5240000,00:01:27.8270000
17,881,2,5,18.0,00:01:37.6190000,00:01:36.4490000,00:01:52.2440000
17,882,-1,22,0.0,00:01:36.1480000,00:01:36.6790000,NULL
17,883,7,7,6.0,00:01:33.9660000,00:01:33.0980000,00:01:33.0780000
17,884,5,7,10.0,00:01:22.3420000,00:01:21.7180000,00:01:21.5700000
17,885,3,4,15.0,00:01:25.3520000,00:01:17.3220000,00:01:14.1810000
17,886,4,5,12.0,00:01:23.2470000,00:01:28.1450000,00:01:26.2080000
17,887,2,4,18.0,00:01:31.6050000,00:01:31.0020000,00:01:30.2200000
17,888,7,3,6.0,00:01:31.4280000,00:01:30.2170000,00:01:29.6080000
17,890,4,10,12.0,00:01:21.2640000,00:01:20.5030000,NULL
17,891,5,3,10.0,00:02:01.5970000,00:01:48.6410000,00:02:01.3250000
17,892,3,2,15.0,00:01:24.9230000,00:01:24.2630000,00:01:23.9680000
17,893,15,4,0.0,00:01:45.2710000,00:01:43.2720000,00:01:43.1520000
17,894,-1,13,0.0,00:01:39.1380000,00:01:37.8400000,00:01:37.4640000
17,895,2,1,18.0,00:01:32.2710000,00:01:31.5130000,00:01:30.9150000
17,896,-1,4,0.0,00:01:25.6650000,00:01:25.0970000,00:01:25.0470000
17,897,2,1,18.0,00:01:41.5680000,00:01:40.5750000,00:01:39.9570000
17,899,2,4,18.0,00:01:26.6890000,00:01:26.9630000,00:01:27.5720000
18,1,1,1,10.0,00:01:25.2110000,00:01:24.8550000,00:01:26.2020000
18,2,1,1,5.0,00:01:35.0580000,00:01:33.7840000,00:01:35.1810000
18,3,3,5,6.0,00:01:35.5330000,00:01:35.5560000,00:01:36.5320000
18,4,1,4,10.0,00:01:32.9780000,00:01:32.8420000,00:01:34.0440000
18,5,1,1,10.0,00:01:20.7070000,00:01:20.1920000,00:01:20.5270000
18,6,1,1,10.0,00:01:15.2100000,00:01:15.0160000,00:01:14.9020000
18,7,1,2,10.0,00:01:27.3550000,00:01:27.2300000,00:01:28.4210000
18,8,6,6,3.0,00:01:18.9570000,00:01:18.6630000,00:01:20.2890000
18,9,5,3,4.0,00:01:31.5680000,00:01:39.0320000,00:01:32.4730000
18,10,7,8,2.0,00:01:21.4710000,00:01:20.7070000,00:01:22.5110000
18,11,7,5,2.0,00:01:38.5310000,00:01:38.6010000,00:01:39.8210000
18,12,-1,14,0.0,00:01:45.7610000,00:01:45.2510000,NULL
18,13,2,6,8.0,00:01:23.4030000,00:01:22.9550000,00:01:25.0300000
18,14,5,11,4.0,00:01:47.1800000,00:01:47.1410000,NULL
18,15,8,10,1.0,00:01:31.0410000,00:01:30.8800000,00:01:32.9620000
18,16,5,14,4.0,00:01:24.2970000,00:01:22.5040000,NULL
18,17,3,5,6.0,00:01:40.3780000,00:01:40.1480000,00:01:41.8920000
18,18,-1,12,0.0,00:01:26.7120000,00:01:26.2590000,NULL
18,19,10,11,0.0,00:01:35.8470000,00:01:35.2080000,NULL
18,20,-1,9,0.0,00:01:32.7930000,00:01:32.3620000,00:01:35.0570000
18,21,6,13,3.0,00:01:21.7570000,00:01:21.2110000,NULL
18,22,11,13,0.0,00:01:27.4280000,00:01:27.2980000,NULL
18,23,11,11,0.0,00:01:16.2590000,00:01:16.1010000,NULL
18,24,11,20,0.0,00:01:23.5650000,NULL,NULL
18,25,-1,16,0.0,00:01:16.3060000,NULL,NULL
18,26,-1,17,0.0,00:01:21.6310000,NULL,NULL
18,27,17,14,0.0,00:01:15.9930000,00:01:15.7010000,NULL
18,28,12,12,0.0,00:01:20.8880000,00:01:20.3320000,NULL
18,29,13,16,0.0,00:01:38.8800000,NULL,NULL
18,30,15,17,0.0,00:01:48.2110000,NULL,NULL
18,31,15,19,0.0,00:01:37.0060000,NULL,NULL
18,32,9,12,0.0,00:01:45.6600000,00:01:45.1330000,NULL
18,33,14,18,0.0,00:01:19.1000000,NULL,NULL
18,34,16,18,0.0,00:01:37.0530000,NULL,NULL
18,35,13,17,0.0,00:01:12.8100000,NULL,NULL
18,36,15,14,0.0,00:01:27.5400000,00:01:27.2640000,NULL
18,37,12,15,0.0,00:01:35.9130000,00:01:36.0880000,NULL
18,38,-1,16,0.0,00:01:33.9670000,00:01:33.7310000,NULL
18,39,12,14,0.0,00:01:22.5030000,00:01:22.1200000,NULL
18,40,11,10,0.0,00:01:17.2970000,00:01:16.4570000,00:01:17.9390000
18,41,-1,15,0.0,00:01:17.5220000,00:01:17.5410000,NULL
18,43,8,12,1.0,00:01:16.1130000,00:01:15.5840000,NULL
18,44,10,18,0.0,00:01:21.3350000,NULL,NULL
18,45,-1,17,0.0,00:01:32.9830000,NULL,NULL
18,46,-1,17,0.0,00:01:21.7370000,NULL,NULL
18,47,13,21,0.0,00:01:28.3730000,00:01:28.2200000,NULL
18,48,8,10,1.0,00:01:23.6390000,00:01:23.0210000,00:01:25.1650000
18,49,-1,12,0.0,00:01:47.4740000,00:01:46.9550000,NULL
18,50,11,6,0.0,00:01:26.6140000,00:01:25.4540000,00:01:26.9130000
18,51,5,10,4.0,00:01:37.0920000,00:01:36.7710000,00:01:39.2850000
18,52,-1,16,0.0,00:01:14.0540000,00:01:13.4690000,NULL
18,53,4,3,5.0,00:01:32.6030000,00:01:32.0250000,00:01:31.5490000
18,54,3,2,6.0,00:01:35.0230000,00:01:33.5270000,00:01:33.9860000
18,55,10,1,0.0,00:01:28.0810000,00:01:26.3370000,00:01:25.2290000
18,56,7,2,2.0,00:01:24.4800000,00:01:23.7490000,00:01:22.9880000
18,57,-1,6,0.0,00:01:31.4200000,00:01:30.7550000,00:01:30.9400000
18,58,6,8,3.0,00:01:16.0540000,00:01:15.1500000,00:01:16.0080000
18,59,11,13,0.0,00:01:15.0850000,00:01:14.9820000,NULL
18,60,-1,19,0.0,00:01:23.2470000,NULL,NULL
18,61,9,8,0.0,00:01:16.5940000,00:01:15.8140000,00:01:16.6080000
18,63,-1,17,0.0,00:01:17.4950000,NULL,NULL
18,64,4,4,5.0,00:01:15.8690000,00:01:14.3780000,00:01:14.8620000
18,65,1,14,10.0,00:01:20.8200000,00:01:19.9430000,00:01:20.0920000
18,66,4,6,5.0,00:01:28.2220000,00:01:26.8720000,00:01:27.7900000
18,67,5,5,4.0,00:01:22.5120000,00:01:21.5720000,00:01:22.0110000
18,68,4,4,5.0,00:01:45.8090000,00:01:44.6620000,00:01:45.5030000
18,69,4,7,5.0,00:01:30.8470000,00:01:30.2680000,00:01:30.9920000
18,70,3,14,6.0,00:01:12.0850000,00:01:11.7420000,NULL
18,71,-1,8,0.0,00:01:41.5120000,00:01:30.6160000,NULL
18,72,-1,9,0.0,00:01:33.6160000,00:01:36.2160000,NULL
18,73,-1,11,0.0,00:01:30.9570000,00:01:33.3910000,NULL
18,74,-1,3,0.0,00:01:20.4640000,00:01:23.6410000,NULL
18,77,10,13,0.0,00:01:32.5940000,NULL,NULL
18,78,-1,1,0.0,00:01:15.2170000,NULL,NULL
18,80,4,7,5.0,00:01:15.0510000,NULL,NULL
18,81,5,2,4.0,00:01:20.2070000,NULL,NULL
18,82,3,2,6.0,00:01:14.7590000,NULL,NULL
18,83,5,8,4.0,00:01:21.3020000,NULL,NULL
18,84,5,13,4.0,00:01:30.0630000,NULL,NULL
18,85,8,3,1.0,00:01:21.3690000,NULL,NULL
18,86,3,8,6.0,00:01:47.9780000,NULL,NULL
18,87,7,4,2.0,00:01:12.6960000,NULL,NULL
18,88,5,2,4.0,00:01:46.1410000,NULL,NULL
18,89,8,4,1.0,00:01:34.8010000,NULL,NULL
18,90,6,4,3.0,00:01:24.9980000,NULL,NULL
18,91,3,6,6.0,00:01:34.2210000,NULL,NULL
18,92,3,6,6.0,00:01:30.8560000,NULL,NULL
18,93,2,1,8.0,00:01:19.7530000,NULL,NULL
18,94,8,14,1.0,00:01:17.5750000,NULL,NULL
18,95,2,2,8.0,00:01:14.3960000,NULL,NULL
18,96,3,5,6.0,00:01:29.2450000,NULL,NULL
18,97,3,2,6.0,00:01:12.3410000,NULL,NULL
18,99,5,4,4.0,00:01:13.9950000,NULL,NULL
18,100,4,3,5.0,00:01:18.5800000,NULL,NULL
18,101,2,13,8.0,00:01:13.6740000,NULL,NULL
18,102,5,4,4.0,00:01:19.7000000,NULL,NULL
18,103,-1,12,0.0,00:02:00.2370000,NULL,NULL
18,104,3,6,6.0,00:01:20.7860000,NULL,NULL
18,105,2,3,8.0,00:01:34.2950000,NULL,NULL
18,106,3,5,6.0,00:01:35.1570000,NULL,NULL
18,107,-1,5,0.0,00:01:11.0920000,NULL,NULL
18,108,10,8,0.0,00:01:28.6820000,NULL,NULL
18,109,7,9,2.0,00:01:38.0730000,NULL,NULL
18,110,-1,11,0.0,00:01:14.5040000,NULL,NULL
18,111,8,9,1.0,00:01:23.3810000,NULL,NULL
18,112,9,5,0.0,00:01:18.7040000,NULL,NULL
18,113,4,7,5.0,00:01:09.9350000,NULL,NULL
18,114,-1,20,0.0,NULL,NULL,NULL
18,115,-1,17,0.0,00:01:18.2050000,NULL,NULL
18,116,7,12,2.0,00:01:33.3950000,NULL,NULL
18,117,-1,14,0.0,00:01:17.0770000,NULL,NULL
18,118,8,20,1.0,NULL,NULL,NULL
18,119,8,17,1.0,00:01:18.0850000,NULL,NULL
18,120,10,14,0.0,00:01:23.8470000,NULL,NULL
18,121,-1,7,0.0,00:01:22.3010000,NULL,NULL
18,123,4,9,5.0,00:01:33.4740000,NULL,NULL
18,125,4,8,3.0,00:01:37.2450000,NULL,NULL
18,140,6,10,1.0,00:01:33.4290000,NULL,NULL
18,158,-1,21,0.0,00:01:33.8280000,NULL,NULL
18,160,-1,18,0.0,00:01:27.1350000,NULL,NULL
18,161,5,6,2.0,00:01:26.7330000,NULL,NULL
18,173,5,5,2.0,00:01:36.6280000,NULL,NULL
18,337,7,8,6.0,00:01:55.7150000,00:01:55.1680000,00:01:55.6720000
18,338,1,4,25.0,00:01:24.8970000,00:01:24.5310000,00:01:24.6750000
18,339,8,17,4.0,00:01:52.2110000,NULL,NULL
18,340,1,5,25.0,00:01:36.1220000,00:01:35.4430000,00:01:34.9790000
18,341,5,5,10.0,00:01:21.9150000,00:01:21.1680000,00:01:20.9910000
18,342,-1,8,0.0,00:01:15.6230000,00:01:15.1500000,00:01:14.6370000
18,343,2,4,18.0,00:01:27.5550000,00:01:27.2770000,00:01:26.7810000
18,344,2,4,18.0,00:01:16.3710000,00:01:15.7420000,00:01:15.5200000
18,345,3,7,15.0,00:01:38.3600000,00:01:38.3990000,00:01:38.2100000
18,346,4,14,12.0,00:01:31.4350000,00:01:31.6990000,NULL
18,347,5,5,10.0,00:01:15.8230000,00:01:14.7160000,00:01:14.4270000
18,348,8,11,4.0,00:01:21.4220000,00:01:21.2920000,NULL
18,349,-1,5,0.0,00:01:57.9810000,00:01:46.7900000,00:01:46.2060000
18,350,2,2,18.0,00:01:23.0850000,00:01:22.3540000,00:01:22.0840000
18,351,4,4,12.0,00:01:48.0320000,00:01:46.4900000,00:01:45.9440000
18,352,4,5,12.0,00:01:32.6360000,00:01:31.7630000,00:01:31.3780000
18,353,12,7,0.0,00:01:38.1230000,00:01:37.0640000,00:01:36.7310000
18,354,5,11,10.0,00:01:19.9050000,00:01:19.2880000,NULL
18,355,3,4,15.0,00:01:40.8770000,00:01:40.0140000,00:01:39.8230000
18,841,6,4,8.0,00:01:25.8860000,00:01:24.9570000,00:01:24.7790000
18,842,2,4,18.0,00:01:37.0330000,00:01:35.5690000,00:01:35.2000000
18,843,4,2,12.0,00:01:35.9240000,00:01:34.6620000,00:01:34.4210000
18,844,6,6,8.0,00:01:27.3740000,00:01:26.4850000,00:01:25.9820000
18,845,3,5,15.0,00:01:24.4280000,00:01:22.0500000,00:01:21.9960000
18,846,3,2,15.0,00:01:15.3970000,00:01:14.5450000,00:01:13.9970000
18,847,1,7,25.0,00:01:14.3740000,00:01:13.9550000,00:01:13.8380000
18,848,6,6,8.0,00:01:39.4530000,00:01:37.7490000,00:01:37.6450000
18,849,-1,5,0.0,00:01:34.2300000,00:01:32.2730000,00:01:31.8980000
18,850,-1,7,0.0,00:01:33.2240000,00:01:31.5320000,00:01:31.2880000
18,851,1,3,25.0,00:01:22.0380000,00:01:20.5780000,00:01:20.0240000
18,852,3,13,15.0,00:02:01.8130000,00:02:05.1500000,NULL
18,853,2,3,18.0,00:01:24.0130000,00:01:23.0310000,00:01:22.7770000
18,854,2,3,18.0,00:01:46.9560000,00:01:45.4720000,00:01:44.8040000
18,855,1,2,25.0,00:01:32.9470000,00:01:31.4340000,00:01:30.4750000
18,856,4,3,12.0,00:01:37.9290000,00:01:37.3020000,00:01:36.1260000
18,857,2,4,18.0,00:01:26.2250000,00:01:25.2990000,00:01:24.9500000
18,858,3,3,15.0,00:01:40.2270000,00:01:39.0970000,00:01:38.6310000
18,859,3,3,15.0,00:01:13.2810000,00:01:12.8200000,00:01:12.2830000
18,860,1,2,25.0,00:01:26.8320000,00:01:25.6630000,00:01:25.0740000
18,861,14,2,0.0,00:01:37.5750000,00:01:36.9280000,00:01:36.3680000
18,862,2,5,18.0,00:01:36.7460000,00:01:35.9420000,00:01:36.1910000
18,863,18,4,0.0,00:01:34.7920000,00:01:33.4160000,00:01:32.7110000
18,864,9,10,2.0,00:01:23.5100000,00:01:22.9440000,NULL
18,865,16,12,0.0,00:01:16.3990000,00:01:15.5360000,NULL
18,866,16,10,0.0,00:01:14.7990000,00:01:14.6800000,00:01:15.1820000
18,867,8,9,4.0,00:01:39.6220000,00:01:38.5630000,00:01:38.8010000
18,868,10,16,1.0,00:01:48.0440000,NULL,NULL
18,869,2,6,18.0,00:01:16.5070000,00:01:38.6590000,00:01:44.1130000
18,870,6,4,8.0,00:01:22.0280000,00:01:21.6180000,00:01:21.5830000
18,871,1,1,25.0,00:01:49.2500000,00:01:47.6540000,00:01:47.5730000
18,872,-1,2,0.0,00:01:24.6720000,00:01:24.2550000,00:01:24.1330000
18,873,2,4,18.0,00:01:49.3810000,00:01:47.6610000,00:01:46.9390000
18,874,4,8,12.0,00:01:33.0770000,00:01:31.7720000,00:01:31.2900000
18,875,-1,11,0.0,00:01:38.6150000,00:01:38.4410000,NULL
18,876,5,4,10.0,00:01:26.5640000,00:01:25.4670000,00:01:25.6590000
18,877,4,5,12.0,00:01:42.3420000,00:01:41.8730000,00:01:41.2900000
18,879,1,2,25.0,00:01:15.4560000,00:01:13.5150000,00:01:12.5130000
18,880,9,10,2.0,00:01:44.6880000,00:01:36.6440000,00:01:30.3570000
18,881,17,7,0.0,00:01:37.4870000,00:01:37.1170000,00:01:53.1750000
18,882,5,8,10.0,00:01:36.6670000,00:01:35.7840000,00:02:05.6730000
18,883,10,10,1.0,00:01:34.0710000,00:01:33.7020000,NULL
18,884,8,14,4.0,00:01:23.1660000,00:01:22.3550000,NULL
18,885,6,9,8.0,00:01:23.7440000,00:01:17.4200000,00:01:15.6470000
18,886,12,14,0.0,00:01:24.0210000,00:01:30.0680000,NULL
18,887,13,10,0.0,00:01:31.9790000,00:01:31.6490000,NULL
18,888,6,9,8.0,00:01:31.1810000,00:01:30.2690000,NULL
18,890,7,13,6.0,00:01:21.1310000,00:01:20.7770000,NULL
18,891,6,6,8.0,00:02:01.3010000,00:01:48.6410000,00:02:03.0750000
18,892,10,9,1.0,00:01:24.7390000,00:01:24.5630000,00:01:24.5150000
18,893,7,8,6.0,00:01:45.0090000,00:01:44.4970000,00:01:44.2820000
18,894,8,11,4.0,00:01:38.8820000,00:01:38.3650000,NULL
18,895,9,10,2.0,00:01:32.6060000,00:01:31.8380000,00:01:31.8270000
18,896,14,10,0.0,00:01:25.5740000,00:01:25.4580000,00:01:26.4870000
18,897,12,12,0.0,00:01:41.8170000,00:01:41.2000000,NULL
18,899,4,14,12.0,00:01:26.3980000,00:01:28.3080000,NULL
18,900,3,10,15.0,00:01:31.3960000,00:01:44.4370000,NULL
18,901,6,10,8.0,00:02:00.8890000,00:02:01.8100000,00:02:04.0530000
18,902,17,6,0.0,00:01:35.6990000,00:01:34.7140000,00:01:34.3870000
18,903,11,12,0.0,00:01:57.7830000,00:01:56.9630000,NULL
18,904,11,8,0.0,00:01:28.2790000,00:01:27.5700000,00:01:27.3350000
18,905,6,12,8.0,00:01:17.8900000,00:01:17.9880000,NULL
18,906,4,9,12.0,00:01:16.6310000,00:01:16.2140000,00:01:16.1820000
18,907,11,11,0.0,00:01:10.2520000,00:01:09.7800000,NULL
18,908,4,3,12.0,00:01:44.4250000,00:01:36.5790000,00:01:38.2000000
18,909,8,11,4.0,00:01:18.4250000,00:01:18.1930000,NULL
18,910,10,7,1.0,00:01:26.6120000,00:01:24.5020000,00:01:24.2940000
18,911,6,10,8.0,00:02:10.5290000,00:02:09.2720000,00:02:09.7760000
18,912,8,6,4.0,00:01:26.3280000,00:01:25.6300000,00:01:25.3790000
18,913,-1,11,0.0,00:01:47.1610000,00:01:46.9430000,NULL
18,914,5,8,10.0,00:01:35.1500000,00:01:34.6480000,00:01:34.3170000
18,915,4,4,12.0,00:01:39.5600000,00:01:39.3810000,00:01:39.1210000
18,917,4,5,12.0,00:01:11.0970000,00:01:11.1270000,00:01:10.9300000
18,918,5,6,20.0,00:01:42.1370000,00:01:41.8750000,00:01:41.9640000
18,926,11,16,0.0,00:01:31.4220000,NULL,NULL
18,927,-1,17,0.0,00:01:41.6360000,NULL,NULL
18,928,14,17,0.0,00:01:39.2760000,NULL,NULL
18,930,16,14,0.0,00:01:27.8130000,00:01:27.8540000,NULL
18,931,8,10,4.0,00:01:17.4920000,00:01:17.0930000,NULL
18,933,-1,20,0.0,00:01:12.6320000,NULL,NULL
18,934,-1,18,0.0,00:01:35.2070000,NULL,NULL
18,936,9,16,2.0,00:01:24.7390000,NULL,NULL
18,937,14,19,0.0,00:01:50.9780000,NULL,NULL
18,938,14,15,0.0,00:01:26.0580000,NULL,NULL
18,939,-1,15,0.0,00:01:45.8910000,00:01:47.0190000,NULL
18,940,16,14,0.0,00:01:35.6640000,NULL,NULL
18,941,9,13,2.0,00:01:39.7390000,00:01:39.7630000,NULL
18,943,14,20,0.0,NULL,NULL,NULL
18,944,14,16,0.0,00:01:13.4250000,NULL,NULL
18,945,12,12,0.0,00:01:42.5700000,00:01:42.6680000,NULL
18,948,14,12,0.0,00:01:26.7400000,00:01:26.3040000,NULL
18,949,-1,14,0.0,00:01:31.9760000,00:01:31.9980000,NULL
18,950,13,12,0.0,00:01:37.5930000,00:01:39.0930000,NULL
18,951,10,12,1.0,00:01:38.3320000,00:01:37.7010000,NULL
18,952,9,12,2.0,00:01:24.5830000,00:01:24.3480000,NULL
18,953,9,13,2.0,00:01:15.5540000,00:01:15.3520000,NULL
18,954,-1,12,0.0,00:01:14.7550000,00:01:14.4370000,NULL
18,955,11,19,0.0,00:01:45.8040000,NULL,NULL
18,956,6,3,8.0,00:01:07.6530000,00:01:07.5720000,00:01:09.9000000
18,957,12,17,0.0,00:01:32.7880000,NULL,NULL
18,958,-1,8,0.0,00:01:37.9830000,00:01:24.4560000,00:01:21.5970000
18,959,8,12,4.0,00:01:16.1720000,00:01:15.9090000,NULL
18,960,-1,9,0.0,00:01:48.7000000,00:01:48.0510000,00:01:48.1140000
18,961,12,14,0.0,00:01:23.6660000,00:01:23.3990000,NULL
18,962,-1,12,0.0,00:01:45.2620000,00:01:45.1440000,NULL
18,963,9,9,2.0,00:01:35.2670000,00:01:34.4310000,00:01:34.5180000
18,964,18,22,0.0,00:01:32.8510000,NULL,NULL
18,966,12,13,0.0,00:01:21.3330000,00:01:20.6730000,NULL
18,967,16,17,0.0,00:01:13.2760000,NULL,NULL
18,968,-1,12,0.0,00:01:41.1580000,00:01:41.2720000,NULL
18,974,-1,20,0.0,00:01:13.7230000,00:01:13.4530000,00:01:13.6130000
19,18,-1,21,0.0,00:01:29.0590000,NULL,NULL
19,19,15,21,0.0,00:01:37.4810000,NULL,NULL
19,20,16,21,0.0,00:01:34.1400000,NULL,NULL
19,21,-1,21,0.0,00:01:23.3180000,NULL,NULL
19,36,16,11,0.0,00:01:26.9860000,00:01:26.9090000,NULL
19,37,16,18,0.0,00:01:36.8160000,NULL,NULL
19,38,16,13,0.0,00:01:33.2990000,00:01:33.0820000,NULL
19,39,11,15,0.0,00:01:22.2950000,NULL,NULL
19,40,18,17,0.0,00:01:18.2500000,NULL,NULL
19,41,11,17,0.0,00:01:17.5420000,NULL,NULL
19,43,-1,19,0.0,00:01:16.3660000,NULL,NULL
19,44,-1,19,0.0,00:01:21.4480000,NULL,NULL
19,45,12,15,0.0,00:01:32.7930000,00:01:32.4510000,NULL
19,46,-1,15,0.0,00:01:21.0180000,00:01:21.1270000,NULL
19,47,14,11,0.0,00:01:28.3040000,00:01:28.0020000,NULL
19,48,14,14,0.0,00:01:23.6460000,00:01:23.2740000,NULL
19,49,16,20,0.0,00:01:48.1990000,NULL,NULL
19,50,-1,19,0.0,00:01:27.5640000,NULL,NULL
19,51,-1,14,0.0,00:01:37.2030000,00:01:37.2470000,NULL
19,52,14,20,0.0,00:01:14.5960000,NULL,NULL
19,72,-1,15,0.0,00:01:34.8660000,00:01:37.0240000,NULL
20,1,13,3,0.0,00:01:25.9380000,00:01:25.1210000,00:01:26.8300000
20,2,15,13,0.0,00:01:34.9350000,00:01:34.2760000,00:01:35.5180000
20,3,1,1,10.0,00:01:36.5650000,00:01:35.1300000,00:01:36.1840000
20,4,2,3,8.0,00:01:32.6800000,00:01:32.4740000,00:01:34.0150000
20,5,4,2,5.0,00:01:20.7150000,00:01:20.2200000,00:01:20.6600000
20,6,-1,4,0.0,00:01:15.9150000,00:01:14.8790000,00:01:15.2710000
20,7,3,1,6.0,00:01:27.3300000,00:01:27.0160000,00:01:28.3160000
20,8,1,1,10.0,00:01:18.6850000,00:01:18.1190000,00:01:19.5090000
20,9,2,4,8.0,00:01:31.4300000,00:01:39.5040000,00:01:32.4800000
20,10,-1,2,0.0,00:01:21.1780000,00:01:20.6040000,00:01:21.6070000
20,11,-1,4,0.0,00:01:39.2950000,00:01:38.2730000,00:01:39.7890000
20,12,3,8,6.0,00:01:45.3720000,00:01:44.5920000,00:01:46.7610000
20,13,8,9,1.0,00:01:23.5580000,00:01:23.5450000,00:01:25.1800000
20,14,4,2,5.0,00:01:47.5410000,00:01:46.3620000,00:01:48.2040000
20,15,1,1,10.0,00:01:30.8830000,00:01:30.3410000,00:01:32.1600000
20,16,4,15,5.0,00:01:25.0090000,NULL,NULL
20,17,1,2,10.0,00:01:40.6660000,00:01:39.9840000,00:01:41.6150000
20,18,-1,9,0.0,00:01:26.7020000,00:01:25.8420000,NULL
20,19,-1,15,0.0,00:01:36.1110000,00:01:35.6480000,NULL
20,20,-1,19,0.0,00:01:33.5620000,NULL,NULL
20,21,-1,18,0.0,00:01:22.1080000,NULL,NULL
20,22,17,14,0.0,00:01:27.4420000,00:01:27.4120000,NULL
20,23,5,19,4.0,00:01:16.9550000,NULL,NULL
20,24,8,19,1.0,NULL,NULL,NULL
20,25,12,12,0.0,00:01:15.9180000,00:01:15.8160000,NULL
20,26,-1,8,0.0,00:01:20.3180000,00:01:20.1090000,00:01:23.2510000
20,27,8,9,1.0,00:01:15.5320000,00:01:15.4200000,00:01:17.2440000
20,28,-1,11,0.0,00:01:20.1570000,00:01:20.1440000,NULL
20,29,6,6,3.0,00:01:38.1410000,00:01:37.8420000,00:01:40.1420000
20,30,5,10,4.0,00:01:47.1520000,00:01:46.8040000,00:01:50.3190000
20,31,1,1,10.0,00:01:35.4640000,00:01:35.8370000,00:01:37.5550000
20,32,5,6,4.0,00:01:45.0420000,00:01:44.2610000,00:01:46.2440000
20,33,6,9,3.0,00:01:18.5590000,00:01:17.7140000,00:01:19.6380000
20,34,9,6,0.0,00:01:35.7520000,00:01:35.3860000,00:01:37.6850000
20,35,4,7,5.0,00:01:12.3900000,00:01:11.8450000,00:01:13.0820000
20,46,16,20,0.0,00:01:22.1770000,NULL,NULL
20,47,19,18,0.0,00:01:29.4080000,NULL,NULL
20,48,18,16,0.0,00:01:23.5780000,00:01:23.3510000,NULL
20,49,-1,16,0.0,00:01:47.5810000,NULL,NULL
20,50,-1,8,0.0,00:01:26.0250000,00:01:25.9090000,00:01:26.9730000
20,51,4,17,5.0,00:01:37.0060000,00:01:36.8910000,NULL
20,52,-1,13,0.0,00:01:13.8530000,00:01:13.0580000,NULL
20,337,4,1,12.0,00:01:55.0290000,00:01:53.8830000,00:01:54.1010000
20,338,-1,1,0.0,00:01:24.7740000,00:01:24.0960000,00:01:23.9190000
20,339,1,3,25.0,00:01:47.6320000,00:01:46.8280000,00:01:50.7890000
20,340,6,1,8.0,00:01:36.3170000,00:01:35.2800000,00:01:34.5580000
20,341,3,2,15.0,00:01:21.6800000,00:01:20.7720000,00:01:20.1010000
20,342,2,3,18.0,00:01:15.1100000,00:01:14.5680000,00:01:14.2270000
20,343,-1,3,0.0,00:01:27.0670000,00:01:26.7290000,00:01:26.7600000
20,344,4,2,12.0,00:01:16.1290000,00:01:15.5560000,00:01:15.4200000
20,345,1,1,25.0,00:01:38.3240000,00:01:38.0150000,00:01:37.5870000
20,346,7,1,6.0,00:01:30.8410000,00:01:30.4800000,00:01:29.6150000
20,347,3,1,15.0,00:01:15.1520000,00:01:14.2490000,00:01:13.7910000
20,348,3,1,15.0,00:01:20.4170000,00:01:19.5730000,00:01:18.7730000
20,349,15,4,0.0,00:01:58.4870000,00:01:47.2450000,00:01:46.1270000
20,350,4,6,12.0,00:01:23.2350000,00:01:22.7010000,00:01:22.6750000
20,351,2,2,18.0,00:01:46.9600000,00:01:45.5610000,00:01:45.4570000
20,352,1,1,25.0,00:01:32.0350000,00:01:31.1840000,00:01:30.7850000
20,353,-1,1,0.0,00:01:37.1230000,00:01:36.0740000,00:01:35.5850000
20,354,1,2,25.0,00:01:19.1600000,00:01:18.6910000,00:01:15.5190000
20,355,1,1,25.0,00:01:40.3180000,00:01:39.8740000,00:01:39.3940000
20,841,1,1,25.0,00:01:25.2960000,00:01:24.0900000,00:01:23.5290000
20,842,1,1,25.0,00:01:37.4680000,00:01:35.9340000,00:01:34.8700000
20,843,2,1,18.0,00:01:35.6740000,00:01:34.7760000,00:01:33.7060000
20,844,1,1,25.0,00:01:27.0390000,00:01:25.6100000,00:01:25.0490000
20,845,1,2,25.0,00:01:24.1420000,00:01:21.5400000,00:01:21.1810000
20,846,1,1,25.0,00:01:15.6060000,00:01:14.2770000,00:01:13.5560000
20,847,2,1,18.0,00:01:14.0110000,00:01:13.4860000,00:01:13.0140000
20,848,1,1,25.0,00:01:39.1160000,00:01:37.3050000,00:01:36.9750000
20,849,2,2,18.0,00:01:32.9770000,00:01:32.3790000,00:01:30.4310000
20,850,4,3,12.0,00:01:32.9730000,00:01:31.0170000,00:01:30.2160000
20,851,2,1,18.0,00:01:21.7400000,00:01:21.0950000,00:01:19.8150000
20,852,1,1,25.0,00:02:03.0290000,00:02:03.3170000,00:01:48.2980000
20,853,1,1,25.0,00:01:24.0020000,00:01:22.9140000,00:01:22.2750000
20,854,1,1,25.0,00:01:46.3970000,00:01:44.9310000,00:01:44.3810000
20,855,3,1,15.0,00:01:33.0510000,00:01:31.4240000,00:01:30.4660000
20,856,1,2,25.0,00:01:39.0930000,00:01:37.2850000,00:01:36.0420000
20,857,1,1,25.0,00:01:26.2180000,00:01:24.6570000,00:01:24.1780000
20,858,-1,1,0.0,00:01:40.4780000,00:01:38.5160000,00:01:38.4810000
20,859,2,1,18.0,00:01:13.6640000,00:01:12.4460000,00:01:11.9180000
20,860,2,6,18.0,00:01:26.7730000,00:01:25.9820000,00:01:25.6680000
20,861,11,5,0.0,00:01:38.1020000,00:01:37.4190000,00:01:36.6340000
20,862,5,11,10.0,00:01:36.9110000,00:01:36.0310000,NULL
20,863,1,1,25.0,00:01:34.3080000,00:01:33.5270000,00:01:32.4220000
20,864,6,7,8.0,00:01:23.8500000,00:01:22.8840000,NULL
20,865,4,9,12.0,00:01:15.7570000,00:01:15.2340000,NULL
20,866,4,1,12.0,00:01:14.6610000,00:01:14.1870000,00:01:13.7840000
20,867,-1,1,0.0,00:01:39.6260000,00:01:38.5300000,00:01:38.0860000
20,868,3,4,15.0,00:01:46.2790000,00:01:56.9310000,00:01:52.1990000
20,869,5,2,10.0,00:01:16.3930000,00:01:38.3090000,00:01:41.0260000
20,870,4,3,12.0,00:01:22.9480000,00:01:21.4070000,00:01:21.4160000
20,871,2,10,18.0,00:01:49.7220000,00:01:48.7920000,NULL
20,872,22,5,0.0,00:01:25.0110000,00:01:24.6870000,00:01:24.8020000
20,873,1,3,25.0,00:01:48.2400000,00:01:46.7910000,00:01:46.9050000
20,874,1,1,25.0,00:01:32.6080000,00:01:31.5010000,00:01:30.8390000
20,875,1,2,25.0,00:01:38.2080000,00:01:37.7670000,00:01:37.3160000
20,876,1,1,25.0,00:01:26.3870000,00:01:25.4350000,00:01:25.2830000
20,877,3,24,15.0,00:01:42.1600000,00:01:41.5110000,00:01:41.0730000
20,879,6,4,8.0,00:01:15.6440000,00:01:13.2090000,00:01:12.7600000
20,880,3,1,15.0,00:01:44.6570000,00:01:36.7450000,00:01:27.4070000
20,881,1,1,25.0,00:01:37.8990000,00:01:37.2450000,00:01:49.6740000
20,882,4,9,12.0,00:01:36.5370000,00:01:35.3430000,NULL
20,883,1,2,25.0,00:01:33.3270000,00:01:32.7460000,00:01:32.5840000
20,884,4,3,12.0,00:01:22.1580000,00:01:21.6020000,00:01:21.0540000
20,885,2,3,18.0,00:01:24.2430000,00:01:15.9880000,00:01:13.9800000
20,886,1,1,25.0,00:01:22.3180000,00:01:28.1660000,00:01:25.4250000
20,887,-1,3,0.0,00:01:31.5590000,00:01:30.9900000,00:01:30.2110000
20,888,1,2,25.0,00:01:31.2690000,00:01:29.9920000,00:01:29.5010000
20,890,3,2,15.0,00:01:20.6460000,00:01:19.9920000,00:01:19.4260000
20,891,1,2,25.0,00:02:01.8630000,00:01:48.6460000,00:02:01.2000000
20,892,1,1,25.0,00:01:24.3190000,00:01:23.9770000,00:01:23.7550000
20,893,1,1,25.0,00:01:45.3760000,00:01:42.9050000,00:01:42.8410000
20,894,1,1,25.0,00:01:38.6830000,00:01:37.5690000,00:01:37.2020000
20,895,1,2,25.0,00:01:32.3970000,00:01:31.2900000,00:01:31.0890000
20,896,1,1,25.0,00:01:25.9430000,00:01:24.5680000,00:01:24.1190000
20,897,1,2,25.0,00:01:41.6830000,00:01:40.7810000,00:01:40.0750000
20,899,1,1,25.0,00:01:25.3810000,00:01:26.4200000,00:01:26.4790000
20,900,-1,12,0.0,00:01:31.9310000,00:01:44.6880000,NULL
20,901,3,2,15.0,00:01:57.6540000,00:01:59.3990000,00:01:59.4860000
20,902,6,10,8.0,00:01:35.5490000,00:01:34.9850000,NULL
20,903,5,3,10.0,00:01:55.9260000,00:01:54.4990000,00:01:54.9600000
20,904,4,15,12.0,00:01:27.9580000,00:01:27.0520000,NULL
20,905,-1,4,0.0,00:01:18.3830000,00:01:17.0740000,00:01:16.5470000
20,906,3,3,15.0,00:01:17.4700000,00:01:16.1090000,00:01:15.5480000
20,907,-1,12,0.0,00:01:10.6300000,00:01:09.8010000,NULL
20,908,5,2,10.0,00:01:45.0860000,00:01:36.4100000,00:01:37.3860000
20,909,4,6,12.0,00:01:18.1940000,00:01:17.6460000,00:01:17.5770000
20,910,7,2,6.0,00:01:25.6620000,00:01:23.6060000,00:01:23.2010000
20,911,5,3,10.0,00:02:10.1050000,00:02:08.8680000,00:02:07.7170000
20,912,6,8,8.0,00:01:26.6310000,00:01:25.7690000,00:01:25.4360000
20,913,2,4,18.0,00:01:47.4760000,00:01:46.5860000,00:01:45.9020000
20,914,3,9,15.0,00:01:35.5170000,00:01:34.7840000,00:01:34.4320000
20,915,8,10,4.0,00:01:40.3820000,00:01:40.0520000,NULL
20,917,5,6,10.0,00:01:11.8800000,00:01:11.1290000,00:01:10.9380000
20,926,3,4,15.0,00:01:29.3070000,00:01:27.7420000,00:01:27.7570000
20,927,1,2,25.0,00:01:39.8140000,00:01:39.6320000,00:01:49.9080000
20,928,3,3,15.0,00:01:37.5020000,00:01:36.9570000,00:01:36.6870000
20,929,5,2,10.0,00:01:34.9190000,00:01:33.6230000,00:01:32.9820000
20,930,3,3,15.0,00:01:27.5340000,00:01:26.1670000,00:01:25.4580000
20,931,2,3,18.0,00:01:17.5020000,00:01:16.1810000,00:01:15.8490000
20,932,5,18,10.0,00:01:17.3440000,NULL,NULL
20,933,4,3,12.0,00:01:11.1840000,00:01:09.3920000,00:01:08.8100000
20,934,3,6,15.0,00:01:33.5620000,00:01:33.6410000,00:01:33.5470000
20,936,1,3,25.0,00:01:23.3120000,00:01:23.1680000,00:01:22.7390000
20,937,12,8,0.0,00:01:49.2640000,00:01:48.7610000,00:01:48.8250000
20,938,2,3,18.0,00:01:24.9890000,00:01:23.5770000,00:01:23.6850000
20,939,1,1,25.0,00:01:46.0170000,00:01:44.7430000,00:01:43.8850000
20,940,3,4,15.0,00:01:34.4310000,00:01:33.8440000,00:01:33.2450000
20,941,2,4,18.0,00:01:38.5980000,00:01:38.4020000,00:01:37.9650000
20,943,-1,3,0.0,00:01:20.5030000,00:01:20.0450000,00:01:19.8500000
20,944,3,3,15.0,00:01:12.2400000,00:01:11.9280000,00:01:11.8040000
20,945,4,15,12.0,00:01:42.9410000,NULL,NULL
20,948,3,3,15.0,00:01:26.9450000,00:01:25.2570000,00:01:24.6750000
20,949,-1,3,0.0,00:01:31.6360000,00:01:30.4090000,00:01:30.0120000
20,950,2,4,18.0,00:01:37.0010000,00:01:36.1830000,00:01:36.2460000
20,951,-1,7,0.0,00:01:36.5550000,00:01:36.6230000,00:01:36.1230000
20,952,3,6,15.0,00:01:24.1240000,00:01:23.6880000,00:01:23.3340000
20,953,4,4,12.0,00:01:14.6100000,00:01:14.3180000,00:01:14.5520000
20,954,2,3,18.0,00:01:13.9250000,00:01:13.8570000,00:01:12.9900000
20,955,2,3,18.0,00:01:45.0620000,00:01:44.4610000,00:01:43.9660000
20,956,-1,9,0.0,00:01:06.7610000,00:01:06.6020000,00:01:09.7810000
20,957,9,11,2.0,00:01:31.6060000,00:01:30.7110000,00:01:31.4900000
20,958,4,5,12.0,00:01:35.7180000,00:01:24.0820000,00:01:20.8740000
20,959,5,6,10.0,00:01:15.9270000,00:01:15.6300000,00:01:15.3150000
20,960,6,4,8.0,00:01:47.8020000,00:01:47.9440000,00:01:47.1080000
20,961,3,3,15.0,00:01:23.0770000,00:01:22.2750000,00:01:21.9720000
20,962,5,22,10.0,00:01:49.1160000,NULL,NULL
20,963,-1,5,0.0,00:01:34.5570000,00:01:33.9720000,00:01:33.5840000
20,964,4,6,12.0,00:01:31.6590000,00:01:31.2270000,00:01:31.0280000
20,966,5,7,10.0,00:01:19.8650000,00:01:19.3850000,00:01:19.3810000
20,967,5,5,10.0,00:01:12.1590000,00:01:12.0100000,00:01:11.4950000
20,968,3,5,15.0,00:01:40.3410000,00:01:40.0340000,00:01:39.6610000
20,969,1,2,25.0,00:01:25.2100000,00:01:23.4010000,00:01:22.4560000
20,970,2,2,18.0,00:01:33.0780000,00:01:32.3910000,00:01:31.8640000
20,971,1,3,25.0,00:01:31.0370000,00:01:29.5960000,00:01:29.2470000
20,972,2,1,18.0,00:01:34.4930000,00:01:34.0380000,00:01:33.1940000
20,973,2,2,18.0,00:01:20.9390000,00:01:20.2950000,00:01:19.2000000
20,974,1,2,25.0,00:01:13.0900000,00:01:12.4490000,00:01:12.2210000
20,975,4,2,12.0,00:01:13.0460000,00:01:12.7490000,00:01:11.7890000
20,976,4,4,12.0,00:01:42.9520000,00:01:41.9110000,00:01:41.8410000
20,977,2,2,18.0,00:01:05.5850000,00:01:04.7720000,00:01:04.2930000
20,978,7,3,6.0,00:01:39.9620000,00:01:28.9780000,00:01:27.3560000
20,979,1,1,25.0,00:01:17.2440000,00:01:16.8020000,00:01:16.2760000
20,980,2,2,18.0,00:01:44.2750000,00:01:43.9870000,00:01:42.7950000
20,981,3,6,15.0,00:01:37.1980000,00:01:36.2230000,00:01:38.0640000
20,982,-1,1,0.0,00:01:43.3360000,00:01:40.5290000,00:01:39.4910000
20,983,4,20,12.0,NULL,NULL,NULL
20,984,-1,2,0.0,00:01:29.3520000,00:01:28.2250000,00:01:27.7910000
20,986,4,1,12.0,00:01:17.6650000,00:01:16.8700000,00:01:16.4880000
20,987,1,2,25.0,00:01:09.6430000,00:01:08.4940000,00:01:08.3600000
20,988,3,3,15.0,00:01:37.8170000,00:01:37.0230000,00:01:36.7770000
20,989,1,3,25.0,00:01:23.3480000,00:01:21.9440000,00:01:21.8380000
20,990,1,1,25.0,00:01:29.0600000,00:01:28.3410000,00:01:27.9580000
20,991,8,1,4.0,00:01:32.1710000,00:01:32.3850000,00:01:31.0950000
20,992,4,1,12.0,00:01:42.7620000,00:01:43.0150000,00:01:41.4980000
20,993,4,3,12.0,00:01:17.0310000,00:01:16.8020000,00:01:16.3050000
20,994,2,2,18.0,00:01:12.4150000,00:01:11.5180000,00:01:11.0390000
20,995,1,1,25.0,00:01:11.7100000,00:01:11.5240000,00:01:10.7640000
20,996,5,3,10.0,00:01:31.8200000,00:01:30.7510000,00:01:30.4000000
20,997,3,6,15.0,00:01:04.3470000,00:01:03.5440000,00:01:03.4640000
20,998,1,2,25.0,00:01:26.5850000,00:01:26.3720000,00:01:25.9360000
20,999,-1,1,0.0,00:01:12.5380000,00:01:12.5050000,00:01:11.2120000
20,1000,2,4,18.0,00:01:16.6660000,00:01:28.6360000,00:01:36.2100000
20,1001,1,2,25.0,00:01:43.0350000,00:01:41.5010000,00:01:58.9050000
20,1002,4,2,12.0,00:01:20.5420000,00:01:19.6290000,00:01:19.2800000
20,1003,3,3,15.0,00:01:38.2180000,00:01:37.8760000,00:01:36.6280000
20,1004,3,3,15.0,00:01:33.4760000,00:01:33.0450000,00:01:31.9430000
20,1005,6,8,8.0,00:01:29.0490000,00:01:28.2790000,00:01:32.1920000
20,1007,2,4,18.0,00:01:16.0890000,00:01:15.7150000,00:01:14.9700000
20,1008,6,2,8.0,00:01:08.4520000,00:01:07.7760000,00:01:07.3740000
20,1009,2,3,18.0,00:01:36.7750000,00:01:36.3450000,00:01:35.1250000
20,1010,4,3,12.0,00:01:22.8850000,00:01:21.9120000,00:01:21.1900000
20,1011,5,2,10.0,00:01:28.7330000,00:01:28.3560000,00:01:28.1600000
20,1012,3,3,15.0,00:01:33.5570000,00:01:32.2320000,00:01:31.8480000
20,1013,3,3,15.0,00:01:42.0420000,00:01:41.8890000,00:01:40.7970000
20,1014,4,3,12.0,00:01:17.4250000,00:01:16.6670000,00:01:16.2720000
20,1015,2,4,18.0,00:01:11.4340000,00:01:11.2270000,00:01:10.9470000
20,1016,2,1,18.0,00:01:11.2000000,00:01:11.1420000,00:01:10.2400000
20,1017,5,7,11.0,00:01:31.0750000,00:01:29.5060000,00:01:29.7990000
20,1018,4,9,12.0,00:01:04.4300000,00:01:03.6670000,NULL
20,1019,16,6,0.0,00:01:25.8980000,00:01:26.0230000,00:01:25.7870000
20,1020,2,20,18.0,NULL,NULL,NULL
20,1021,3,5,15.0,00:01:16.4520000,00:01:15.8850000,00:01:15.0710000
20,1022,4,2,13.0,00:01:44.1090000,00:01:43.0370000,00:01:43.2670000
20,1023,13,4,0.0,00:01:20.3780000,00:01:19.7150000,00:01:19.4570000
20,1024,1,3,25.0,00:01:38.3740000,00:01:36.7200000,00:01:36.4370000
20,1025,-1,3,0.0,00:01:33.0320000,00:01:32.5360000,00:01:32.0530000
20,1026,2,1,18.0,00:01:28.9880000,00:01:28.1740000,00:01:27.0640000
20,1027,2,2,18.0,00:01:16.6960000,00:01:15.9140000,00:01:15.1700000
20,1029,17,2,0.0,00:01:08.5560000,00:01:08.0500000,00:01:07.6310000
20,1030,5,4,10.0,00:01:36.9630000,00:01:35.7860000,00:01:35.3390000
20,1031,10,11,1.0,00:01:04.5540000,00:01:04.2060000,NULL
20,1032,-1,10,0.0,00:01:20.2430000,00:01:19.5450000,00:01:21.6510000
20,1033,6,5,8.0,00:01:15.4550000,00:01:15.1310000,00:01:14.7740000
20,1034,10,10,1.0,00:01:26.4690000,00:01:26.4550000,00:01:26.3390000
20,1035,12,11,0.0,00:01:27.6120000,00:01:27.0780000,NULL
20,1036,7,11,6.0,00:01:17.5730000,00:01:17.1680000,NULL
20,1037,13,14,0.0,00:01:43.5670000,00:01:43.2610000,NULL
20,1038,-1,17,0.0,00:01:21.1510000,NULL,NULL
20,1039,10,14,1.0,00:01:17.0720000,00:01:16.8580000,NULL
20,1040,13,14,0.0,00:01:34.1340000,00:01:33.6090000,NULL
20,1041,11,11,0.0,00:01:27.1070000,00:01:26.7380000,NULL
20,1042,10,15,1.0,00:01:17.4460000,00:01:17.9190000,NULL
20,1043,12,14,0.0,00:01:15.5710000,00:01:15.3850000,NULL
20,1044,3,11,15.0,00:02:03.3560000,00:01:55.1690000,NULL
20,1045,13,11,0.0,00:01:29.1420000,00:01:29.1490000,NULL
20,1046,12,13,0.0,00:00:54.3010000,00:00:54.1750000,NULL
20,1047,14,13,0.0,00:01:36.6550000,00:01:36.6310000,NULL
20,1051,10,10,1.0,00:01:22.5490000,00:01:22.1460000,00:01:22.7850000
20,1052,15,20,0.0,00:01:32.0560000,NULL,NULL
20,1053,15,0,0.0,00:01:15.4590000,00:01:15.3940000,NULL
20,1054,13,10,0.0,00:01:19.4030000,00:01:18.9700000,00:01:19.6590000
20,1055,13,13,0.0,00:01:18.2890000,00:01:18.0790000,NULL
20,1056,5,8,10.0,00:01:12.0780000,00:01:11.3090000,00:01:11.4190000
20,1057,2,11,18.0,00:01:42.4600000,00:01:42.2240000,NULL
20,1058,12,14,0.0,00:01:05.0510000,00:01:04.8750000,NULL
20,1059,9,12,2.0,00:01:32.1320000,00:01:31.7670000,NULL
20,1060,17,11,0.0,00:01:04.8460000,00:01:04.4930000,00:01:04.5700000
20,1061,-1,8,0.0,00:01:27.4930000,00:01:27.1030000,00:01:27.1790000
20,1062,-1,10,0.0,00:01:17.1050000,00:01:16.7940000,00:01:16.7500000
20,1063,5,5,5.0,00:02:00.1750000,00:01:56.8140000,00:02:00.9350000
20,1064,13,15,0.0,00:01:10.7310000,NULL,NULL
20,1065,12,11,0.0,00:01:21.3940000,00:01:20.9130000,NULL
20,1066,12,10,0.0,00:01:47.2050000,00:01:46.5730000,NULL
20,1067,18,10,0.0,00:01:25.7870000,00:01:24.7950000,NULL
20,1070,7,9,6.0,00:01:17.5020000,00:01:17.7460000,NULL
20,1071,11,9,0.0,00:01:09.4510000,00:01:09.3990000,NULL
20,1072,-1,17,0.0,00:01:29.1980000,NULL,NULL
20,1073,11,15,0.0,00:01:24.2250000,00:01:24.3050000,NULL
20,1076,-1,17,0.0,00:01:21.1490000,NULL,NULL
20,1077,8,13,4.0,00:01:20.3640000,00:01:19.9570000,00:01:31.0620000
20,1079,11,16,0.0,00:01:20.9540000,NULL,NULL
20,1080,10,9,1.0,00:01:13.3130000,00:01:12.6130000,00:01:12.7320000
20,1081,6,9,8.0,00:01:43.2790000,00:01:43.2680000,00:01:43.0910000
20,1082,12,16,0.0,00:01:34.5120000,NULL,NULL
20,1083,9,18,2.0,00:01:42.6660000,NULL,NULL
20,1084,17,18,0.0,00:01:07.0830000,NULL,NULL
20,1085,11,12,0.0,00:01:33.2850000,00:01:33.2760000,NULL
20,1086,10,18,1.0,00:01:19.2730000,NULL,NULL
20,1087,8,10,4.0,00:01:46.3440000,NULL,NULL
20,1088,14,19,0.0,00:01:12.3910000,NULL,NULL
20,1089,-1,11,0.0,00:01:22.6360000,NULL,NULL
20,1091,8,13,4.0,00:01:55.6020000,00:01:54.3800000,NULL
20,1092,6,9,8.0,00:01:31.2560000,00:01:30.6560000,00:01:30.5540000
20,1094,14,16,0.0,00:01:20.4190000,NULL,NULL
20,1095,11,9,0.0,00:01:13.5970000,00:01:11.6780000,NULL
20,1096,10,9,1.0,00:01:25.5230000,00:01:24.9740000,00:01:24.9610000
21,1,11,15,0.0,00:01:26.6770000,NULL,NULL
21,2,18,18,0.0,00:01:35.9080000,NULL,NULL
21,3,14,20,0.0,00:01:37.6720000,NULL,NULL
21,4,15,17,0.0,00:01:33.9100000,NULL,NULL
21,5,14,20,0.0,00:01:22.2040000,NULL,NULL
21,6,9,13,0.0,00:01:16.0630000,00:01:16.1460000,NULL
21,7,-1,19,0.0,00:01:28.7170000,NULL,NULL
21,8,10,16,0.0,00:01:19.8020000,NULL,NULL
21,9,11,18,0.0,00:01:32.4020000,NULL,NULL
21,10,14,16,0.0,00:01:21.8070000,NULL,NULL
21,11,12,16,0.0,00:01:39.5310000,NULL,NULL
21,12,2,1,8.0,00:01:45.1020000,00:01:44.6670000,00:01:46.3080000
21,13,9,14,0.0,00:01:23.8280000,00:01:23.9010000,NULL
21,14,13,17,0.0,00:01:48.3500000,NULL,NULL
21,15,12,14,0.0,00:01:31.7040000,NULL,NULL
21,16,11,19,0.0,00:01:40.7030000,NULL,NULL
21,17,16,20,0.0,00:01:42.1840000,NULL,NULL
21,18,-1,16,0.0,00:01:27.2070000,NULL,NULL
21,19,12,17,0.0,00:01:36.2400000,NULL,NULL
21,20,12,18,0.0,00:01:33.5010000,NULL,NULL
21,21,10,19,0.0,00:01:22.5160000,NULL,NULL
21,22,-1,20,0.0,00:01:27.8070000,NULL,NULL
21,23,-1,20,0.0,00:01:17.8230000,NULL,NULL
21,24,-1,17,0.0,00:01:19.1650000,NULL,NULL
21,25,18,17,0.0,00:01:16.9710000,NULL,NULL
21,26,-1,19,0.0,00:01:21.8850000,NULL,NULL
21,27,16,20,0.0,00:01:16.9630000,NULL,NULL
21,28,15,18,0.0,00:01:21.6700000,NULL,NULL
21,29,14,18,0.0,00:01:39.2680000,NULL,NULL
21,30,17,20,0.0,00:01:48.4470000,NULL,NULL
21,31,-1,12,0.0,00:01:36.2800000,00:01:36.6980000,NULL
21,32,14,20,0.0,NULL,NULL,NULL
21,33,-1,20,0.0,00:01:19.9100000,NULL,NULL
21,34,17,20,0.0,00:01:37.7390000,NULL,NULL
21,35,18,19,0.0,00:01:13.4260000,NULL,NULL
21,36,5,6,4.0,00:01:27.2700000,00:01:25.9440000,00:01:27.6340000
21,37,6,12,3.0,00:01:35.8790000,00:01:35.7060000,NULL
21,38,8,7,1.0,00:01:33.5560000,00:01:32.8890000,00:01:34.0560000
21,39,9,10,0.0,00:01:22.0640000,00:01:21.6770000,00:01:22.8810000
21,40,4,4,5.0,00:01:17.5960000,00:01:16.0540000,00:01:16.2850000
21,41,-1,9,0.0,00:01:16.8050000,00:01:16.2880000,00:01:17.2290000
21,43,6,5,3.0,00:01:16.0470000,00:01:15.2270000,00:01:15.6740000
21,44,8,8,1.0,00:01:20.8420000,00:01:20.0420000,00:01:20.7750000
21,45,10,13,0.0,00:01:32.3780000,00:01:32.0100000,NULL
21,46,12,13,0.0,00:01:21.6450000,00:01:20.5900000,00:01:21.0790000
21,47,9,10,0.0,00:01:28.3130000,00:01:27.8800000,00:01:29.3220000
21,48,12,15,0.0,00:01:23.5590000,00:01:23.3250000,NULL
21,49,-1,22,0.0,00:01:47.1430000,00:01:46.6030000,NULL
21,50,5,10,4.0,00:01:26.9090000,00:01:26.0330000,NULL
21,51,11,18,0.0,00:01:37.2900000,NULL,NULL
21,52,-1,12,0.0,00:01:13.4820000,00:01:12.9680000,NULL
21,53,-1,9,0.0,00:01:32.9340000,00:01:31.8310000,00:01:33.4960000
21,54,1,1,10.0,00:01:35.4880000,00:01:33.6230000,00:01:33.8400000
21,55,5,2,4.0,00:01:27.7650000,00:01:26.1960000,00:01:25.6350000
21,56,8,11,1.0,00:01:24.4340000,00:01:23.7710000,NULL
21,57,6,11,3.0,00:01:31.5740000,00:01:31.1970000,NULL
21,58,3,2,6.0,00:01:16.0460000,00:01:14.7660000,00:01:14.7090000
21,59,6,9,3.0,00:01:14.6140000,00:01:13.6470000,00:01:17.2600000
21,60,4,5,5.0,00:01:22.4110000,00:01:20.5940000,00:01:20.9190000
21,61,4,2,5.0,00:01:15.9170000,00:01:15.2950000,00:01:15.1780000
21,63,6,7,3.0,00:01:16.8250000,00:01:15.9010000,00:01:16.3450000
21,64,6,5,3.0,00:01:15.9160000,00:01:14.5400000,00:01:14.8940000
21,65,-1,7,0.0,00:01:21.3700000,00:01:20.1540000,00:01:20.9240000
21,66,6,4,3.0,00:01:28.1750000,00:01:27.3460000,00:01:27.5640000
21,67,4,9,5.0,00:01:22.4860000,00:01:21.7220000,00:01:23.1750000
21,68,3,2,6.0,00:01:44.3780000,00:01:44.3360000,00:01:44.9920000
21,69,3,6,6.0,00:01:31.6960000,00:01:30.3060000,00:01:30.5990000
21,70,6,6,3.0,00:01:12.0420000,00:01:11.4610000,00:01:11.6290000
21,71,1,1,10.0,00:01:33.1710000,00:01:28.2890000,NULL
21,72,-1,3,0.0,00:01:32.7650000,00:01:35.6830000,NULL
21,73,-1,10,0.0,00:01:30.4450000,00:01:33.3200000,NULL
21,74,-1,12,0.0,00:01:21.7080000,00:01:25.0020000,NULL
21,75,5,6,4.0,00:01:15.6010000,00:01:17.2290000,NULL
21,76,12,4,0.0,00:01:14.7830000,00:01:17.3170000,NULL
21,77,6,9,3.0,00:01:31.5660000,NULL,NULL
21,78,-1,4,0.0,00:01:15.5770000,NULL,NULL
21,80,6,6,3.0,00:01:14.8870000,NULL,NULL
21,81,4,6,5.0,00:01:21.0100000,NULL,NULL
21,82,4,4,5.0,00:01:14.9270000,NULL,NULL
21,83,9,9,0.0,00:01:21.3330000,NULL,NULL
21,84,4,2,5.0,00:01:27.0390000,NULL,NULL
21,85,3,8,6.0,00:01:22.0680000,NULL,NULL
21,86,-1,13,0.0,00:01:46.4970000,NULL,NULL
21,87,5,3,4.0,00:01:12.5580000,NULL,NULL
21,88,2,3,8.0,00:01:46.2760000,NULL,NULL
21,89,4,2,5.0,00:01:34.4010000,NULL,NULL
21,90,10,14,0.0,00:01:27.8450000,NULL,NULL
21,91,11,12,0.0,00:01:35.0610000,NULL,NULL
21,92,11,11,0.0,00:01:31.7310000,NULL,NULL
21,93,9,18,0.0,NULL,NULL,NULL
21,94,7,12,2.0,00:01:17.4440000,NULL,NULL
21,95,-1,10,0.0,00:01:15.3520000,NULL,NULL
21,96,6,19,3.0,NULL,NULL,NULL
21,97,4,11,5.0,00:01:14.6740000,NULL,NULL
21,99,12,15,0.0,00:01:16.1770000,NULL,NULL
21,100,6,20,3.0,NULL,NULL,NULL
21,101,9,14,0.0,00:01:15.3950000,NULL,NULL
21,102,8,8,1.0,00:01:20.3240000,NULL,NULL
21,103,5,5,4.0,00:01:58.0400000,NULL,NULL
21,104,8,15,1.0,00:01:22.2390000,NULL,NULL
21,105,7,7,2.0,00:01:34.9510000,NULL,NULL
21,106,8,7,1.0,00:01:36.1360000,NULL,NULL
21,107,9,10,0.0,00:01:11.5710000,NULL,NULL
21,108,-1,13,0.0,00:01:29.3440000,NULL,NULL
21,109,-1,14,0.0,00:01:38.4160000,NULL,NULL
21,110,1,8,10.0,00:01:14.1910000,NULL,NULL
21,111,15,17,0.0,00:01:24.3170000,NULL,NULL
21,112,-1,17,0.0,00:01:20.9760000,NULL,NULL
21,113,-1,9,0.0,00:01:10.1050000,NULL,NULL
21,114,10,12,0.0,00:01:16.9670000,NULL,NULL
21,115,-1,16,0.0,00:01:18.0360000,NULL,NULL
21,116,12,13,0.0,00:01:33.5530000,NULL,NULL
21,117,-1,17,0.0,00:01:18.4310000,NULL,NULL
21,118,-1,15,0.0,00:01:23.5740000,NULL,NULL
21,119,13,13,0.0,00:01:16.8310000,NULL,NULL
21,120,-1,13,0.0,00:01:23.7260000,NULL,NULL
21,121,10,13,0.0,00:01:22.9920000,NULL,NULL
21,123,-1,16,0.0,00:01:34.9120000,NULL,NULL
21,125,13,9,0.0,00:01:37.5360000,NULL,NULL
21,140,-1,8,0.0,00:01:33.2760000,NULL,NULL
21,158,5,9,2.0,00:01:31.9920000,NULL,NULL
21,160,11,19,0.0,00:01:27.2530000,NULL,NULL
21,161,7,12,0.0,00:01:27.2530000,NULL,NULL
21,173,14,12,0.0,00:01:37.4790000,NULL,NULL
21,175,4,7,3.0,00:01:32.5400000,NULL,NULL
21,176,-1,5,0.0,00:01:17.8100000,NULL,NULL
21,177,5,16,2.0,00:01:28.7500000,NULL,NULL
21,191,-1,7,0.0,00:01:31.7330000,NULL,NULL
21,192,6,7,1.0,00:01:18.6520000,NULL,NULL
21,193,7,10,0.0,00:01:27.8360000,NULL,NULL
21,199,5,10,2.0,00:01:25.6540000,NULL,NULL
21,200,-1,1,0.0,00:01:29.5980000,NULL,NULL
21,201,7,8,0.0,00:01:43.3690000,NULL,NULL
21,203,-1,7,0.0,00:01:50.4620000,NULL,NULL
21,207,-1,14,0.0,00:01:33.5520000,NULL,NULL
21,208,8,7,0.0,00:01:16.9120000,NULL,NULL
21,209,-1,9,0.0,00:01:26.6190000,NULL,NULL
21,210,4,6,3.0,00:01:24.5960000,NULL,NULL
21,211,6,4,1.0,00:01:18.6650000,NULL,NULL
21,212,9,8,0.0,00:01:18.3850000,NULL,NULL
21,213,3,6,4.0,00:01:18.7500000,NULL,NULL
21,214,9,11,0.0,00:01:15.4530000,NULL,NULL
21,215,7,10,0.0,00:01:22.3710000,NULL,NULL
21,216,11,2,0.0,00:01:41.8960000,NULL,NULL
21,224,-1,16,0.0,00:01:35.8980000,NULL,NULL
21,227,13,18,0.0,00:01:22.9210000,NULL,NULL
21,228,-1,19,0.0,00:01:30.8140000,NULL,NULL
21,229,-1,18,0.0,00:01:22.6840000,NULL,NULL
21,230,-1,19,0.0,00:01:25.5310000,NULL,NULL
22,1,2,2,8.0,00:01:25.0060000,00:01:24.7830000,00:01:26.5050000
22,2,5,8,2.0,00:01:34.6810000,00:01:34.3870000,00:01:35.6510000
22,3,4,4,5.0,00:01:35.7010000,00:01:35.5030000,00:01:36.4930000
22,4,5,6,4.0,00:01:33.1160000,00:01:32.8420000,00:01:34.2390000
22,5,2,3,8.0,00:01:20.8080000,00:01:19.9540000,00:01:20.7620000
22,6,2,3,8.0,00:01:15.4250000,00:01:14.8290000,00:01:15.0770000
22,7,-1,3,0.0,00:01:27.3710000,00:01:27.4180000,00:01:28.5790000
22,8,3,2,6.0,00:01:19.3250000,00:01:18.3350000,00:01:19.8560000
22,9,6,2,3.0,00:01:31.4820000,00:01:34.4550000,00:01:32.3570000
22,10,10,12,0.0,00:01:21.5580000,00:01:21.2220000,NULL
22,11,1,3,10.0,00:01:39.0190000,00:01:38.0760000,00:01:39.5630000
22,12,7,4,2.0,00:01:45.2370000,00:01:44.8340000,00:01:46.5130000
22,13,1,5,10.0,00:01:23.4830000,00:01:22.9760000,00:01:25.0150000
22,14,6,9,3.0,00:01:47.3970000,00:01:46.7870000,00:01:48.8280000
22,15,7,6,2.0,00:01:31.2720000,00:01:31.0550000,00:01:32.6600000
22,16,8,1,1.0,00:01:24.1000000,00:01:21.6590000,00:01:19.5760000
22,17,4,4,5.0,00:01:40.5740000,00:01:40.4210000,00:01:41.7860000
22,18,-1,10,0.0,00:01:26.3690000,00:01:26.1730000,NULL
22,19,13,14,0.0,00:01:36.1980000,00:01:35.6220000,NULL
22,20,11,12,0.0,00:01:32.9440000,00:01:32.5080000,NULL
22,21,-1,11,0.0,00:01:21.5480000,00:01:21.0490000,NULL
22,22,14,12,0.0,00:01:27.3550000,00:01:27.2190000,NULL
22,23,6,14,3.0,00:01:16.2080000,00:01:16.5370000,NULL
22,24,7,9,2.0,00:01:18.2560000,00:01:18.0200000,00:01:20.8480000
22,25,14,20,0.0,00:01:16.3300000,NULL,NULL
22,26,3,16,6.0,00:01:21.5120000,NULL,NULL
22,27,-1,18,0.0,00:01:16.2460000,NULL,NULL
22,28,16,17,0.0,00:01:21.3320000,NULL,NULL
22,29,16,19,0.0,00:01:39.8110000,NULL,NULL
22,30,-1,16,0.0,00:01:48.1530000,NULL,NULL
22,31,17,16,0.0,00:01:36.5100000,NULL,NULL
22,32,-1,18,0.0,00:01:46.5830000,NULL,NULL
22,33,13,17,0.0,00:01:18.8820000,NULL,NULL
22,34,11,13,0.0,00:01:36.6400000,00:01:36.0790000,NULL
22,35,15,15,0.0,00:01:12.5480000,00:01:13.1390000,NULL
22,36,11,16,0.0,00:01:27.6790000,NULL,NULL
22,37,11,22,0.0,00:01:36.8270000,NULL,NULL
22,38,13,15,0.0,00:01:33.7760000,00:01:33.6240000,NULL
22,39,10,12,0.0,00:01:22.5020000,00:01:22.0970000,NULL
22,40,10,9,0.0,00:01:17.2440000,00:01:16.4540000,00:01:17.4980000
22,41,12,13,0.0,00:01:17.0110000,00:01:17.1160000,NULL
22,43,11,13,0.0,00:01:16.1400000,00:01:15.7610000,NULL
22,44,9,14,0.0,00:01:21.1690000,00:01:20.3640000,NULL
22,45,11,14,0.0,00:01:32.6740000,00:01:32.2210000,NULL
22,46,18,18,0.0,00:01:21.8770000,NULL,NULL
22,47,17,22,0.0,00:01:28.7920000,00:01:28.1880000,NULL
22,48,10,12,0.0,00:01:23.4740000,00:01:23.1760000,NULL
22,49,13,17,0.0,00:01:47.9540000,NULL,NULL
22,50,10,17,0.0,00:01:27.3230000,NULL,NULL
22,51,15,16,0.0,00:01:37.2510000,NULL,NULL
22,52,-1,11,0.0,00:01:13.6610000,00:01:12.9320000,NULL
22,53,15,6,0.0,00:01:33.9220000,00:01:32.3220000,00:01:32.5790000
22,54,10,20,0.0,00:01:35.5260000,00:01:34.6830000,NULL
22,55,7,16,2.0,00:01:29.9430000,NULL,NULL
22,56,10,3,0.0,00:01:24.7270000,00:01:23.7600000,00:01:23.2420000
22,57,5,4,4.0,00:01:31.6710000,00:01:30.4690000,00:01:30.7540000
22,58,7,5,2.0,00:01:16.2660000,00:01:15.2580000,00:01:15.8850000
22,59,4,5,5.0,00:01:14.7660000,00:01:14.3120000,00:01:15.8040000
22,60,10,6,0.0,00:01:22.9650000,00:01:20.9290000,00:01:20.9430000
22,61,-1,9,0.0,00:01:16.7350000,00:01:15.6010000,00:01:16.9120000
22,63,-1,13,0.0,00:01:17.0220000,00:01:17.0270000,NULL
22,64,-1,6,0.0,00:01:15.7570000,00:01:14.6520000,00:01:14.9340000
22,65,4,3,5.0,00:01:21.1410000,00:01:19.7830000,00:01:20.0850000
22,66,8,13,1.0,00:01:28.4110000,00:01:28.2570000,NULL
22,67,6,8,3.0,00:01:22.6400000,00:01:21.6880000,00:01:22.7870000
22,68,6,3,3.0,00:01:47.0720000,00:01:45.2280000,00:01:45.5030000
22,69,12,8,0.0,00:01:31.9720000,00:01:30.5980000,00:01:31.4780000
22,70,7,5,2.0,00:01:12.0170000,00:01:11.5780000,00:01:11.6190000
22,71,2,11,8.0,00:01:45.4810000,00:01:31.3410000,NULL
22,72,-1,12,0.0,00:01:34.1620000,00:01:37.3400000,NULL
22,73,9,20,0.0,00:01:31.8260000,00:01:35.8670000,NULL
22,74,-1,9,0.0,00:01:20.8920000,00:01:24.3510000,NULL
22,75,9,16,0.0,00:01:15.7460000,NULL,NULL
22,76,8,10,1.0,00:01:16.1420000,00:01:18.8410000,NULL
22,77,3,7,6.0,00:01:31.2490000,NULL,NULL
22,78,3,20,6.0,NULL,NULL,NULL
22,80,9,5,0.0,00:01:14.8320000,NULL,NULL
22,81,7,5,2.0,00:01:20.9060000,NULL,NULL
22,82,10,15,0.0,00:01:16.2300000,NULL,NULL
22,83,10,7,0.0,00:01:21.1580000,NULL,NULL
22,84,10,11,0.0,00:01:29.3690000,NULL,NULL
22,85,12,7,0.0,00:01:21.9620000,NULL,NULL
22,86,5,12,4.0,00:01:48.5500000,NULL,NULL
22,87,6,9,3.0,00:01:13.1830000,NULL,NULL
22,88,11,9,0.0,00:01:48.2480000,NULL,NULL
22,89,12,8,0.0,00:01:35.6100000,NULL,NULL
22,90,2,2,8.0,00:01:24.4820000,NULL,NULL
22,91,4,3,5.0,00:01:33.7560000,NULL,NULL
22,92,2,2,8.0,00:01:30.5300000,NULL,NULL
22,93,6,4,3.0,00:01:20.4510000,NULL,NULL
22,94,2,5,8.0,00:01:16.2720000,NULL,NULL
22,95,3,6,6.0,00:01:14.7160000,NULL,NULL
22,96,2,7,8.0,00:01:29.3530000,NULL,NULL
22,97,2,7,8.0,00:01:13.5620000,NULL,NULL
22,99,3,10,6.0,00:01:14.4780000,NULL,NULL
22,100,3,2,6.0,00:01:18.3050000,NULL,NULL
22,101,12,7,0.0,00:01:14.2780000,NULL,NULL
22,102,2,2,8.0,00:01:19.3230000,NULL,NULL
22,103,3,6,6.0,00:01:58.1750000,NULL,NULL
22,104,1,1,10.0,00:01:20.0890000,NULL,NULL
22,105,1,1,10.0,00:01:34.0120000,NULL,NULL
22,106,-1,15,0.0,00:01:38.6370000,NULL,NULL
22,107,3,1,6.0,00:01:10.6460000,NULL,NULL
22,108,-1,2,0.0,00:01:27.4180000,NULL,NULL
22,109,2,5,8.0,00:01:37.5790000,NULL,NULL
22,110,-1,1,0.0,00:01:13.8070000,NULL,NULL
22,111,3,3,6.0,00:01:22.5570000,NULL,NULL
22,112,3,2,6.0,00:01:18.0200000,NULL,NULL
22,113,3,5,6.0,00:01:09.7840000,NULL,NULL
22,114,8,7,1.0,00:01:15.8200000,NULL,NULL
22,115,5,5,4.0,00:01:16.1430000,NULL,NULL
22,116,3,5,6.0,00:01:31.7800000,NULL,NULL
22,117,7,8,2.0,00:01:16.1660000,NULL,NULL
22,118,1,1,10.0,00:01:21.2090000,NULL,NULL
22,119,-1,3,0.0,00:01:15.4880000,NULL,NULL
22,120,-1,5,0.0,00:01:22.1800000,NULL,NULL
22,121,3,3,6.0,00:01:21.2420000,NULL,NULL
22,123,1,1,10.0,00:01:31.7130000,NULL,NULL
22,125,-1,3,0.0,00:01:35.8910000,NULL,NULL
22,140,2,2,6.0,00:01:31.7490000,NULL,NULL
22,158,2,4,6.0,00:01:31.1020000,NULL,NULL
22,160,4,4,3.0,00:01:25.8710000,NULL,NULL
22,161,-1,1,0.0,00:01:25.7030000,NULL,NULL
22,173,4,4,3.0,00:01:36.3300000,NULL,NULL
22,175,5,4,2.0,00:01:32.1480000,NULL,NULL
22,176,-1,3,0.0,00:01:17.3050000,NULL,NULL
22,177,3,6,4.0,00:01:27.4090000,NULL,NULL
22,191,-1,14,0.0,00:01:33.3830000,NULL,NULL
22,192,-1,13,0.0,00:01:19.3440000,NULL,NULL
22,193,10,14,0.0,00:01:29.2490000,NULL,NULL
22,199,-1,16,0.0,00:01:26.9900000,NULL,NULL
22,200,-1,5,0.0,00:01:31.0050000,NULL,NULL
22,201,-1,13,0.0,00:01:44.7760000,NULL,NULL
22,203,-1,15,0.0,00:01:52.6700000,NULL,NULL
22,207,-1,11,0.0,00:01:33.0750000,NULL,NULL
22,208,-1,11,0.0,00:01:17.2590000,NULL,NULL
22,209,-1,5,0.0,00:01:25.9420000,NULL,NULL
22,210,-1,13,0.0,00:01:25.5790000,NULL,NULL
22,211,2,10,6.0,00:01:19.2950000,NULL,NULL
22,212,-1,17,0.0,00:01:20.2550000,NULL,NULL
22,213,-1,3,0.0,00:01:18.3880000,NULL,NULL
22,214,-1,13,0.0,00:01:15.8760000,NULL,NULL
22,215,-1,22,0.0,00:01:25.5250000,NULL,NULL
22,216,-1,12,0.0,00:01:43.2720000,NULL,NULL
22,224,-1,8,0.0,00:01:34.4740000,NULL,NULL
22,225,-1,2,0.0,00:01:19.0920000,NULL,NULL
22,226,4,6,3.0,00:01:31.4040000,NULL,NULL
22,227,5,5,2.0,00:01:20.8180000,NULL,NULL
22,228,5,9,2.0,00:01:28.6320000,NULL,NULL
22,229,-1,6,0.0,00:01:21.5040000,NULL,NULL
22,230,-1,7,0.0,00:01:22.3790000,NULL,NULL
22,240,-1,16,0.0,00:01:22.9750000,NULL,NULL
22,241,-1,10,0.0,00:01:56.1140000,NULL,NULL
22,242,-1,10,0.0,00:01:29.5510000,NULL,NULL
22,243,7,8,0.0,00:01:23.7050000,NULL,NULL
22,244,-1,11,0.0,00:01:25.0810000,NULL,NULL
22,245,2,9,6.0,00:01:29.1710000,NULL,NULL
22,246,6,5,1.0,00:01:18.8100000,NULL,NULL
22,247,11,9,0.0,00:01:30.3540000,NULL,NULL
22,248,-1,5,0.0,00:01:45.7650000,NULL,NULL
22,249,7,14,0.0,00:01:20.9020000,NULL,NULL
22,250,6,12,1.0,00:01:58.2930000,NULL,NULL
22,251,-1,6,0.0,00:01:25.9190000,NULL,NULL
22,252,11,8,0.0,00:01:22.5380000,NULL,NULL
22,253,4,11,3.0,00:01:21.2110000,NULL,NULL
22,254,-1,11,0.0,00:01:15.7740000,NULL,NULL
22,255,-1,10,0.0,00:01:40.3810000,NULL,NULL
22,256,-1,7,0.0,NULL,NULL,NULL
22,257,4,14,3.0,00:01:18.4140000,NULL,NULL
22,258,3,8,4.0,00:01:12.4090000,NULL,NULL
22,259,-1,0,0.0,NULL,NULL,NULL
22,261,-1,5,0.0,00:01:23.5940000,NULL,NULL
22,262,7,6,0.0,00:01:27.5540000,NULL,NULL
22,263,-1,7,0.0,00:01:17.4820000,NULL,NULL
22,264,4,6,3.0,00:01:26.2710000,NULL,NULL
22,265,-1,11,0.0,00:01:45.9390000,NULL,NULL
22,266,-1,10,0.0,00:01:20.9520000,NULL,NULL
22,267,-1,1,0.0,00:02:21.1630000,NULL,NULL
22,268,4,16,3.0,00:01:25.9460000,NULL,NULL
22,269,4,8,3.0,00:01:21.7960000,NULL,NULL
22,270,12,5,0.0,00:01:23.4550000,NULL,NULL
22,271,-1,10,0.0,00:01:38.5330000,NULL,NULL
22,272,4,5,3.0,00:01:17.5370000,NULL,NULL
22,337,10,11,1.0,00:01:55.9690000,00:01:55.3300000,NULL
22,338,8,8,4.0,00:01:25.7020000,00:01:25.0850000,00:01:25.2170000
22,339,12,7,0.0,00:01:50.3010000,00:01:48.3710000,00:01:51.5110000
22,340,12,11,0.0,00:01:36.6640000,00:01:35.7480000,NULL
22,341,9,17,2.0,00:01:23.1250000,NULL,NULL
22,342,-1,9,0.0,00:01:15.5900000,00:01:15.0830000,00:01:14.9010000
22,343,14,15,0.0,00:01:28.3360000,00:01:28.3920000,NULL
22,344,14,11,0.0,00:01:16.8800000,00:01:16.4340000,NULL
22,345,4,9,12.0,00:01:38.4490000,00:01:38.3260000,00:01:38.4280000
22,346,5,8,10.0,00:01:31.4240000,00:01:31.1260000,00:01:31.1750000
22,347,12,8,0.0,00:01:16.3980000,00:01:14.6980000,00:01:15.1090000
22,348,10,12,1.0,00:01:21.4780000,00:01:21.3310000,NULL
22,349,-1,7,0.0,00:01:55.7570000,00:01:47.7970000,00:01:46.6020000
22,350,10,10,1.0,00:01:23.6950000,00:01:23.1420000,00:01:23.3280000
22,351,6,6,8.0,00:01:48.1830000,00:01:47.0190000,00:01:46.2360000
22,352,9,7,2.0,00:01:32.3610000,00:01:31.8740000,00:01:31.5350000
22,353,7,10,6.0,00:01:38.2570000,00:01:37.5110000,00:01:36.9980000
22,354,14,6,0.0,00:01:19.7990000,00:01:18.9250000,00:01:16.2030000
22,355,12,7,0.0,00:01:40.9040000,00:01:40.4760000,00:01:40.2030000
22,841,-1,17,0.0,00:01:26.2700000,NULL,NULL
22,842,-1,15,0.0,00:01:38.1630000,00:01:37.4960000,NULL
22,843,13,15,0.0,00:01:35.9110000,00:01:36.4650000,NULL
22,844,15,11,0.0,00:01:28.2460000,00:01:26.7640000,NULL
22,845,17,19,0.0,00:01:26.9100000,NULL,NULL
22,846,9,11,2.0,00:01:16.6160000,00:01:15.8260000,NULL
22,847,9,16,2.0,00:01:15.3310000,00:01:15.3610000,NULL
22,848,12,13,0.0,00:01:39.6020000,00:01:39.4890000,NULL
22,849,13,15,0.0,00:01:33.5320000,00:01:33.1190000,NULL
22,850,-1,14,0.0,00:01:33.6640000,00:01:33.0430000,NULL
22,851,13,15,0.0,00:01:23.0750000,00:01:22.6840000,NULL
22,852,16,14,0.0,00:02:05.7200000,00:02:07.3490000,NULL
22,853,12,13,0.0,00:01:24.9750000,00:01:24.6480000,NULL
22,854,13,12,0.0,00:01:48.0610000,00:01:48.0820000,NULL
22,855,17,13,0.0,00:01:33.9210000,00:01:33.0790000,NULL
22,856,12,18,0.0,00:01:39.5380000,NULL,NULL
22,857,15,15,0.0,00:01:27.4790000,00:01:27.2470000,NULL
22,859,14,12,0.0,00:01:14.1170000,00:01:13.8010000,NULL
23,36,8,9,1.0,00:01:27.3280000,00:01:26.7390000,00:01:28.6920000
23,37,15,9,0.0,00:01:35.7360000,00:01:35.5950000,00:01:37.0780000
23,38,12,14,0.0,00:01:33.9230000,00:01:33.2940000,NULL
23,39,-1,17,0.0,00:01:22.6660000,NULL,NULL
23,40,16,20,0.0,00:01:18.5390000,NULL,NULL
23,41,8,18,1.0,00:01:17.6340000,NULL,NULL
23,43,10,11,0.0,00:01:15.7600000,00:01:15.5340000,NULL
23,44,-1,6,0.0,00:01:20.5130000,00:01:19.8600000,00:01:20.5160000
23,45,-1,9,0.0,00:01:32.4460000,00:01:31.8430000,00:01:32.5700000
23,46,6,5,3.0,00:01:20.4490000,00:01:20.4550000,00:01:20.7140000
23,47,12,16,0.0,00:01:28.8090000,NULL,NULL
23,48,15,18,0.0,00:01:23.7870000,NULL,NULL
23,49,10,10,0.0,00:01:47.3000000,00:01:46.6180000,NULL
23,50,-1,15,0.0,00:01:27.1910000,NULL,NULL
23,51,-1,6,0.0,00:01:37.1350000,00:01:36.7090000,00:01:38.0130000
23,52,11,15,0.0,00:01:13.7670000,00:01:13.3150000,NULL
23,53,14,17,0.0,00:01:34.7020000,NULL,NULL
23,54,8,22,1.0,00:01:35.2140000,00:01:34.5860000,NULL
23,55,3,6,6.0,00:01:28.0070000,00:01:26.5960000,00:01:26.6120000
23,56,9,6,0.0,00:01:24.3700000,00:01:23.5650000,00:01:23.7720000
23,57,-1,10,0.0,00:01:31.4700000,00:01:30.9440000,NULL
23,58,-1,6,0.0,00:01:16.2340000,00:01:15.1640000,00:01:15.8850000
23,59,8,10,1.0,00:01:14.4120000,00:01:14.3980000,NULL
23,60,-1,7,0.0,00:01:22.8860000,00:01:21.0430000,00:01:21.0730000
23,61,-1,14,0.0,00:01:16.7020000,00:01:15.8880000,NULL
23,63,4,5,5.0,00:01:15.9490000,00:01:15.6250000,00:01:16.0910000
23,64,9,8,0.0,00:01:15.7890000,00:01:14.7430000,00:01:15.9230000
23,65,6,6,3.0,00:01:21.1120000,00:01:20.2430000,00:01:20.7590000
23,66,7,15,2.0,00:01:27.6680000,00:01:27.0620000,00:01:27.5690000
23,67,15,13,0.0,00:01:22.6220000,00:01:22.2800000,NULL
23,68,-1,16,0.0,00:01:48.8940000,NULL,NULL
23,69,7,3,2.0,00:01:30.5950000,00:01:30.2990000,00:01:29.9890000
23,70,-1,7,0.0,00:01:11.7130000,00:01:11.5500000,00:01:11.6950000
23,71,12,15,0.0,00:01:51.4950000,00:01:31.2220000,NULL
23,72,5,5,4.0,00:01:33.1060000,00:01:35.9010000,NULL
23,73,4,6,5.0,00:01:30.9520000,00:01:32.3190000,NULL
23,74,9,10,0.0,00:01:20.9940000,00:01:24.4220000,NULL
23,75,4,4,5.0,00:01:14.8700000,00:01:17.0470000,NULL
23,76,6,18,3.0,NULL,NULL,NULL
23,77,-1,8,0.0,00:01:31.3920000,NULL,NULL
23,78,6,10,3.0,00:01:16.3620000,NULL,NULL
23,80,7,11,2.0,00:01:15.7710000,NULL,NULL
23,81,8,8,1.0,00:01:21.1910000,NULL,NULL
23,82,6,12,3.0,00:01:15.6890000,NULL,NULL
23,83,3,5,6.0,00:01:20.9640000,NULL,NULL
23,84,12,9,0.0,00:01:28.5940000,NULL,NULL
23,85,6,9,3.0,00:01:22.2660000,NULL,NULL
23,86,7,5,2.0,00:01:47.4010000,NULL,NULL
23,87,8,10,1.0,00:01:13.2850000,NULL,NULL
23,88,8,1,1.0,00:01:46.1060000,NULL,NULL
23,89,3,9,6.0,00:01:35.7230000,NULL,NULL
23,90,4,8,5.0,00:01:25.9250000,NULL,NULL
23,91,-1,7,0.0,00:01:34.2350000,NULL,NULL
23,92,7,4,2.0,00:01:30.6330000,NULL,NULL
23,93,7,5,2.0,00:01:20.5380000,NULL,NULL
23,94,6,6,3.0,00:01:16.2930000,NULL,NULL
23,95,10,12,0.0,00:01:14.3450000,NULL,NULL
23,96,-1,9,0.0,00:01:29.4590000,NULL,NULL
23,97,-1,1,0.0,00:01:12.2750000,NULL,NULL
23,105,-1,5,0.0,00:01:34.8910000,NULL,NULL
23,106,2,2,8.0,00:01:34.0320000,NULL,NULL
23,107,5,7,4.0,00:01:11.1310000,NULL,NULL
23,108,8,9,1.0,00:01:28.8300000,NULL,NULL
23,109,4,17,5.0,00:01:38.7890000,NULL,NULL
23,110,7,6,2.0,00:01:14.1240000,NULL,NULL
23,111,4,2,5.0,00:01:22.3410000,NULL,NULL
23,112,5,7,4.0,00:01:19.0060000,NULL,NULL
23,113,6,10,3.0,00:01:10.2790000,NULL,NULL
23,114,4,1,5.0,00:01:15.2590000,NULL,NULL
23,115,2,1,8.0,00:01:15.5290000,NULL,NULL
23,116,1,3,10.0,00:01:31.6190000,NULL,NULL
23,117,1,1,10.0,00:01:15.0190000,NULL,NULL
23,118,9,4,0.0,00:01:21.7270000,NULL,NULL
23,119,-1,2,0.0,00:01:15.1850000,NULL,NULL
23,120,4,2,5.0,00:01:21.9440000,NULL,NULL
23,123,12,19,0.0,NULL,NULL,NULL
23,125,1,4,10.0,00:01:36.0280000,NULL,NULL
23,140,11,5,0.0,00:01:32.4440000,NULL,NULL
23,158,3,11,4.0,00:01:32.2200000,NULL,NULL
23,160,-1,5,0.0,00:01:25.8710000,NULL,NULL
23,161,4,7,3.0,00:01:26.7860000,NULL,NULL
23,173,-1,6,0.0,00:01:36.7880000,NULL,NULL
23,175,3,8,4.0,00:01:32.6910000,NULL,NULL
23,176,4,11,3.0,00:01:18.5060000,NULL,NULL
23,177,-1,9,0.0,00:01:27.7700000,NULL,NULL
23,191,-1,9,0.0,00:01:32.3920000,NULL,NULL
23,192,-1,8,0.0,00:01:18.7350000,NULL,NULL
23,193,-1,5,0.0,00:01:26.8270000,NULL,NULL
23,199,6,21,1.0,NULL,NULL,NULL
23,200,5,9,2.0,00:01:31.9170000,NULL,NULL
23,201,6,4,1.0,00:01:42.9940000,NULL,NULL
23,203,2,8,6.0,00:01:50.5010000,NULL,NULL
23,207,-1,12,0.0,00:01:33.1300000,NULL,NULL
23,208,-1,10,0.0,00:01:17.1750000,NULL,NULL
23,209,3,6,4.0,00:01:26.2180000,NULL,NULL
23,210,-1,5,0.0,00:01:24.0810000,NULL,NULL
23,211,-1,6,0.0,00:01:18.9430000,NULL,NULL
23,212,-1,9,0.0,00:01:18.4230000,NULL,NULL
23,213,-1,7,0.0,00:01:18.8690000,NULL,NULL
23,214,6,3,1.0,00:01:14.7550000,NULL,NULL
23,215,5,5,2.0,00:01:22.2770000,NULL,NULL
23,216,5,7,2.0,00:01:42.4980000,NULL,NULL
24,13,-1,7,0.0,00:01:23.5780000,00:01:23.2070000,00:01:25.0430000
24,14,14,19,0.0,00:01:48.7920000,NULL,NULL
24,15,14,18,0.0,00:01:32.0870000,NULL,NULL
24,16,12,20,0.0,00:01:24.6450000,NULL,NULL
24,17,15,16,0.0,00:01:41.7010000,NULL,NULL
24,36,14,19,0.0,00:01:29.2670000,NULL,NULL
24,37,17,16,0.0,00:01:36.1400000,00:01:36.1450000,NULL
24,38,-1,18,0.0,00:01:34.0240000,NULL,NULL
24,39,-1,16,0.0,00:01:22.5080000,NULL,NULL
24,40,-1,12,0.0,00:01:16.7200000,00:01:16.7030000,NULL
24,41,-1,12,0.0,00:01:17.5410000,00:01:16.7600000,NULL
24,43,-1,17,0.0,00:01:16.1420000,NULL,NULL
24,44,16,16,0.0,00:01:21.1600000,00:01:20.8230000,NULL
24,45,-1,19,0.0,00:01:33.1480000,NULL,NULL
24,46,-1,16,0.0,00:01:21.7300000,00:01:21.9930000,NULL
24,47,15,15,0.0,00:01:28.7980000,NULL,NULL
24,48,17,19,0.0,00:01:23.8860000,NULL,NULL
24,49,12,13,0.0,00:01:47.5760000,00:01:47.1150000,NULL
24,50,9,14,0.0,00:01:27.2340000,00:01:26.9480000,NULL
24,51,6,11,3.0,00:01:37.0470000,00:01:36.8620000,NULL
24,52,13,14,0.0,00:01:13.6070000,00:01:13.2510000,NULL
24,53,11,15,0.0,00:01:34.4390000,00:01:33.4160000,NULL
24,54,11,13,0.0,00:01:36.5810000,NULL,NULL
24,55,-1,12,0.0,00:01:28.9990000,00:01:27.2190000,NULL
24,56,14,16,0.0,00:01:24.8790000,00:01:24.5200000,NULL
24,57,-1,14,0.0,00:01:32.6510000,00:01:31.7280000,NULL
24,58,15,15,0.0,00:01:17.1050000,00:01:16.6610000,NULL
24,59,10,12,0.0,00:01:15.3140000,00:01:14.9690000,NULL
24,60,13,13,0.0,00:01:22.6850000,00:01:21.6990000,NULL
24,61,13,15,0.0,00:01:16.5810000,00:01:16.1160000,NULL
24,63,13,22,0.0,00:01:17.1640000,NULL,NULL
24,64,10,16,0.0,00:01:16.3990000,NULL,NULL
24,65,-1,17,0.0,00:01:22.0680000,NULL,NULL
24,66,-1,18,0.0,00:01:29.2500000,NULL,NULL
24,67,14,17,0.0,00:01:23.0430000,NULL,NULL
24,68,10,13,0.0,00:01:45.5640000,00:01:46.1720000,NULL
24,69,14,15,0.0,00:01:31.7410000,00:01:31.9430000,NULL
24,70,13,15,0.0,00:01:12.8550000,00:01:12.8610000,NULL
24,74,8,15,1.0,00:01:21.8040000,00:01:26.3510000,NULL
24,75,-1,11,0.0,00:01:16.2880000,00:01:19.0140000,NULL
24,76,-1,12,0.0,00:01:16.8170000,00:01:20.3350000,NULL
24,77,9,14,0.0,00:01:32.6420000,NULL,NULL
24,337,9,12,2.0,00:01:55.6280000,00:01:55.6230000,NULL
24,338,7,13,6.0,00:01:26.1700000,00:01:25.7430000,NULL
24,339,-1,10,0.0,00:01:49.9220000,00:01:48.2380000,00:01:52.2540000
24,340,-1,18,0.0,00:01:37.1610000,NULL,NULL
24,341,15,16,0.0,00:01:23.0840000,00:01:22.8540000,NULL
24,342,9,10,2.0,00:01:15.3970000,00:01:15.0610000,00:01:15.1700000
24,343,13,18,0.0,00:01:28.9580000,NULL,NULL
24,344,9,5,2.0,00:01:17.0860000,00:01:16.1710000,00:01:15.6480000
24,345,16,14,0.0,00:01:38.9690000,00:01:38.8840000,NULL
24,346,11,20,0.0,00:01:32.2260000,00:01:31.7080000,NULL
24,347,16,21,0.0,00:01:18.9520000,NULL,NULL
24,348,13,16,0.0,00:01:21.7890000,00:01:21.9270000,NULL
24,349,10,12,1.0,00:02:01.1020000,00:01:48.6800000,NULL
24,350,12,19,0.0,00:01:25.7740000,NULL,NULL
24,351,-1,16,0.0,00:01:48.9880000,00:01:48.9610000,NULL
24,352,-1,17,0.0,00:01:33.2160000,00:01:33.1540000,NULL
24,353,6,17,8.0,00:01:38.9550000,NULL,NULL
24,354,-1,16,0.0,00:01:20.5920000,00:01:20.3570000,NULL
24,355,-1,16,0.0,00:01:41.6810000,00:01:41.6420000,NULL
24,841,-1,0,0.0,00:01:32.9780000,NULL,NULL
24,842,-1,23,0.0,00:01:41.5490000,NULL,NULL
24,843,22,23,0.0,00:01:40.2120000,NULL,NULL
24,844,22,20,0.0,00:01:30.6920000,NULL,NULL
24,845,-1,21,0.0,00:01:27.8090000,NULL,NULL
24,846,16,23,0.0,NULL,NULL,NULL
24,847,13,20,0.0,00:01:18.4240000,NULL,NULL
24,848,23,22,0.0,00:01:43.5840000,NULL,NULL
24,849,18,23,0.0,00:01:37.4840000,NULL,NULL
24,850,-1,23,0.0,00:01:37.0110000,NULL,NULL
24,851,20,21,0.0,00:01:26.3230000,NULL,NULL
24,852,19,22,0.0,00:02:11.6160000,NULL,NULL
24,853,-1,24,0.0,00:01:28.2310000,NULL,NULL
24,854,20,24,0.0,00:01:52.8100000,NULL,NULL
24,855,23,24,0.0,NULL,NULL,NULL
24,856,21,23,0.0,00:01:43.7580000,NULL,NULL
24,858,20,22,0.0,00:01:45.1590000,NULL,NULL
24,859,-1,21,0.0,00:01:16.6310000,NULL,NULL
25,36,-1,15,0.0,00:01:27.4790000,00:01:27.3930000,NULL
25,37,9,19,0.0,00:01:37.3260000,NULL,NULL
25,38,11,11,0.0,00:01:33.7590000,00:01:32.9150000,NULL
25,39,-1,18,0.0,00:01:22.7690000,NULL,NULL
25,40,7,11,2.0,00:01:17.8740000,00:01:16.6620000,NULL
25,41,3,19,6.0,00:01:18.0890000,NULL,NULL
25,43,14,18,0.0,00:01:16.2410000,NULL,NULL
25,44,13,13,0.0,00:01:20.8300000,00:01:20.3500000,NULL
25,45,4,12,5.0,00:01:32.1730000,00:01:31.9960000,NULL
25,46,14,12,0.0,00:01:21.2430000,00:01:20.8650000,NULL
25,47,11,14,0.0,00:01:28.3600000,00:01:28.3900000,NULL
25,48,13,13,0.0,00:01:23.7390000,00:01:23.2090000,NULL
25,49,-1,15,0.0,00:01:47.5220000,00:01:47.3940000,NULL
25,50,-1,18,0.0,00:01:27.4540000,NULL,NULL
25,51,12,19,0.0,00:01:37.4560000,NULL,NULL
25,74,3,7,6.0,00:01:20.6320000,00:01:24.0570000,NULL
25,158,7,14,0.0,00:01:32.7750000,NULL,NULL
25,160,9,11,0.0,00:01:26.2810000,NULL,NULL
25,161,9,20,0.0,00:01:28.2050000,NULL,NULL
25,173,-1,11,0.0,00:01:37.3480000,NULL,NULL
25,175,-1,10,0.0,00:01:32.7890000,NULL,NULL
25,176,7,9,0.0,00:01:18.3340000,NULL,NULL
25,177,-1,17,0.0,00:01:28.7650000,NULL,NULL
25,191,7,11,0.0,00:01:32.7260000,NULL,NULL
25,192,4,5,3.0,00:01:18.2610000,NULL,NULL
25,193,4,8,3.0,00:01:27.1980000,NULL,NULL
25,199,4,11,3.0,00:01:25.7600000,NULL,NULL
25,200,9,17,0.0,00:01:33.1850000,NULL,NULL
25,201,11,7,0.0,00:01:43.3410000,NULL,NULL
25,203,-1,11,0.0,00:01:51.6480000,NULL,NULL
25,213,-1,11,0.0,00:01:19.2860000,NULL,NULL
25,214,-1,7,0.0,00:01:14.9860000,NULL,NULL
25,215,3,8,4.0,00:01:22.3440000,NULL,NULL
26,36,-1,17,0.0,00:01:28.3050000,NULL,NULL
26,37,14,17,0.0,00:01:36.5780000,NULL,NULL
26,38,-1,19,0.0,00:01:34.3330000,NULL,NULL
26,39,-1,22,0.0,NULL,NULL,NULL
26,40,9,18,0.0,00:01:18.3900000,NULL,NULL
26,41,-1,16,0.0,00:01:17.4330000,00:01:17.5710000,NULL
26,43,-1,15,0.0,00:01:15.9800000,00:01:16.0490000,NULL
26,44,-1,15,0.0,00:01:20.8340000,00:01:20.5150000,NULL
26,45,-1,18,0.0,00:01:33.0380000,NULL,NULL
26,53,13,16,0.0,00:01:33.9950000,00:01:34.6060000,NULL
26,54,-1,12,0.0,00:01:36.2970000,NULL,NULL
26,55,9,18,0.0,00:01:30.4260000,NULL,NULL
26,56,15,18,0.0,00:01:25.4370000,NULL,NULL
26,57,11,17,0.0,00:01:32.9920000,NULL,NULL
26,58,-1,16,0.0,00:01:17.3610000,NULL,NULL
26,59,13,18,0.0,00:01:16.2360000,NULL,NULL
26,60,-1,15,0.0,00:01:22.5410000,00:01:22.0760000,NULL
26,61,10,17,0.0,00:01:17.0160000,NULL,NULL
26,63,10,14,0.0,00:01:17.1170000,00:01:17.0630000,NULL
26,64,12,19,0.0,NULL,NULL,NULL
26,65,11,20,0.0,00:01:22.3170000,NULL,NULL
26,66,13,17,0.0,00:01:29.1580000,NULL,NULL
26,67,13,15,0.0,00:01:22.9430000,00:01:23.1650000,NULL
26,68,14,11,0.0,00:01:46.2220000,00:01:45.8510000,NULL
26,69,18,19,0.0,00:01:32.8670000,NULL,NULL
26,70,11,16,0.0,00:01:12.8560000,NULL,NULL
27,36,-1,21,0.0,00:01:31.9320000,NULL,NULL
27,37,-1,20,0.0,00:01:38.2790000,NULL,NULL
27,38,14,22,0.0,00:01:35.5330000,NULL,NULL
27,39,14,21,0.0,00:01:23.9900000,NULL,NULL
27,40,19,22,0.0,NULL,NULL,NULL
27,41,-1,21,0.0,00:01:19.1960000,NULL,NULL
27,43,-1,20,0.0,00:01:17.8260000,NULL,NULL
27,44,15,22,0.0,00:01:22.5860000,NULL,NULL
27,53,-1,18,0.0,00:01:35.7240000,NULL,NULL
27,54,12,15,0.0,00:01:37.4260000,NULL,NULL
27,55,11,17,0.0,00:01:30.2260000,NULL,NULL
27,56,-1,20,0.0,00:01:27.0880000,NULL,NULL
27,57,13,16,0.0,00:01:32.9360000,NULL,NULL
27,58,-1,18,0.0,00:01:18.0240000,NULL,NULL
27,59,12,16,0.0,00:01:15.5980000,NULL,NULL
27,60,15,18,0.0,00:01:23.2100000,NULL,NULL
27,61,-1,19,0.0,00:01:17.1400000,NULL,NULL
27,63,15,15,0.0,00:01:16.9620000,00:01:17.1050000,NULL
27,64,-1,21,0.0,00:01:17.0930000,NULL,NULL
27,65,10,22,0.0,00:01:23.1460000,NULL,NULL
27,66,-1,22,0.0,00:01:29.0210000,00:01:28.6390000,NULL
27,67,17,18,0.0,00:01:23.1160000,NULL,NULL
27,68,15,22,0.0,00:01:49.5420000,NULL,NULL
27,69,-1,16,0.0,00:01:32.2210000,00:01:33.7500000,NULL
27,70,14,17,0.0,00:01:13.1380000,NULL,NULL
27,71,-1,17,0.0,00:01:49.2300000,NULL,NULL
27,72,13,19,0.0,00:01:40.4320000,00:01:42.5690000,NULL
27,73,13,18,0.0,00:01:34.0050000,00:01:36.4170000,NULL
27,74,-1,20,0.0,00:01:25.9210000,NULL,NULL
27,75,-1,14,0.0,00:01:19.5630000,00:01:21.5780000,NULL
27,76,14,14,0.0,00:01:19.2290000,00:01:22.9770000,NULL
27,77,17,20,0.0,00:01:36.2390000,NULL,NULL
27,78,11,15,0.0,00:01:18.2140000,NULL,NULL
27,80,-1,20,0.0,00:01:18.3350000,NULL,NULL
27,81,18,18,0.0,00:01:24.5760000,NULL,NULL
27,82,13,16,0.0,00:01:17.5190000,NULL,NULL
27,83,-1,17,0.0,00:01:24.4430000,NULL,NULL
27,84,-1,15,0.0,00:01:32.1860000,NULL,NULL
27,85,19,20,0.0,00:01:26.9640000,NULL,NULL
27,86,12,18,0.0,00:01:49.8420000,NULL,NULL
27,87,14,16,0.0,00:01:14.7630000,NULL,NULL
27,88,16,13,0.0,00:01:50.8430000,NULL,NULL
27,89,16,18,0.0,00:01:39.1050000,NULL,NULL
28,45,-1,22,0.0,00:01:35.9400000,NULL,NULL
29,46,-1,22,0.0,00:01:23.7740000,NULL,NULL
29,47,20,20,0.0,00:01:31.4790000,NULL,NULL
29,48,20,22,0.0,00:01:25.0840000,NULL,NULL
29,49,17,21,0.0,00:01:49.5570000,NULL,NULL
29,50,12,22,0.0,00:01:29.6680000,NULL,NULL
29,51,17,22,0.0,00:01:39.3360000,NULL,NULL
29,52,-1,22,0.0,00:01:15.4870000,NULL,NULL
29,64,-1,22,0.0,00:01:20.4440000,NULL,NULL
29,65,-1,21,0.0,00:01:24.0160000,NULL,NULL
29,66,-1,20,0.0,00:01:30.6070000,NULL,NULL
29,67,-1,22,0.0,00:01:26.0010000,NULL,NULL
29,68,16,19,0.0,00:01:55.5600000,NULL,NULL
29,69,17,22,0.0,NULL,NULL,NULL
29,70,16,20,0.0,00:01:13.3570000,NULL,NULL
29,346,20,24,0.0,00:01:36.9680000,NULL,NULL
29,347,-1,22,0.0,00:01:19.8440000,NULL,NULL
29,348,19,24,0.0,00:01:26.4530000,NULL,NULL
29,349,20,19,0.0,00:02:03.9410000,NULL,NULL
29,350,19,23,0.0,00:01:27.0200000,NULL,NULL
29,352,16,24,0.0,00:01:37.3650000,NULL,NULL
29,353,15,23,0.0,00:01:42.4440000,NULL,NULL
30,53,2,1,8.0,00:01:33.3100000,00:01:32.0250000,00:01:31.4310000
30,54,6,14,3.0,00:01:35.8100000,00:01:34.5740000,00:01:34.6680000
30,55,-1,10,0.0,00:01:28.2280000,00:01:26.7180000,NULL
30,56,1,1,10.0,00:01:24.5980000,00:01:22.5790000,00:01:22.7950000
30,57,1,2,10.0,00:01:31.2350000,00:01:30.0130000,00:01:30.0280000
30,58,2,3,8.0,00:01:16.0490000,00:01:14.6370000,00:01:14.9700000
30,59,5,22,4.0,NULL,NULL,NULL
30,60,2,3,8.0,00:01:22.0960000,00:01:20.6590000,00:01:20.5740000
30,61,2,5,8.0,00:01:15.7160000,00:01:15.1390000,00:01:15.9860000
30,63,1,1,10.0,00:01:15.8650000,00:01:15.1110000,00:01:15.4930000
30,64,1,2,10.0,00:01:14.9040000,00:01:13.7780000,00:01:14.2050000
30,65,8,11,1.0,00:01:21.4400000,00:01:20.8750000,NULL
30,66,3,2,6.0,00:01:27.3850000,00:01:25.8500000,00:01:27.2840000
30,67,1,2,10.0,00:01:21.7110000,00:01:21.3530000,00:01:21.4860000
30,68,1,6,10.0,00:01:47.3660000,00:01:45.6600000,00:01:45.7750000
30,69,-1,2,0.0,00:01:31.2790000,00:01:28.9540000,00:01:29.7110000
30,70,4,10,5.0,00:01:11.5650000,00:01:10.3130000,NULL
30,71,-1,19,0.0,00:01:57.9310000,NULL,NULL
30,72,7,13,2.0,00:01:34.0720000,00:01:37.5610000,NULL
30,73,-1,2,0.0,00:01:30.2370000,00:01:32.1200000,NULL
30,74,2,13,8.0,00:01:20.2600000,00:01:26.9840000,NULL
30,75,-1,8,0.0,00:01:15.3980000,00:01:18.1530000,NULL
30,76,7,8,2.0,00:01:16.1860000,00:01:18.5500000,NULL
30,77,5,10,4.0,00:01:31.5850000,NULL,NULL
30,78,2,2,8.0,00:01:15.4750000,NULL,NULL
30,80,3,3,6.0,00:01:14.5720000,NULL,NULL
30,81,6,9,3.0,00:01:21.2750000,NULL,NULL
30,82,5,5,4.0,00:01:15.0060000,NULL,NULL
30,83,2,1,8.0,00:01:19.8820000,NULL,NULL
30,84,-1,19,0.0,NULL,NULL,NULL
30,85,10,6,0.0,00:01:21.7210000,NULL,NULL
30,86,-1,6,0.0,00:01:47.4760000,NULL,NULL
30,87,4,7,5.0,00:01:12.9760000,NULL,NULL
30,88,7,14,2.0,00:01:52.6760000,NULL,NULL
30,89,-1,6,0.0,00:01:35.3010000,NULL,NULL
30,90,1,1,10.0,00:01:24.4080000,NULL,NULL
30,91,1,1,10.0,00:01:33.0740000,NULL,NULL
30,92,1,1,10.0,00:01:30.1390000,NULL,NULL
30,93,1,2,10.0,00:01:20.0110000,NULL,NULL
30,94,1,1,10.0,00:01:15.0220000,NULL,NULL
30,95,-1,4,0.0,00:01:14.5160000,NULL,NULL
30,96,1,1,10.0,00:01:28.3510000,NULL,NULL
30,97,1,6,10.0,00:01:13.3550000,NULL,NULL
30,99,1,2,10.0,00:01:13.9710000,NULL,NULL
30,100,1,4,10.0,00:01:18.7100000,NULL,NULL
30,101,1,1,10.0,00:01:13.3060000,NULL,NULL
30,102,1,1,10.0,00:01:19.1460000,NULL,NULL
30,103,2,2,8.0,00:01:56.3040000,NULL,NULL
30,104,2,3,8.0,00:01:20.6370000,NULL,NULL
30,105,12,20,0.0,NULL,NULL,NULL
30,106,1,1,10.0,00:01:33.5420000,NULL,NULL
30,107,7,18,2.0,00:01:11.3860000,NULL,NULL
30,108,4,1,5.0,00:01:27.1730000,NULL,NULL
30,109,6,3,3.0,00:01:37.3930000,NULL,NULL
30,110,-1,7,0.0,00:01:14.1300000,NULL,NULL
30,111,1,1,10.0,00:01:22.3270000,NULL,NULL
30,112,1,1,10.0,00:01:17.7620000,NULL,NULL
30,113,1,1,10.0,00:01:09.1500000,NULL,NULL
30,114,3,5,6.0,00:01:15.6440000,NULL,NULL
30,115,1,3,10.0,00:01:16.0470000,NULL,NULL
30,116,5,2,4.0,00:01:31.5550000,NULL,NULL
30,117,3,3,6.0,00:01:15.4800000,NULL,NULL
30,118,4,5,5.0,00:01:21.8670000,NULL,NULL
30,119,7,6,2.0,00:01:15.8980000,NULL,NULL
30,120,8,8,1.0,00:01:22.7550000,NULL,NULL
30,121,1,1,10.0,00:01:20.9630000,NULL,NULL
30,123,8,14,1.0,00:01:34.3020000,NULL,NULL
30,125,3,1,4.0,00:01:35.2660000,NULL,NULL
30,140,1,1,10.0,00:01:31.3170000,NULL,NULL
30,158,1,3,10.0,00:01:31.0750000,NULL,NULL
30,160,1,2,10.0,00:01:24.8050000,NULL,NULL
30,161,3,5,4.0,00:01:26.1610000,NULL,NULL
30,173,1,1,10.0,00:01:35.8250000,NULL,NULL
30,175,8,3,0.0,00:01:31.7810000,NULL,NULL
30,176,2,4,6.0,00:01:17.5780000,NULL,NULL
30,177,1,3,10.0,00:01:26.5380000,NULL,NULL
30,191,-1,3,0.0,00:01:30.7670000,NULL,NULL
30,192,3,4,4.0,00:01:18.2500000,NULL,NULL
30,193,1,2,10.0,00:01:26.2510000,NULL,NULL
30,199,1,2,10.0,00:01:23.7200000,NULL,NULL
30,200,3,4,4.0,00:01:30.5510000,NULL,NULL
30,201,5,9,2.0,00:01:43.4590000,NULL,NULL
30,203,-1,4,0.0,00:01:50.0270000,NULL,NULL
30,207,2,3,6.0,00:01:31.4720000,NULL,NULL
30,208,5,2,2.0,00:01:16.5940000,NULL,NULL
30,209,-1,4,0.0,00:01:25.7730000,NULL,NULL
30,210,2,3,6.0,00:01:23.9550000,NULL,NULL
30,211,1,2,10.0,00:01:18.2350000,NULL,NULL
30,212,4,7,3.0,00:01:18.3130000,NULL,NULL
30,213,1,1,10.0,00:01:18.0950000,NULL,NULL
30,214,1,1,10.0,00:01:14.5480000,NULL,NULL
30,215,-1,4,0.0,00:01:21.9770000,NULL,NULL
30,216,2,4,6.0,00:01:42.1810000,NULL,NULL
30,224,-1,4,0.0,00:01:33.1250000,NULL,NULL
30,225,3,4,4.0,00:01:19.4740000,NULL,NULL
30,226,-1,2,0.0,00:01:30.5980000,NULL,NULL
30,227,2,3,6.0,00:01:20.1490000,NULL,NULL
30,228,2,1,6.0,00:01:26.8900000,NULL,NULL
30,229,-1,1,0.0,00:01:20.3560000,NULL,NULL
30,230,1,3,10.0,00:01:21.5870000,NULL,NULL
30,240,1,2,10.0,00:01:20.3820000,NULL,NULL
30,241,3,3,4.0,00:01:54.2720000,NULL,NULL
30,242,-1,1,0.0,00:01:27.2740000,NULL,NULL
30,243,1,1,10.0,00:01:21.4520000,NULL,NULL
30,244,1,2,10.0,00:01:22.7420000,NULL,NULL
30,245,5,1,2.0,00:01:27.6610000,NULL,NULL
30,246,1,2,10.0,00:01:17.5120000,NULL,NULL
30,247,-1,2,0.0,00:01:28.3970000,NULL,NULL
30,248,1,2,10.0,00:01:44.4650000,NULL,NULL
30,249,11,3,0.0,00:01:17.5580000,NULL,NULL
30,250,1,16,10.0,00:01:59.0790000,NULL,NULL
30,251,-1,2,0.0,00:01:25.0260000,NULL,NULL
30,252,2,3,6.0,00:01:21.3010000,NULL,NULL
30,253,1,3,10.0,00:01:19.1500000,NULL,NULL
30,254,1,3,10.0,00:01:14.2840000,NULL,NULL
30,255,1,1,10.0,00:01:38.0230000,NULL,NULL
30,256,-1,3,0.0,NULL,NULL,NULL
30,257,1,2,10.0,00:01:16.2900000,NULL,NULL
30,258,1,2,10.0,00:01:10.4400000,NULL,NULL
30,259,1,2,10.0,00:01:21.8850000,NULL,NULL
30,261,2,1,6.0,00:01:21.9080000,NULL,NULL
30,262,1,1,10.0,00:01:26.1780000,NULL,NULL
30,263,1,3,10.0,00:01:16.7070000,NULL,NULL
30,264,-1,2,0.0,00:01:24.9630000,NULL,NULL
30,265,-1,4,0.0,00:01:44.2680000,NULL,NULL
30,266,1,1,10.0,00:01:18.2580000,NULL,NULL
30,267,-1,2,0.0,00:02:21.4940000,NULL,NULL
30,270,1,1,10.0,00:01:22.7620000,NULL,NULL
30,271,2,1,6.0,00:01:37.2090000,NULL,NULL
30,272,-1,2,0.0,00:01:16.1970000,NULL,NULL
30,337,6,7,8.0,00:01:55.5930000,00:01:55.1050000,00:01:55.5240000
30,338,10,7,1.0,00:01:25.3510000,00:01:24.8710000,00:01:24.9270000
30,339,-1,8,0.0,00:01:52.2390000,00:01:48.4000000,00:01:51.7170000
30,340,10,9,1.0,00:01:36.4840000,00:01:35.7150000,00:01:35.6460000
30,341,4,6,12.0,00:01:22.5280000,00:01:21.5570000,00:01:21.2940000
30,342,12,7,0.0,00:01:15.6490000,00:01:14.6910000,00:01:14.5900000
30,343,4,5,12.0,00:01:27.7560000,00:01:27.4380000,00:01:26.8570000
30,344,11,13,0.0,00:01:16.5980000,00:01:16.4920000,NULL
30,345,15,15,0.0,00:01:38.9940000,00:01:39.2340000,NULL
30,346,9,10,2.0,00:01:32.0580000,00:01:31.0220000,00:01:31.4300000
30,347,9,11,2.0,00:01:16.0840000,00:01:15.0260000,NULL
30,348,11,14,0.0,00:01:21.8400000,00:01:21.6300000,NULL
30,349,7,21,6.0,00:01:56.3130000,00:01:47.8740000,NULL
30,350,9,12,2.0,00:01:23.8400000,00:01:23.3880000,NULL
30,351,13,9,0.0,00:01:48.4250000,00:01:47.1600000,00:01:46.7020000
30,352,6,10,8.0,00:01:32.5130000,00:01:32.0730000,00:01:31.8460000
30,353,4,9,12.0,00:01:37.9800000,00:01:37.0770000,00:01:36.9500000
30,354,7,8,6.0,00:01:19.8790000,00:01:18.9230000,00:01:16.9250000
30,355,-1,8,0.0,00:01:41.2220000,00:01:40.4520000,00:01:40.5160000
30,841,-1,11,0.0,00:01:25.9620000,00:01:25.9710000,NULL
30,842,9,11,2.0,00:01:36.9040000,00:01:37.0350000,NULL
30,843,8,14,4.0,00:01:35.5080000,00:01:36.4570000,NULL
30,844,12,8,0.0,00:01:27.6970000,00:01:26.1210000,00:01:26.6460000
30,845,6,10,8.0,00:01:22.9600000,00:01:22.6710000,NULL
30,846,-1,5,0.0,00:01:16.0920000,00:01:14.9810000,00:01:14.6820000
30,847,4,8,12.0,00:01:14.9700000,00:01:14.2420000,00:01:13.8640000
30,848,17,8,0.0,00:01:39.1980000,00:01:38.3650000,00:01:38.2400000
30,849,9,13,2.0,00:01:34.1600000,00:01:32.6560000,NULL
30,850,8,10,4.0,00:01:32.6030000,00:01:32.1800000,00:01:32.4820000
30,851,-1,9,0.0,00:01:22.8760000,00:01:21.8520000,00:01:21.9070000
30,853,5,8,10.0,00:01:25.1080000,00:01:23.6710000,00:01:23.7770000
30,854,-1,8,0.0,00:01:48.8190000,00:01:46.0430000,NULL
30,855,6,8,8.0,00:01:33.7480000,00:01:32.1160000,NULL
30,856,-1,12,0.0,00:01:38.5020000,00:01:38.3540000,NULL
30,857,5,11,10.0,00:01:26.7900000,00:01:26.3370000,NULL
30,858,7,8,6.0,00:01:42.6050000,00:01:40.5540000,00:01:40.6620000
30,859,15,10,0.0,00:01:13.6940000,00:01:13.5710000,NULL
30,860,-1,4,0.0,00:01:26.5860000,00:01:25.5710000,00:01:25.3360000
30,861,10,3,1.0,00:01:37.5170000,00:01:37.0170000,00:01:36.3910000
30,862,-1,2,0.0,00:01:36.7970000,00:01:35.7940000,00:01:35.6910000
30,863,10,22,1.0,00:01:34.8650000,NULL,NULL
30,864,-1,8,0.0,00:01:23.7570000,00:01:22.9040000,NULL
30,865,-1,6,0.0,00:01:15.8730000,00:01:15.0620000,00:01:14.3010000
30,866,-1,9,0.0,00:01:14.8920000,00:01:14.4800000,00:01:14.8120000
30,867,3,12,15.0,00:01:39.4470000,00:01:38.7700000,NULL
30,868,7,3,6.0,00:01:46.5710000,00:01:55.7990000,00:01:52.0200000
30,869,7,3,6.0,00:01:16.6860000,00:01:38.0100000,00:01:42.4590000
30,870,-1,17,0.0,00:01:22.4360000,00:01:22.7230000,NULL
30,871,7,13,6.0,00:01:49.7420000,00:01:49.0810000,NULL
30,872,6,4,8.0,00:01:25.3020000,00:01:24.6750000,00:01:24.5400000
30,873,-1,9,0.0,00:01:49.5460000,00:01:47.8230000,NULL
30,874,11,23,0.0,00:01:33.3490000,00:01:32.4690000,NULL
30,875,13,10,0.0,00:01:38.8080000,00:01:38.4360000,00:01:38.5130000
30,876,22,14,0.0,00:01:27.4820000,00:01:26.5740000,NULL
30,877,11,13,0.0,00:01:42.7350000,00:01:42.2890000,NULL
30,879,7,13,6.0,00:01:16.0050000,00:01:14.3340000,NULL
32,53,8,8,1.0,00:01:34.3080000,00:01:32.1060000,00:01:33.1120000
32,54,-1,8,0.0,00:01:35.1710000,00:01:34.5370000,00:01:38.7150000
32,55,-1,13,0.0,00:01:28.7570000,00:01:27.5910000,NULL
32,56,-1,17,0.0,00:01:25.4100000,NULL,NULL
32,57,-1,15,0.0,00:01:32.9010000,NULL,NULL
32,58,13,14,0.0,00:01:16.6270000,00:01:15.9280000,NULL
32,59,-1,11,0.0,00:01:14.4890000,00:01:14.7470000,NULL
32,60,14,14,0.0,00:01:22.7730000,00:01:21.9900000,NULL
32,61,11,12,0.0,00:01:16.5850000,00:01:15.8330000,NULL
32,63,12,12,0.0,00:01:16.9210000,00:01:16.4330000,NULL
32,64,8,12,1.0,00:01:15.8160000,00:01:15.1410000,NULL
32,65,-1,13,0.0,00:01:22.0270000,00:01:21.2070000,NULL
32,66,11,10,0.0,00:01:28.2710000,00:01:27.8520000,NULL
32,67,11,16,0.0,00:01:22.8980000,NULL,NULL
32,71,7,6,2.0,00:01:37.4860000,00:01:29.9910000,NULL
32,72,8,7,1.0,00:01:33.7240000,00:01:35.8650000,NULL
32,73,-1,7,0.0,00:01:30.6460000,00:01:32.7230000,NULL
32,78,8,16,1.0,00:01:18.2490000,NULL,NULL
32,80,-1,16,0.0,00:01:16.5470000,NULL,NULL
32,81,15,15,0.0,00:01:22.2070000,NULL,NULL
32,82,9,10,0.0,00:01:15.6350000,NULL,NULL
32,83,-1,11,0.0,00:01:21.9370000,NULL,NULL
32,84,8,10,1.0,00:01:28.9630000,NULL,NULL
32,85,13,13,0.0,00:01:22.5320000,NULL,NULL
32,86,9,16,0.0,00:01:48.9940000,NULL,NULL
32,87,9,6,0.0,00:01:12.8890000,NULL,NULL
32,88,9,4,0.0,00:01:46.4640000,NULL,NULL
32,89,5,14,4.0,00:01:36.4720000,NULL,NULL
32,90,11,19,0.0,NULL,NULL,NULL
32,91,10,13,0.0,00:01:35.1580000,NULL,NULL
32,92,14,12,0.0,00:01:32.3320000,NULL,NULL
32,93,14,14,0.0,00:01:21.9490000,NULL,NULL
32,94,-1,16,0.0,00:01:17.8120000,NULL,NULL
32,95,-1,14,0.0,00:01:15.9190000,NULL,NULL
32,96,12,12,0.0,00:01:31.4310000,NULL,NULL
32,97,9,10,0.0,00:01:14.5320000,NULL,NULL
32,99,11,13,0.0,00:01:15.0650000,NULL,NULL
32,100,14,13,0.0,00:01:21.5590000,NULL,NULL
32,101,10,12,0.0,00:01:15.0110000,NULL,NULL
32,102,13,14,0.0,00:01:21.1180000,NULL,NULL
32,103,6,13,3.0,00:02:01.2460000,NULL,NULL
32,104,13,14,0.0,00:01:21.9890000,NULL,NULL
32,105,-1,15,0.0,00:01:36.5350000,NULL,NULL
32,106,12,14,0.0,00:01:38.2580000,NULL,NULL
32,107,14,15,0.0,00:01:12.2110000,NULL,NULL
32,351,-1,22,0.0,00:01:52.9460000,NULL,NULL
32,354,22,23,0.0,00:01:23.0830000,NULL,NULL
32,355,20,24,0.0,00:01:45.2960000,NULL,NULL
33,53,17,19,0.0,00:01:35.9000000,NULL,NULL
33,54,13,16,0.0,00:01:37.8190000,NULL,NULL
33,55,-1,20,0.0,00:01:30.7090000,NULL,NULL
33,56,16,19,0.0,00:01:26.8200000,NULL,NULL
33,57,12,18,0.0,00:01:33.6580000,NULL,NULL
33,58,16,17,0.0,00:01:17.7020000,NULL,NULL
33,59,15,17,0.0,00:01:15.9930000,NULL,NULL
33,60,16,16,0.0,00:01:22.8600000,00:01:22.2070000,NULL
33,61,14,18,0.0,00:01:17.1210000,NULL,NULL
33,63,-1,19,0.0,00:01:17.5890000,NULL,NULL
33,64,-1,18,0.0,00:01:17.8360000,NULL,NULL
33,65,9,16,0.0,00:01:22.0090000,00:01:23.7670000,NULL
33,66,-1,19,0.0,00:01:29.9010000,NULL,NULL
33,67,-1,20,0.0,00:01:23.9200000,NULL,NULL
33,68,-1,18,0.0,00:01:49.9030000,NULL,NULL
33,69,16,21,0.0,00:01:33.7090000,NULL,NULL
33,70,15,21,0.0,NULL,NULL,NULL
33,71,16,14,0.0,00:01:46.8460000,00:01:33.4830000,NULL
33,72,12,18,0.0,00:01:37.8560000,00:01:40.1060000,NULL
33,73,10,16,0.0,00:01:33.4240000,00:01:36.0040000,NULL
33,74,13,17,0.0,00:01:25.1000000,00:01:29.1520000,NULL
33,75,12,18,0.0,00:01:19.0400000,00:01:20.9030000,NULL
33,76,13,15,0.0,00:01:19.4080000,00:01:23.6700000,NULL
33,77,15,17,0.0,00:01:35.0470000,NULL,NULL
33,78,10,18,0.0,00:01:19.0340000,NULL,NULL
33,80,13,19,0.0,00:01:18.0470000,NULL,NULL
33,81,17,20,0.0,NULL,NULL,NULL
33,82,17,18,0.0,00:01:18.5990000,NULL,NULL
33,83,13,20,0.0,NULL,NULL,NULL
33,84,15,14,0.0,00:01:30.7100000,NULL,NULL
33,85,17,17,0.0,00:01:24.6660000,NULL,NULL
33,86,8,19,1.0,00:01:51.4980000,NULL,NULL
33,87,-1,11,0.0,00:01:13.3870000,NULL,NULL
33,88,13,20,0.0,NULL,NULL,NULL
33,89,11,19,0.0,00:01:39.2330000,NULL,NULL
34,53,-1,21,0.0,00:01:40.2700000,NULL,NULL
34,54,-1,18,0.0,00:01:40.7200000,NULL,NULL
34,55,13,22,0.0,00:01:36.1640000,NULL,NULL
34,56,-1,22,0.0,00:01:29.2820000,NULL,NULL
35,53,-1,11,0.0,00:01:33.8820000,00:01:32.4560000,NULL
35,54,7,10,2.0,00:01:35.3910000,00:01:34.7520000,NULL
35,55,6,19,3.0,00:01:28.4600000,00:01:26.7140000,00:01:29.2390000
35,56,12,12,0.0,00:01:25.0810000,00:01:23.8870000,NULL
35,57,8,9,1.0,00:01:31.5450000,00:01:30.8650000,00:01:31.5420000
35,58,12,22,0.0,00:01:16.0660000,00:01:15.8470000,NULL
35,59,14,14,0.0,00:01:15.3160000,00:01:15.0520000,NULL
35,60,8,10,1.0,00:01:21.6370000,00:01:20.6720000,00:01:21.5990000
35,61,-1,11,0.0,00:01:16.4930000,00:01:15.8320000,NULL
35,63,11,16,0.0,00:01:17.3040000,NULL,NULL
35,64,-1,13,0.0,00:01:16.2810000,00:01:15.3290000,NULL
35,71,13,4,0.0,00:01:36.9840000,00:01:29.8620000,NULL
35,72,-1,16,0.0,00:01:34.8870000,00:01:38.1080000,NULL
35,73,11,15,0.0,00:01:32.3180000,00:01:35.6650000,NULL
35,74,4,11,5.0,00:01:20.9990000,00:01:25.2600000,NULL
35,75,-1,12,0.0,00:01:16.7940000,00:01:19.6860000,NULL
35,76,11,9,0.0,00:01:15.9210000,00:01:19.0150000,NULL
35,77,13,15,0.0,00:01:32.8910000,NULL,NULL
35,78,9,8,0.0,00:01:16.1160000,NULL,NULL
35,80,8,10,1.0,00:01:15.6990000,NULL,NULL
35,81,14,10,0.0,00:01:21.3520000,NULL,NULL
35,82,15,14,0.0,00:01:16.0120000,NULL,NULL
35,83,-1,15,0.0,00:01:22.8660000,NULL,NULL
35,84,11,16,0.0,NULL,NULL,NULL
35,85,11,12,0.0,00:01:22.3560000,NULL,NULL
35,86,6,14,3.0,00:01:48.8890000,NULL,NULL
35,87,12,20,0.0,00:01:13.3720000,NULL,NULL
35,88,12,8,0.0,00:01:47.4400000,NULL,NULL
35,89,10,16,0.0,00:01:36.7880000,NULL,NULL
35,105,11,12,0.0,00:01:35.3840000,NULL,NULL
35,106,10,9,0.0,00:01:36.2740000,NULL,NULL
35,107,10,13,0.0,00:01:11.8360000,NULL,NULL
35,108,9,6,0.0,00:01:28.4200000,NULL,NULL
35,109,-1,12,0.0,00:01:38.2890000,NULL,NULL
35,110,6,13,3.0,00:01:14.6680000,NULL,NULL
35,111,-1,7,0.0,00:01:23.1600000,NULL,NULL
35,112,-1,11,0.0,00:01:19.5630000,NULL,NULL
35,113,12,12,0.0,00:01:10.6180000,NULL,NULL
35,114,-1,11,0.0,00:01:16.7550000,NULL,NULL
35,115,-1,14,0.0,00:01:17.3470000,NULL,NULL
35,116,-1,17,0.0,00:01:34.5960000,NULL,NULL
35,117,9,12,0.0,00:01:16.9900000,NULL,NULL
35,118,10,9,0.0,00:01:22.5910000,NULL,NULL
35,119,9,13,0.0,00:01:17.0900000,NULL,NULL
35,120,-1,16,0.0,00:01:24.1000000,NULL,NULL
35,121,6,10,3.0,00:01:22.7170000,NULL,NULL
35,125,8,13,0.0,00:01:38.0390000,NULL,NULL
35,140,-1,9,0.0,00:01:33.3490000,NULL,NULL
35,158,4,8,3.0,00:01:31.9680000,NULL,NULL
35,160,5,9,2.0,00:01:26.1240000,NULL,NULL
35,161,16,10,0.0,00:01:27.0250000,NULL,NULL
35,173,6,9,1.0,00:01:37.2670000,NULL,NULL
35,175,-1,11,0.0,00:01:32.8880000,NULL,NULL
35,176,-1,21,0.0,NULL,NULL,NULL
35,177,-1,14,0.0,00:01:27.3130000,NULL,NULL
35,191,5,4,2.0,00:01:30.9190000,NULL,NULL
35,192,7,10,0.0,00:01:18.7610000,NULL,NULL
35,193,-1,7,0.0,00:01:26.9410000,NULL,NULL
35,199,7,3,0.0,00:01:24.1020000,NULL,NULL
35,200,6,11,1.0,00:01:32.0830000,NULL,NULL
35,201,3,3,4.0,00:01:42.3650000,NULL,NULL
35,203,-1,6,0.0,00:01:50.2040000,NULL,NULL
35,207,-1,1,0.0,00:01:29.3690000,NULL,NULL
35,208,1,1,10.0,00:01:16.0040000,NULL,NULL
35,209,1,1,10.0,00:01:24.4730000,NULL,NULL
35,210,-1,1,0.0,00:01:23.3030000,NULL,NULL
35,211,-1,3,0.0,00:01:18.5830000,NULL,NULL
35,212,1,1,10.0,00:01:16.5250000,NULL,NULL
35,213,-1,2,0.0,00:01:18.1080000,NULL,NULL
35,214,4,4,3.0,00:01:14.8000000,NULL,NULL
35,215,1,1,10.0,00:01:21.5980000,NULL,NULL
35,216,-1,9,0.0,00:01:42.9670000,NULL,NULL
35,224,2,1,6.0,00:01:32.3710000,NULL,NULL
35,225,-1,3,0.0,00:01:19.2540000,NULL,NULL
35,226,2,3,6.0,00:01:30.9070000,NULL,NULL
35,227,1,2,10.0,00:01:19.7210000,NULL,NULL
35,228,11,3,0.0,00:01:27.2200000,NULL,NULL
35,229,-1,10,0.0,00:01:21.9630000,NULL,NULL
35,230,3,2,4.0,00:01:21.0840000,NULL,NULL
36,57,-1,21,0.0,00:01:46.5050000,NULL,NULL
36,58,-1,20,0.0,00:01:20.7630000,NULL,NULL
36,59,16,20,0.0,00:01:17.5020000,NULL,NULL
36,60,18,21,0.0,00:01:26.3160000,NULL,NULL
36,61,-1,21,0.0,00:01:19.1520000,NULL,NULL
36,63,16,20,0.0,00:01:18.6370000,NULL,NULL
37,63,7,8,2.0,00:01:16.6790000,00:01:15.9020000,00:01:16.6320000
37,64,-1,9,0.0,00:01:15.6550000,00:01:15.0210000,00:01:15.9360000
37,65,2,4,8.0,00:01:21.2880000,00:01:19.9910000,00:01:20.1170000
37,66,5,11,4.0,00:01:28.4030000,00:01:27.8970000,NULL
37,67,-1,7,0.0,00:01:22.4220000,00:01:21.8780000,00:01:22.2800000
37,68,5,7,4.0,00:01:44.8080000,00:01:45.0950000,00:01:45.8770000
37,69,11,13,0.0,00:01:31.5810000,00:01:31.2540000,NULL
37,70,8,12,1.0,00:01:11.8250000,00:01:11.6580000,NULL
37,73,5,8,4.0,00:01:30.7250000,00:01:32.6480000,NULL
37,125,10,17,0.0,00:01:38.3740000,NULL,NULL
37,140,-1,17,0.0,00:01:34.2270000,NULL,NULL
37,158,-1,12,0.0,00:01:32.3230000,NULL,NULL
37,160,-1,13,0.0,00:01:26.3490000,NULL,NULL
37,161,-1,19,0.0,00:01:28.1350000,NULL,NULL
37,173,12,13,0.0,00:01:37.6520000,NULL,NULL
37,175,6,18,1.0,00:01:34.2440000,NULL,NULL
37,176,-1,17,0.0,00:01:20.0750000,NULL,NULL
37,177,-1,18,0.0,00:01:29.2930000,NULL,NULL
37,337,-1,14,0.0,00:01:56.4280000,00:01:56.2370000,NULL
37,338,12,14,0.0,00:01:26.0890000,00:01:25.7470000,NULL
37,339,-1,12,0.0,00:01:47.1530000,00:01:48.7710000,NULL
37,340,-1,17,0.0,00:01:37.0500000,00:01:37.0200000,NULL
37,341,-1,12,0.0,00:01:22.2110000,00:01:22.0260000,NULL
37,342,-1,15,0.0,00:01:15.9080000,00:01:15.6920000,NULL
37,343,11,13,0.0,00:01:28.1470000,00:01:27.8790000,NULL
37,344,-1,17,0.0,00:01:17.6110000,00:01:17.3840000,NULL
37,345,12,16,0.0,00:01:39.0030000,00:01:39.2640000,NULL
37,346,-1,9,0.0,00:01:31.5330000,00:01:31.3270000,00:01:31.2740000
37,347,14,14,0.0,00:01:16.4500000,00:01:15.5500000,NULL
37,348,7,9,6.0,00:01:21.8910000,00:01:21.2730000,00:01:21.4110000
37,349,11,24,0.0,00:02:05.2940000,NULL,NULL
37,350,14,16,0.0,00:01:24.4420000,00:01:24.0440000,NULL
37,847,12,17,0.0,00:01:16.2290000,00:01:15.5870000,NULL
37,860,-1,0,0.0,00:01:33.4950000,NULL,NULL
37,861,22,22,0.0,00:01:42.9140000,NULL,NULL
37,862,21,22,0.0,00:01:40.4110000,NULL,NULL
37,863,20,20,0.0,00:01:37.8830000,NULL,NULL
37,864,19,22,0.0,00:01:27.5550000,NULL,NULL
37,865,-1,20,0.0,00:01:18.0960000,NULL,NULL
37,866,-1,20,0.0,00:01:17.4920000,NULL,NULL
37,867,17,21,0.0,00:01:42.1710000,NULL,NULL
37,868,20,21,0.0,00:01:52.7420000,NULL,NULL
37,869,21,23,0.0,00:01:19.9120000,NULL,NULL
37,870,22,23,0.0,00:01:25.9160000,NULL,NULL
37,871,18,21,0.0,00:01:53.0300000,NULL,NULL
37,872,18,23,0.0,00:01:27.6290000,NULL,NULL
37,873,17,24,0.0,00:01:53.3550000,NULL,NULL
37,874,18,20,0.0,00:01:35.3850000,NULL,NULL
37,875,-1,22,0.0,00:01:42.8810000,NULL,NULL
37,876,-1,22,0.0,00:01:30.5920000,NULL,NULL
37,877,17,22,0.0,00:01:45.7660000,NULL,NULL
37,879,17,24,0.0,00:01:19.6990000,NULL,NULL
38,68,12,10,0.0,00:01:46.3870000,00:01:45.7470000,00:01:48.0210000
38,69,13,18,0.0,00:01:32.4020000,NULL,NULL
38,70,12,22,0.0,00:01:12.5300000,00:01:12.5910000,NULL
38,82,18,17,0.0,00:01:18.3130000,NULL,NULL
38,83,-1,19,0.0,00:01:25.4840000,NULL,NULL
38,84,13,17,0.0,NULL,NULL,NULL
38,85,18,18,0.0,00:01:24.9040000,NULL,NULL
38,86,13,17,0.0,00:01:49.7790000,NULL,NULL
38,87,-1,18,0.0,NULL,NULL,NULL
38,88,14,15,0.0,00:01:52.8940000,NULL,NULL
38,89,14,20,0.0,00:01:39.4600000,NULL,NULL
39,71,15,12,0.0,00:01:44.3570000,00:01:32.7350000,NULL
39,72,11,17,0.0,00:01:37.8060000,00:01:39.8500000,NULL
39,73,-1,17,0.0,00:01:33.1900000,00:01:36.9530000,NULL
39,74,12,16,0.0,00:01:23.1230000,00:01:28.9760000,NULL
39,75,13,13,0.0,00:01:18.5570000,00:01:20.7110000,NULL
39,76,-1,17,0.0,00:01:19.4740000,00:01:23.9480000,NULL
39,77,16,19,0.0,00:01:36.1920000,NULL,NULL
39,78,-1,17,0.0,00:01:18.6640000,NULL,NULL
39,80,15,17,0.0,00:01:17.8570000,NULL,NULL
39,81,-1,17,0.0,00:01:23.5830000,NULL,NULL
39,82,16,19,0.0,NULL,NULL,NULL
39,83,12,18,0.0,00:01:25.0570000,NULL,NULL
39,84,14,18,0.0,NULL,NULL,NULL
39,85,20,19,0.0,00:01:25.8590000,NULL,NULL
39,86,11,20,0.0,00:01:51.6750000,NULL,NULL
39,87,15,15,0.0,00:01:14.5200000,NULL,NULL
39,88,15,11,0.0,00:01:48.7180000,NULL,NULL
39,89,-1,15,0.0,00:01:36.7070000,NULL,NULL
39,841,-1,0,0.0,00:01:34.2930000,NULL,NULL
39,842,-1,24,0.0,00:01:42.5740000,NULL,NULL
39,843,23,24,0.0,00:01:40.4450000,NULL,NULL
39,844,21,22,0.0,00:01:31.5640000,NULL,NULL
39,845,21,22,0.0,00:01:27.9080000,NULL,NULL
39,846,17,22,0.0,NULL,NULL,NULL
39,847,14,22,0.0,00:01:18.5740000,NULL,NULL
39,848,24,24,0.0,00:01:44.3630000,NULL,NULL
39,857,17,24,0.0,00:01:30.2380000,NULL,NULL
39,860,-1,0,0.0,00:01:33.6430000,NULL,NULL
39,861,21,23,0.0,00:01:43.6550000,NULL,NULL
39,862,22,23,0.0,00:01:41.0000000,NULL,NULL
39,863,21,24,0.0,00:01:38.3140000,NULL,NULL
39,864,-1,23,0.0,00:01:31.1220000,NULL,NULL
39,865,15,22,0.0,00:01:19.3100000,NULL,NULL
39,866,-1,24,0.0,00:01:18.3300000,NULL,NULL
39,867,18,22,0.0,00:01:42.5270000,NULL,NULL
39,868,21,22,0.0,00:01:53.0400000,NULL,NULL
39,869,23,24,0.0,00:01:20.2300000,NULL,NULL
39,870,-1,24,0.0,00:01:26.1780000,NULL,NULL
39,871,-1,24,0.0,00:01:54.9890000,NULL,NULL
39,872,19,21,0.0,00:01:27.4410000,NULL,NULL
39,873,-1,23,0.0,00:01:52.3720000,NULL,NULL
39,874,-1,24,0.0,00:01:36.7340000,NULL,NULL
39,876,21,23,0.0,00:01:30.5930000,NULL,NULL
39,877,-1,23,0.0,00:01:46.3820000,NULL,NULL
39,879,18,23,0.0,00:01:19.5760000,NULL,NULL
40,71,17,16,0.0,00:01:50.8640000,00:01:37.4990000,NULL
40,72,-1,20,0.0,00:01:39.2680000,00:01:41.9180000,NULL
40,73,12,19,0.0,00:01:34.8480000,00:01:36.4130000,NULL
40,74,-1,19,0.0,00:01:26.4840000,00:01:30.5640000,NULL
40,75,-1,15,0.0,00:01:20.3060000,00:01:22.4530000,NULL
40,76,-1,13,0.0,00:01:18.5740000,00:01:22.2360000,NULL
40,77,18,18,0.0,00:01:35.9540000,NULL,NULL
40,78,-1,19,0.0,00:01:19.5740000,NULL,NULL
40,80,-1,18,0.0,00:01:17.9600000,NULL,NULL
40,81,19,19,0.0,00:01:25.5660000,NULL,NULL
41,102,-1,15,0.0,00:01:21.1350000,NULL,NULL
41,103,10,20,0.0,00:02:03.8950000,NULL,NULL
41,104,11,11,0.0,00:01:21.5200000,NULL,NULL
41,105,-1,13,0.0,00:01:35.4100000,NULL,NULL
41,107,13,14,0.0,00:01:11.9740000,NULL,NULL
41,158,6,16,1.0,00:01:33.1170000,NULL,NULL
41,160,12,14,0.0,00:01:26.8140000,NULL,NULL
41,161,-1,16,0.0,00:01:27.7720000,NULL,NULL
41,173,9,18,0.0,00:01:38.2690000,NULL,NULL
41,175,-1,19,0.0,00:01:34.4120000,NULL,NULL
42,85,7,16,2.0,00:01:23.2910000,NULL,NULL
42,86,15,15,0.0,00:01:48.8980000,NULL,NULL
42,87,-1,13,0.0,00:01:13.5810000,NULL,NULL
42,88,-1,12,0.0,00:01:48.8980000,NULL,NULL
42,89,13,13,0.0,00:01:36.4450000,NULL,NULL
42,101,7,10,2.0,00:01:14.5560000,NULL,NULL
42,102,7,6,2.0,00:01:20.1700000,NULL,NULL
42,103,-1,14,0.0,00:02:01.4470000,NULL,NULL
42,104,7,8,2.0,00:01:20.8880000,NULL,NULL
42,108,-1,18,0.0,00:01:31.7230000,NULL,NULL
42,109,-1,15,0.0,00:01:38.5160000,NULL,NULL
42,110,-1,17,0.0,00:01:15.3170000,NULL,NULL
42,111,14,15,0.0,00:01:24.1470000,NULL,NULL
42,112,-1,16,0.0,00:01:20.3080000,NULL,NULL
42,113,9,8,0.0,00:01:10.0450000,NULL,NULL
42,114,-1,13,0.0,00:01:17.1030000,NULL,NULL
42,115,10,13,0.0,00:01:17.3370000,NULL,NULL
42,116,10,16,0.0,00:01:34.1590000,NULL,NULL
42,117,10,11,0.0,00:01:16.9650000,NULL,NULL
42,118,-1,10,0.0,00:01:22.6340000,NULL,NULL
43,90,12,13,0.0,00:01:27.8230000,NULL,NULL
43,91,9,10,0.0,00:01:34.9170000,NULL,NULL
43,92,10,9,0.0,00:01:31.7170000,NULL,NULL
43,93,-1,10,0.0,00:01:21.0870000,NULL,NULL
43,94,13,11,0.0,00:01:17.0380000,NULL,NULL
43,95,6,15,3.0,00:01:16.1690000,NULL,NULL
43,96,-1,11,0.0,00:01:29.7060000,NULL,NULL
43,97,-1,12,0.0,00:01:14.8510000,NULL,NULL
43,99,14,11,0.0,00:01:14.5530000,NULL,NULL
43,100,13,12,0.0,00:01:20.5450000,NULL,NULL
43,101,-1,15,0.0,00:01:15.4540000,NULL,NULL
43,108,-1,16,0.0,00:01:29.5380000,NULL,NULL
43,109,11,11,0.0,00:01:38.0970000,NULL,NULL
43,110,10,18,0.0,00:01:15.6410000,NULL,NULL
43,111,12,13,0.0,00:01:23.8380000,NULL,NULL
43,112,6,13,3.0,00:01:19.6230000,NULL,NULL
43,113,10,13,0.0,00:01:10.8340000,NULL,NULL
43,114,9,10,0.0,00:01:16.7440000,NULL,NULL
43,115,11,9,0.0,00:01:16.8260000,NULL,NULL
43,116,-1,10,0.0,00:01:32.9490000,NULL,NULL
43,117,11,13,0.0,00:01:17.0680000,NULL,NULL
43,118,7,6,2.0,00:01:22.0810000,NULL,NULL
43,119,6,9,3.0,00:01:16.5500000,NULL,NULL
43,120,11,15,0.0,00:01:23.9820000,NULL,NULL
43,121,-1,12,0.0,00:01:22.9140000,NULL,NULL
43,123,7,3,2.0,00:01:32.4190000,NULL,NULL
44,90,13,18,0.0,NULL,NULL,NULL
44,91,12,14,0.0,00:01:35.6170000,NULL,NULL
44,92,9,8,0.0,00:01:31.6860000,NULL,NULL
44,93,11,13,0.0,00:01:21.5580000,NULL,NULL
44,94,-1,7,0.0,00:01:16.3130000,NULL,NULL
44,95,8,13,1.0,00:01:15.8590000,NULL,NULL
44,96,11,10,0.0,00:01:29.6970000,NULL,NULL
44,97,-1,13,0.0,00:01:14.8910000,NULL,NULL
44,99,15,14,0.0,00:01:15.1300000,NULL,NULL
44,100,-1,17,0.0,00:01:20.3350000,NULL,NULL
44,101,14,9,0.0,00:01:14.3680000,NULL,NULL
44,102,11,13,0.0,00:01:21.0680000,NULL,NULL
44,103,8,9,1.0,00:01:59.5520000,NULL,NULL
44,104,-1,13,0.0,00:01:21.8410000,NULL,NULL
44,105,14,8,0.0,00:01:34.9750000,NULL,NULL
44,106,14,10,0.0,00:01:36.4200000,NULL,NULL
44,108,-1,5,0.0,00:01:28.2880000,NULL,NULL
44,109,-1,10,0.0,00:01:38.0940000,NULL,NULL
44,110,-1,15,0.0,00:01:14.8390000,NULL,NULL
44,111,9,10,0.0,00:01:23.4600000,NULL,NULL
44,112,-1,6,0.0,00:01:18.8110000,NULL,NULL
44,113,-1,11,0.0,00:01:10.4020000,NULL,NULL
44,114,13,17,0.0,00:01:17.4640000,NULL,NULL
44,115,8,7,1.0,00:01:16.5980000,NULL,NULL
44,116,-1,7,0.0,00:01:32.3500000,NULL,NULL
44,117,8,10,1.0,00:01:16.3450000,NULL,NULL
44,118,11,13,0.0,00:01:23.0420000,NULL,NULL
44,119,5,7,4.0,00:01:16.0340000,NULL,NULL
44,120,-1,10,0.0,00:01:23.3690000,NULL,NULL
44,121,-1,9,0.0,00:01:22.4880000,NULL,NULL
44,123,10,4,0.0,00:01:32.8620000,NULL,NULL
44,125,-1,18,0.0,00:01:38.3900000,NULL,NULL
44,140,-1,16,0.0,00:01:34.1920000,NULL,NULL
44,175,-1,20,0.0,00:01:35.0680000,NULL,NULL
44,176,6,12,1.0,00:01:18.6360000,NULL,NULL
44,177,-1,11,0.0,00:01:28.2050000,NULL,NULL
44,191,9,21,0.0,00:01:35.2150000,NULL,NULL
44,192,-1,9,0.0,00:01:18.7530000,NULL,NULL
44,193,15,15,0.0,00:01:29.3200000,NULL,NULL
44,199,-1,22,0.0,NULL,NULL,NULL
44,200,-1,10,0.0,00:01:32.0810000,NULL,NULL
44,201,15,16,0.0,00:01:45.1970000,NULL,NULL
44,203,-1,14,0.0,00:01:52.7840000,NULL,NULL
44,207,5,9,2.0,00:01:32.8420000,NULL,NULL
44,208,3,5,4.0,00:01:16.7560000,NULL,NULL
44,209,-1,3,0.0,00:01:25.4910000,NULL,NULL
44,210,8,4,0.0,00:01:24.0750000,NULL,NULL
44,211,4,12,3.0,00:01:19.6260000,NULL,NULL
44,212,2,12,6.0,00:01:19.1570000,NULL,NULL
44,213,11,10,0.0,00:01:19.0340000,NULL,NULL
44,224,7,11,0.0,00:01:35.3300000,NULL,NULL
44,225,6,15,1.0,00:01:20.4260000,NULL,NULL
44,226,8,12,0.0,00:01:32.1770000,NULL,NULL
44,227,-1,15,0.0,00:01:21.5090000,NULL,NULL
44,228,-1,13,0.0,00:01:29.4720000,NULL,NULL
44,229,1,14,10.0,00:01:22.3580000,NULL,NULL
44,230,-1,8,0.0,00:01:22.6850000,NULL,NULL
44,240,-1,10,0.0,00:01:21.9140000,NULL,NULL
44,241,7,18,0.0,00:01:58.8240000,NULL,NULL
44,242,9,12,0.0,00:01:30.7600000,NULL,NULL
44,243,6,15,1.0,00:01:25.2040000,NULL,NULL
44,244,-1,12,0.0,00:01:25.1250000,NULL,NULL
44,245,4,11,3.0,00:01:29.8090000,NULL,NULL
44,246,8,6,0.0,00:01:19.0470000,NULL,NULL
44,247,4,13,3.0,00:01:31.8420000,NULL,NULL
44,248,-1,12,0.0,00:01:47.3720000,NULL,NULL
44,249,6,10,1.0,00:01:20.1600000,NULL,NULL
44,250,9,9,0.0,00:01:58.0210000,NULL,NULL
44,251,-1,13,0.0,00:01:27.3840000,NULL,NULL
44,252,-1,11,0.0,00:01:22.9040000,NULL,NULL
44,253,-1,14,0.0,00:01:22.0620000,NULL,NULL
44,254,8,9,0.0,00:01:15.6210000,NULL,NULL
44,255,5,11,2.0,00:01:40.8380000,NULL,NULL
44,256,2,12,6.0,NULL,NULL,NULL
44,257,11,19,0.0,00:01:19.3040000,NULL,NULL
44,258,9,22,0.0,00:01:14.1060000,NULL,NULL
44,259,11,19,0.0,00:01:24.9960000,NULL,NULL
44,261,7,19,0.0,00:01:25.5770000,NULL,NULL
44,262,12,19,0.0,00:01:28.9500000,NULL,NULL
44,263,-1,13,0.0,00:01:18.0440000,NULL,NULL
44,264,12,15,0.0,00:01:27.7850000,NULL,NULL
44,265,2,12,6.0,00:01:46.1850000,NULL,NULL
44,266,6,9,1.0,00:01:20.9290000,NULL,NULL
44,267,7,17,0.0,00:02:26.0790000,NULL,NULL
44,268,10,6,0.0,00:01:25.4550000,NULL,NULL
44,269,-1,15,0.0,00:01:22.6720000,NULL,NULL
44,270,9,11,0.0,00:01:24.4320000,NULL,NULL
44,271,11,19,0.0,00:01:40.0420000,NULL,NULL
44,272,5,12,2.0,00:01:18.0720000,NULL,NULL
45,90,14,16,0.0,00:01:30.1400000,NULL,NULL
45,91,13,18,0.0,00:01:39.9020000,NULL,NULL
45,92,16,15,0.0,00:01:34.1050000,NULL,NULL
45,93,-1,15,0.0,00:01:23.3520000,NULL,NULL
45,94,-1,19,0.0,00:01:20.6070000,NULL,NULL
45,95,-1,18,0.0,00:01:17.4430000,NULL,NULL
45,96,13,15,0.0,00:01:31.9790000,NULL,NULL
45,99,17,18,0.0,00:01:17.4620000,NULL,NULL
45,100,-1,14,0.0,00:01:22.4580000,NULL,NULL
45,101,15,17,0.0,00:01:16.1920000,NULL,NULL
45,102,-1,17,0.0,00:01:22.3560000,NULL,NULL
45,103,-1,19,0.0,00:02:03.8330000,NULL,NULL
45,104,-1,17,0.0,00:01:23.2390000,NULL,NULL
46,90,-1,20,0.0,NULL,NULL,NULL
46,91,14,16,0.0,00:01:38.5770000,NULL,NULL
46,92,17,17,0.0,00:01:34.5840000,NULL,NULL
46,93,-1,17,0.0,00:01:26.8990000,NULL,NULL
46,94,-1,18,0.0,00:01:19.8170000,NULL,NULL
46,95,-1,20,0.0,00:01:20.1150000,NULL,NULL
46,96,14,20,0.0,NULL,NULL,NULL
46,97,-1,19,0.0,NULL,NULL,NULL
46,99,18,19,0.0,00:01:17.9130000,NULL,NULL
46,100,16,18,0.0,00:01:23.4370000,NULL,NULL
46,101,17,19,0.0,00:01:18.0550000,NULL,NULL
46,102,14,19,0.0,00:01:24.6790000,NULL,NULL
46,103,-1,17,0.0,00:02:02.6510000,NULL,NULL
46,104,-1,18,0.0,00:01:24.9100000,NULL,NULL
46,105,-1,17,0.0,NULL,NULL,NULL
46,106,16,18,0.0,00:01:48.0690000,NULL,NULL
46,107,17,20,0.0,NULL,NULL,NULL
47,90,-1,17,0.0,00:01:30.6810000,NULL,NULL
47,91,16,17,0.0,00:01:39.2720000,NULL,NULL
47,92,-1,20,0.0,00:01:35.7870000,NULL,NULL
47,93,15,19,0.0,00:01:46.2990000,NULL,NULL
47,94,-1,20,0.0,00:01:21.4700000,NULL,NULL
47,95,9,19,0.0,00:01:20.0600000,NULL,NULL
47,96,15,17,0.0,00:01:34.3980000,NULL,NULL
47,97,10,18,0.0,00:01:17.0640000,NULL,NULL
47,99,-1,20,0.0,00:01:18.2470000,NULL,NULL
47,100,-1,19,0.0,00:01:24.1170000,NULL,NULL
47,101,16,20,0.0,00:01:18.4000000,NULL,NULL
47,102,15,18,0.0,00:01:24.3290000,NULL,NULL
47,103,-1,18,0.0,00:02:03.3030000,NULL,NULL
47,104,15,19,0.0,00:01:24.8080000,NULL,NULL
47,105,16,19,0.0,00:01:40.2400000,NULL,NULL
47,106,-1,20,0.0,NULL,NULL,NULL
47,107,16,19,0.0,00:01:13.5500000,NULL,NULL
47,120,-1,19,0.0,00:01:26.6780000,NULL,NULL
47,121,11,18,0.0,00:01:25.8810000,NULL,NULL
48,99,10,8,0.0,00:01:14.2750000,NULL,NULL
48,100,12,11,0.0,00:01:20.3350000,NULL,NULL
48,121,5,5,4.0,00:01:21.8340000,NULL,NULL
48,158,8,18,0.0,00:01:33.2610000,NULL,NULL
48,160,-1,21,0.0,00:01:28.3330000,NULL,NULL
48,161,14,21,0.0,00:01:28.2530000,NULL,NULL
48,173,-1,21,0.0,00:01:39.9720000,NULL,NULL
48,175,-1,22,0.0,00:01:37.0130000,NULL,NULL
48,176,9,20,0.0,00:01:20.7100000,NULL,NULL
48,177,9,21,0.0,00:01:30.0350000,NULL,NULL
49,108,6,4,3.0,00:01:28.2740000,NULL,NULL
49,109,9,13,0.0,00:01:38.2910000,NULL,NULL
49,110,5,14,4.0,00:01:14.8390000,NULL,NULL
49,111,11,14,0.0,00:01:23.9320000,NULL,NULL
49,112,-1,10,0.0,00:01:19.4270000,NULL,NULL
49,113,-1,15,0.0,00:01:11.3070000,NULL,NULL
49,114,-1,15,0.0,00:01:17.4020000,NULL,NULL
49,115,-1,10,0.0,00:01:16.9390000,NULL,NULL
49,116,9,15,0.0,00:01:34.0000000,NULL,NULL
49,117,12,16,0.0,00:01:17.5620000,NULL,NULL
49,118,12,14,0.0,00:01:23.1870000,NULL,NULL
49,119,-1,14,0.0,00:01:17.1690000,NULL,NULL
49,120,-1,17,0.0,00:01:24.5690000,NULL,NULL
49,121,13,14,0.0,00:01:23.2160000,NULL,NULL
49,123,-1,12,0.0,00:01:33.8960000,NULL,NULL
49,125,11,11,0.0,00:01:37.9190000,NULL,NULL
49,158,-1,5,0.0,00:01:31.3590000,NULL,NULL
49,160,-1,6,0.0,00:01:25.8920000,NULL,NULL
49,161,17,2,0.0,00:01:25.7060000,NULL,NULL
49,173,-1,8,0.0,00:01:37.2430000,NULL,NULL
49,175,2,5,6.0,00:01:32.2760000,NULL,NULL
49,176,3,8,4.0,00:01:17.9020000,NULL,NULL
49,177,-1,7,0.0,00:01:27.6130000,NULL,NULL
49,191,3,6,4.0,00:01:31.3970000,NULL,NULL
49,192,5,3,2.0,00:01:18.1090000,NULL,NULL
49,193,9,6,0.0,00:01:26.8760000,NULL,NULL
49,199,-1,6,0.0,00:01:24.4420000,NULL,NULL
49,200,-1,7,0.0,00:01:31.5150000,NULL,NULL
49,201,9,10,0.0,00:01:43.4670000,NULL,NULL
49,203,4,9,3.0,00:01:50.6860000,NULL,NULL
49,207,8,2,0.0,00:01:31.1230000,NULL,NULL
49,208,9,8,0.0,00:01:16.9710000,NULL,NULL
49,209,-1,2,0.0,00:01:25.2710000,NULL,NULL
49,210,1,2,10.0,00:01:23.6460000,NULL,NULL
49,211,-1,1,0.0,00:01:18.2160000,NULL,NULL
49,212,8,2,0.0,00:01:16.7910000,NULL,NULL
49,213,4,4,3.0,00:01:18.4640000,NULL,NULL
49,214,2,2,6.0,00:01:14.7490000,NULL,NULL
49,215,-1,2,0.0,00:01:21.7320000,NULL,NULL
49,216,-1,5,0.0,00:01:42.4210000,NULL,NULL
49,224,8,9,0.0,00:01:34.4940000,NULL,NULL
49,225,-1,9,0.0,00:01:19.7990000,NULL,NULL
49,226,-1,11,0.0,00:01:32.1300000,NULL,NULL
49,227,-1,10,0.0,00:01:21.1130000,NULL,NULL
49,228,-1,10,0.0,00:01:28.7850000,NULL,NULL
49,229,4,9,3.0,00:01:21.9290000,NULL,NULL
49,230,4,11,3.0,00:01:23.1950000,NULL,NULL
49,240,-1,14,0.0,00:01:22.8720000,NULL,NULL
49,241,5,9,2.0,00:01:55.5830000,NULL,NULL
49,242,6,14,1.0,00:01:31.3580000,NULL,NULL
49,243,8,12,0.0,00:01:24.8020000,NULL,NULL
49,244,6,14,1.0,00:01:25.6610000,NULL,NULL
49,245,-1,12,0.0,00:01:30.0170000,NULL,NULL
49,246,10,12,0.0,00:01:20.3090000,NULL,NULL
49,247,6,12,1.0,00:01:31.6020000,NULL,NULL
49,248,-1,11,0.0,00:01:46.8010000,NULL,NULL
49,249,5,11,2.0,00:01:20.4130000,NULL,NULL
49,250,4,10,3.0,00:01:58.1480000,NULL,NULL
49,251,3,10,4.0,00:01:26.5410000,NULL,NULL
49,252,6,5,1.0,00:01:22.2260000,NULL,NULL
49,253,-1,8,0.0,00:01:20.7490000,NULL,NULL
49,254,7,8,0.0,00:01:15.5610000,NULL,NULL
49,255,8,8,0.0,00:01:40.0100000,NULL,NULL
49,256,-1,6,0.0,NULL,NULL,NULL
49,257,-1,5,0.0,00:01:17.8060000,NULL,NULL
49,258,5,11,2.0,00:01:12.6860000,NULL,NULL
49,259,7,7,0.0,00:01:23.1190000,NULL,NULL
49,261,-1,12,0.0,00:01:24.2540000,NULL,NULL
49,262,-1,10,0.0,00:01:27.9770000,NULL,NULL
49,263,4,10,3.0,00:01:17.8300000,NULL,NULL
49,264,7,13,0.0,00:01:27.2840000,NULL,NULL
49,265,-1,9,0.0,00:01:45.8930000,NULL,NULL
49,266,-1,8,0.0,00:01:20.8580000,NULL,NULL
49,267,-1,9,0.0,00:02:22.6340000,NULL,NULL
49,268,-1,11,0.0,00:01:25.6280000,NULL,NULL
49,269,-1,9,0.0,00:01:21.9210000,NULL,NULL
49,270,6,4,1.0,00:01:23.4310000,NULL,NULL
49,271,6,3,1.0,00:01:37.7420000,NULL,NULL
49,272,7,10,0.0,00:01:17.9620000,NULL,NULL
50,108,11,20,0.0,NULL,NULL,NULL
50,109,13,18,0.0,00:01:40.4170000,NULL,NULL
50,110,-1,19,0.0,00:01:16.5420000,NULL,NULL
50,111,-1,20,0.0,NULL,NULL,NULL
50,112,12,19,0.0,00:01:22.2370000,NULL,NULL
50,113,-1,20,0.0,NULL,NULL,NULL
50,114,-1,18,0.0,00:01:18.7060000,NULL,NULL
50,115,9,15,0.0,00:01:18.0140000,NULL,NULL
50,116,14,18,0.0,00:01:36.3180000,NULL,NULL
50,117,16,19,0.0,00:01:18.7090000,NULL,NULL
50,118,15,19,0.0,00:01:25.7590000,NULL,NULL
50,119,-1,19,0.0,00:01:19.0230000,NULL,NULL
50,120,12,18,0.0,00:01:26.4230000,NULL,NULL
50,121,-1,17,0.0,00:01:25.0780000,NULL,NULL
50,123,15,17,0.0,00:01:34.9750000,NULL,NULL
50,158,-1,13,0.0,00:01:32.4770000,NULL,NULL
50,160,14,16,0.0,00:01:26.8450000,NULL,NULL
50,161,-1,8,0.0,00:01:26.7930000,NULL,NULL
50,173,-1,14,0.0,00:01:37.6740000,NULL,NULL
50,199,-1,15,0.0,00:01:26.9480000,NULL,NULL
50,200,-1,12,0.0,00:01:32.0990000,NULL,NULL
50,201,-1,19,0.0,00:01:45.6230000,NULL,NULL
50,203,-1,17,0.0,00:01:53.1490000,NULL,NULL
50,207,-1,21,0.0,00:01:34.9430000,NULL,NULL
50,208,15,21,0.0,00:01:18.8850000,NULL,NULL
50,209,-1,16,0.0,00:01:28.0940000,NULL,NULL
50,210,10,21,0.0,00:01:27.4280000,NULL,NULL
50,211,8,22,0.0,00:01:21.2900000,NULL,NULL
50,212,11,19,0.0,00:01:20.5820000,NULL,NULL
50,213,-1,14,0.0,00:01:20.1020000,NULL,NULL
50,214,-1,18,0.0,00:01:16.9410000,NULL,NULL
50,215,-1,20,0.0,00:01:25.0100000,NULL,NULL
50,216,10,20,0.0,00:01:45.8110000,NULL,NULL
50,224,-1,12,0.0,00:01:35.3380000,NULL,NULL
50,225,-1,13,0.0,00:01:20.1570000,NULL,NULL
50,226,6,7,1.0,00:01:31.6150000,NULL,NULL
50,227,-1,13,0.0,00:01:21.3670000,NULL,NULL
50,228,-1,14,0.0,00:01:29.5390000,NULL,NULL
50,229,-1,12,0.0,00:01:22.3270000,NULL,NULL
50,230,-1,13,0.0,00:01:23.3710000,NULL,NULL
50,240,-1,24,0.0,00:01:27.3230000,NULL,NULL
50,241,-1,14,0.0,00:01:57.2310000,NULL,NULL
50,242,-1,17,0.0,00:01:32.1560000,NULL,NULL
50,243,12,16,0.0,00:01:25.8270000,NULL,NULL
50,244,-1,23,0.0,00:01:29.3910000,NULL,NULL
50,257,-1,9,0.0,00:01:18.1830000,NULL,NULL
50,258,-1,10,0.0,00:01:12.5540000,NULL,NULL
50,263,-1,8,0.0,00:01:17.6450000,NULL,NULL
50,264,8,10,0.0,00:01:26.8410000,NULL,NULL
50,265,-1,19,0.0,00:01:47.3160000,NULL,NULL
50,266,3,12,4.0,00:01:21.1410000,NULL,NULL
50,267,3,6,4.0,00:02:22.2180000,NULL,NULL
50,268,-1,10,0.0,00:01:25.6180000,NULL,NULL
50,269,5,10,2.0,00:01:22.0000000,NULL,NULL
50,270,-1,12,0.0,00:01:24.6430000,NULL,NULL
51,108,-1,19,0.0,NULL,NULL,NULL
51,109,-1,19,0.0,00:01:40.5990000,NULL,NULL
51,110,-1,20,0.0,00:01:16.5860000,NULL,NULL
51,111,-1,18,0.0,00:01:25.8260000,NULL,NULL
51,112,11,18,0.0,00:01:22.1040000,NULL,NULL
51,113,13,18,0.0,00:01:14.5080000,NULL,NULL
51,114,-1,19,0.0,00:01:20.0630000,NULL,NULL
51,115,-1,18,0.0,00:01:18.5600000,NULL,NULL
51,116,13,19,0.0,00:01:36.4850000,NULL,NULL
51,117,14,20,0.0,00:01:19.6190000,NULL,NULL
51,118,16,18,0.0,00:01:25.4680000,NULL,NULL
51,119,-1,16,0.0,00:01:18.0210000,NULL,NULL
51,120,-1,12,0.0,00:01:23.6600000,NULL,NULL
51,121,-1,15,0.0,00:01:23.4840000,NULL,NULL
51,123,13,10,0.0,00:01:33.5580000,NULL,NULL
52,108,-1,17,0.0,00:01:31.2420000,NULL,NULL
52,109,10,20,0.0,00:01:40.9100000,NULL,NULL
52,110,-1,16,0.0,00:01:15.2400000,NULL,NULL
52,111,-1,19,0.0,00:01:26.3570000,NULL,NULL
52,112,8,15,1.0,00:01:20.2150000,NULL,NULL
52,113,11,16,0.0,00:01:11.5050000,NULL,NULL
52,114,12,16,0.0,00:01:17.4520000,NULL,NULL
52,115,-1,19,0.0,00:01:18.6920000,NULL,NULL
52,116,11,14,0.0,00:01:33.8270000,NULL,NULL
52,117,15,18,0.0,00:01:18.5140000,NULL,NULL
52,118,13,17,0.0,00:01:24.3850000,NULL,NULL
52,119,-1,18,0.0,00:01:18.3410000,NULL,NULL
52,123,14,15,0.0,00:01:34.7710000,NULL,NULL
53,119,12,20,0.0,00:01:19.1740000,NULL,NULL
53,120,13,20,0.0,00:01:28.9070000,NULL,NULL
53,121,12,19,0.0,00:01:26.7780000,NULL,NULL
53,123,16,18,0.0,00:01:37.2260000,NULL,NULL
55,158,-1,17,0.0,00:01:33.1970000,NULL,NULL
55,160,-1,15,0.0,00:01:26.8240000,NULL,NULL
55,161,10,15,0.0,00:01:27.5590000,NULL,NULL
55,173,-1,17,0.0,00:01:38.2090000,NULL,NULL
55,175,-1,16,0.0,00:01:33.9100000,NULL,NULL
55,176,-1,14,0.0,00:01:18.7160000,NULL,NULL
55,177,6,13,1.0,00:01:28.2530000,NULL,NULL
55,191,-1,12,0.0,00:01:33.2400000,NULL,NULL
55,192,9,15,0.0,00:01:19.4490000,NULL,NULL
55,193,5,11,2.0,00:01:27.8390000,NULL,NULL
55,199,-1,8,0.0,00:01:25.0810000,NULL,NULL
55,200,-1,2,0.0,00:01:30.3170000,NULL,NULL
55,201,10,11,0.0,00:01:43.6630000,NULL,NULL
55,203,3,10,4.0,00:01:51.1890000,NULL,NULL
55,207,-1,8,0.0,00:01:32.5930000,NULL,NULL
55,208,6,6,1.0,00:01:16.7570000,NULL,NULL
55,209,7,11,0.0,00:01:27.0760000,NULL,NULL
55,210,5,14,2.0,00:01:25.7290000,NULL,NULL
55,211,-1,9,0.0,00:01:19.2630000,NULL,NULL
55,212,3,4,4.0,00:01:17.7170000,NULL,NULL
55,213,2,8,6.0,00:01:18.8990000,NULL,NULL
55,214,5,8,2.0,00:01:15.2280000,NULL,NULL
55,215,2,11,6.0,00:01:22.3920000,NULL,NULL
55,216,6,6,1.0,00:01:42.4930000,NULL,NULL
55,224,-1,6,0.0,00:01:34.2570000,NULL,NULL
55,225,2,5,6.0,00:01:19.4840000,NULL,NULL
55,226,3,4,4.0,00:01:31.0380000,NULL,NULL
55,227,-1,4,0.0,00:01:20.7110000,NULL,NULL
55,228,6,5,1.0,00:01:28.0090000,NULL,NULL
55,229,-1,3,0.0,00:01:20.9180000,NULL,NULL
55,230,2,4,6.0,00:01:22.0610000,NULL,NULL
55,240,5,6,2.0,00:01:21.0410000,NULL,NULL
55,241,2,6,6.0,00:01:54.6370000,NULL,NULL
55,242,2,5,6.0,00:01:27.8130000,NULL,NULL
55,243,-1,2,0.0,00:01:22.0520000,NULL,NULL
55,244,-1,5,0.0,00:01:23.7540000,NULL,NULL
55,245,1,5,10.0,00:01:28.4740000,NULL,NULL
55,246,5,4,2.0,00:01:18.7610000,NULL,NULL
55,247,2,6,6.0,00:01:29.8740000,NULL,NULL
55,248,-1,10,0.0,00:01:46.3560000,NULL,NULL
55,249,-1,6,0.0,00:01:18.9680000,NULL,NULL
55,250,-1,2,0.0,00:01:54.6310000,NULL,NULL
55,251,-1,5,0.0,00:01:25.7070000,NULL,NULL
55,252,5,7,2.0,00:01:22.3910000,NULL,NULL
55,253,2,6,6.0,00:01:20.5100000,NULL,NULL
55,254,5,4,2.0,00:01:14.9190000,NULL,NULL
55,255,-1,2,0.0,00:01:38.8880000,NULL,NULL
55,256,-1,5,0.0,NULL,NULL,NULL
55,257,3,3,4.0,00:01:17.3850000,NULL,NULL
55,261,4,6,3.0,00:01:23.7000000,NULL,NULL
55,262,3,2,4.0,00:01:26.2770000,NULL,NULL
55,263,-1,4,0.0,00:01:16.9540000,NULL,NULL
55,264,2,4,6.0,00:01:25.5410000,NULL,NULL
55,265,-1,2,0.0,00:01:44.0120000,NULL,NULL
55,266,-1,13,0.0,00:01:21.2060000,NULL,NULL
55,267,-1,5,0.0,00:02:22.2020000,NULL,NULL
55,268,-1,1,0.0,00:01:23.8440000,NULL,NULL
55,269,-1,5,0.0,00:01:21.5170000,NULL,NULL
55,270,10,16,0.0,00:01:25.1820000,NULL,NULL
55,271,3,7,4.0,00:01:37.9070000,NULL,NULL
55,272,6,8,1.0,00:01:17.8010000,NULL,NULL
56,125,-1,20,0.0,00:01:39.1210000,NULL,NULL
56,140,9,14,0.0,00:01:33.9150000,NULL,NULL
56,158,-1,7,0.0,00:01:31.5140000,NULL,NULL
56,160,7,7,0.0,00:01:25.9290000,NULL,NULL
56,161,13,9,0.0,00:01:26.8180000,NULL,NULL
56,173,8,7,0.0,00:01:36.8990000,NULL,NULL
56,175,1,6,10.0,00:01:32.2890000,NULL,NULL
56,176,5,6,2.0,00:01:17.8430000,NULL,NULL
56,177,-1,4,0.0,00:01:26.9930000,NULL,NULL
56,191,4,8,3.0,00:01:31.7670000,NULL,NULL
56,192,8,6,0.0,00:01:18.4490000,NULL,NULL
56,193,3,4,4.0,00:01:26.7800000,NULL,NULL
56,199,3,5,4.0,00:01:24.4360000,NULL,NULL
56,200,4,8,3.0,00:01:31.6510000,NULL,NULL
56,201,8,6,0.0,00:01:43.2700000,NULL,NULL
56,203,-1,5,0.0,00:01:50.1890000,NULL,NULL
56,207,-1,5,0.0,00:01:31.8810000,NULL,NULL
56,208,16,14,0.0,00:01:17.5270000,NULL,NULL
56,209,2,7,6.0,00:01:26.3270000,NULL,NULL
56,210,3,9,4.0,00:01:24.8620000,NULL,NULL
56,211,3,15,4.0,00:01:19.7230000,NULL,NULL
56,212,12,11,0.0,00:01:18.8730000,NULL,NULL
56,213,-1,12,0.0,00:01:19.5030000,NULL,NULL
56,214,3,5,4.0,00:01:14.8600000,NULL,NULL
56,215,-1,7,0.0,00:01:22.3420000,NULL,NULL
56,216,-1,10,0.0,00:01:43.2090000,NULL,NULL
56,224,3,3,4.0,00:01:32.8890000,NULL,NULL
56,225,7,10,0.0,00:01:19.9510000,NULL,NULL
56,226,5,10,2.0,00:01:32.0580000,NULL,NULL
56,227,-1,7,0.0,00:01:20.9310000,NULL,NULL
56,228,4,6,3.0,00:01:28.2050000,NULL,NULL
56,229,7,7,0.0,00:01:21.5420000,NULL,NULL
56,230,-1,6,0.0,00:01:22.3330000,NULL,NULL
56,240,-1,8,0.0,00:01:21.7490000,NULL,NULL
56,241,-1,4,0.0,00:01:54.3810000,NULL,NULL
56,242,8,7,0.0,00:01:28.5160000,NULL,NULL
56,243,5,6,2.0,00:01:23.3520000,NULL,NULL
56,244,-1,9,0.0,00:01:24.8570000,NULL,NULL
56,245,3,8,4.0,00:01:29.0210000,NULL,NULL
56,246,9,11,0.0,00:01:19.8450000,NULL,NULL
56,247,-1,7,0.0,00:01:30.0830000,NULL,NULL
56,248,9,6,0.0,00:01:45.8460000,NULL,NULL
56,249,-1,7,0.0,00:01:19.4990000,NULL,NULL
56,250,-1,7,0.0,00:01:57.0010000,NULL,NULL
56,251,-1,12,0.0,00:01:27.2710000,NULL,NULL
56,252,10,10,0.0,00:01:22.8310000,NULL,NULL
56,253,6,5,1.0,00:01:20.4880000,NULL,NULL
56,254,11,6,0.0,00:01:15.3540000,NULL,NULL
56,255,4,7,3.0,00:01:39.6210000,NULL,NULL
56,256,-1,9,0.0,NULL,NULL,NULL
56,257,-1,16,0.0,00:01:18.7510000,NULL,NULL
56,261,6,13,1.0,00:01:24.9300000,NULL,NULL
56,262,-1,8,0.0,00:01:27.7800000,NULL,NULL
56,263,-1,6,0.0,00:01:17.4410000,NULL,NULL
56,264,-1,12,0.0,00:01:27.0650000,NULL,NULL
56,265,-1,10,0.0,00:01:45.9110000,NULL,NULL
56,266,-1,7,0.0,00:01:20.6980000,NULL,NULL
56,267,13,4,0.0,00:02:22.0740000,NULL,NULL
56,268,-1,9,0.0,00:01:25.5680000,NULL,NULL
56,269,7,13,0.0,00:01:22.2940000,NULL,NULL
56,270,4,10,3.0,00:01:24.1570000,NULL,NULL
56,271,5,6,2.0,00:01:37.8800000,NULL,NULL
56,272,-1,6,0.0,00:01:17.6670000,NULL,NULL
57,158,-1,1,0.0,00:01:30.5560000,NULL,NULL
57,160,2,1,6.0,00:01:24.7140000,NULL,NULL
57,161,2,3,6.0,00:01:25.7410000,NULL,NULL
57,173,2,2,6.0,00:01:35.8340000,NULL,NULL
57,175,-1,1,0.0,00:01:30.4620000,NULL,NULL
57,176,1,1,10.0,00:01:16.5680000,NULL,NULL
57,177,-1,1,0.0,00:01:26.3620000,NULL,NULL
57,191,1,1,10.0,00:01:30.0100000,NULL,NULL
57,192,1,1,10.0,00:01:17.0920000,NULL,NULL
57,193,2,3,6.0,00:01:26.6320000,NULL,NULL
57,199,2,1,6.0,00:01:23.2710000,NULL,NULL
57,200,1,3,10.0,00:01:30.5170000,NULL,NULL
57,201,1,1,10.0,00:01:41.8380000,NULL,NULL
57,203,-1,1,0.0,00:01:48.6820000,NULL,NULL
57,207,3,6,4.0,00:01:31.9710000,NULL,NULL
57,208,4,4,3.0,00:01:16.6920000,NULL,NULL
57,209,5,17,2.0,00:01:28.1350000,NULL,NULL
57,210,6,8,1.0,00:01:24.8120000,NULL,NULL
57,211,-1,8,0.0,00:01:19.1190000,NULL,NULL
57,212,7,5,0.0,00:01:17.7370000,NULL,NULL
57,213,-1,9,0.0,00:01:18.9160000,NULL,NULL
57,214,-1,10,0.0,00:01:15.3390000,NULL,NULL
57,215,-1,3,0.0,00:01:21.7970000,NULL,NULL
57,216,3,3,4.0,00:01:42.0340000,NULL,NULL
57,224,5,5,2.0,00:01:34.0540000,NULL,NULL
57,225,4,7,3.0,00:01:19.6070000,NULL,NULL
57,226,-1,8,0.0,00:01:31.8010000,NULL,NULL
57,227,8,9,0.0,00:01:21.0780000,NULL,NULL
57,228,8,11,0.0,00:01:29.0790000,NULL,NULL
57,229,6,8,1.0,00:01:21.6880000,NULL,NULL
57,230,5,10,2.0,00:01:23.0700000,NULL,NULL
57,240,4,7,3.0,00:01:21.3990000,NULL,NULL
57,241,-1,5,0.0,00:01:54.5290000,NULL,NULL
57,242,5,6,2.0,00:01:28.3430000,NULL,NULL
57,243,-1,9,0.0,00:01:23.8330000,NULL,NULL
57,244,-1,6,0.0,00:01:23.8570000,NULL,NULL
57,245,-1,7,0.0,00:01:28.9100000,NULL,NULL
57,246,7,8,0.0,00:01:19.2380000,NULL,NULL
57,247,-1,8,0.0,00:01:30.1400000,NULL,NULL
57,248,-1,7,0.0,00:01:45.8490000,NULL,NULL
57,249,-1,5,0.0,00:01:18.3630000,NULL,NULL
57,250,-1,3,0.0,00:01:55.4350000,NULL,NULL
57,251,2,7,6.0,00:01:25.9200000,NULL,NULL
57,252,-1,13,0.0,00:01:23.0640000,NULL,NULL
57,253,8,9,0.0,00:01:20.8660000,NULL,NULL
57,255,2,3,6.0,00:01:38.9540000,NULL,NULL
57,256,-1,24,0.0,NULL,NULL,NULL
57,257,-1,8,0.0,00:01:18.1220000,NULL,NULL
57,258,-1,4,0.0,00:01:11.6830000,NULL,NULL
57,259,3,8,4.0,00:01:23.1400000,NULL,NULL
57,261,-1,3,0.0,00:01:22.6600000,NULL,NULL
57,262,-1,7,0.0,00:01:27.6160000,NULL,NULL
57,263,-1,9,0.0,00:01:17.7680000,NULL,NULL
57,264,3,5,4.0,00:01:26.2680000,NULL,NULL
57,265,-1,8,0.0,00:01:45.4870000,NULL,NULL
57,267,2,8,6.0,00:02:22.4410000,NULL,NULL
57,268,3,7,4.0,00:01:25.5280000,NULL,NULL
57,269,3,4,4.0,00:01:21.2510000,NULL,NULL
57,270,3,9,4.0,00:01:24.1220000,NULL,NULL
57,271,7,8,0.0,00:01:37.9980000,NULL,NULL
57,272,12,4,0.0,00:01:16.9920000,NULL,NULL
58,214,-1,22,0.0,00:01:18.2800000,NULL,NULL
58,215,10,21,0.0,00:01:25.1540000,NULL,NULL
58,216,-1,21,0.0,00:01:45.9420000,NULL,NULL
58,225,-1,21,0.0,NULL,NULL,NULL
58,226,-1,14,0.0,00:01:32.5020000,NULL,NULL
59,125,-1,16,0.0,00:01:38.2840000,NULL,NULL
62,125,-1,22,0.0,00:01:40.1580000,NULL,NULL
62,140,-1,20,0.0,00:01:36.2670000,NULL,NULL
63,125,12,10,0.0,00:01:37.6940000,NULL,NULL
63,140,8,13,0.0,00:01:33.7420000,NULL,NULL
63,158,-1,10,0.0,00:01:32.0180000,NULL,NULL
63,160,6,12,1.0,00:01:26.3360000,NULL,NULL
63,161,8,18,0.0,00:01:28.1100000,NULL,NULL
63,173,10,19,0.0,00:01:38.4900000,NULL,NULL
63,177,7,19,0.0,00:01:29.4510000,NULL,NULL
63,191,-1,16,0.0,00:01:33.9270000,NULL,NULL
63,192,-1,20,0.0,00:01:20.4810000,NULL,NULL
63,193,-1,17,0.0,00:01:29.6170000,NULL,NULL
63,199,-1,13,0.0,00:01:26.4870000,NULL,NULL
63,200,-1,6,0.0,00:01:31.0280000,NULL,NULL
63,201,14,17,0.0,00:01:45.2760000,NULL,NULL
63,203,-1,18,0.0,00:01:53.2070000,NULL,NULL
63,207,-1,18,0.0,00:01:34.2290000,NULL,NULL
63,208,13,22,0.0,00:01:19.2740000,NULL,NULL
63,209,8,19,0.0,00:01:28.2240000,NULL,NULL
63,210,9,19,0.0,00:01:26.8520000,NULL,NULL
63,211,5,14,2.0,00:01:19.6940000,NULL,NULL
63,212,-1,14,0.0,00:01:20.0790000,NULL,NULL
63,213,-1,17,0.0,00:01:20.3360000,NULL,NULL
63,214,-1,19,0.0,00:01:17.2560000,NULL,NULL
63,215,-1,18,0.0,00:01:24.4780000,NULL,NULL
63,216,-1,19,0.0,00:01:45.3720000,NULL,NULL
63,224,6,10,1.0,00:01:34.8320000,NULL,NULL
63,225,5,11,2.0,00:01:20.0000000,NULL,NULL
63,226,-1,16,0.0,00:01:32.9030000,NULL,NULL
63,227,-1,14,0.0,00:01:21.4580000,NULL,NULL
63,228,-1,8,0.0,00:01:28.4230000,NULL,NULL
63,229,5,11,2.0,00:01:22.2350000,NULL,NULL
63,230,-1,12,0.0,00:01:23.2240000,NULL,NULL
63,240,7,12,0.0,00:01:22.4160000,NULL,NULL
63,241,-1,7,0.0,00:01:54.7570000,NULL,NULL
63,242,-1,13,0.0,00:01:31.0350000,NULL,NULL
63,243,10,13,0.0,00:01:24.9710000,NULL,NULL
63,244,-1,17,0.0,00:01:26.4730000,NULL,NULL
63,245,7,15,0.0,00:01:30.6570000,NULL,NULL
63,246,15,14,0.0,00:01:20.7960000,NULL,NULL
63,247,8,23,0.0,00:01:48.6390000,NULL,NULL
63,248,-1,13,0.0,00:01:47.5070000,NULL,NULL
63,249,-1,16,0.0,00:01:21.6240000,NULL,NULL
63,250,8,11,0.0,00:01:58.2240000,NULL,NULL
63,251,5,16,2.0,00:01:29.0280000,NULL,NULL
63,252,13,15,0.0,00:01:23.9360000,NULL,NULL
63,253,10,15,0.0,00:01:23.0580000,NULL,NULL
63,254,12,18,0.0,00:01:17.2130000,NULL,NULL
63,255,6,12,1.0,00:01:41.3550000,NULL,NULL
63,256,5,14,2.0,NULL,NULL,NULL
63,271,10,25,0.0,00:01:41.8050000,NULL,NULL
63,272,-1,22,0.0,00:01:19.8440000,NULL,NULL
64,158,-1,19,0.0,00:01:33.3780000,NULL,NULL
64,160,8,10,0.0,00:01:26.2380000,NULL,NULL
64,161,11,13,0.0,00:01:27.3010000,NULL,NULL
64,173,11,20,0.0,00:01:38.5760000,NULL,NULL
64,175,-1,14,0.0,00:01:33.3740000,NULL,NULL
64,176,-1,15,0.0,00:01:19.1940000,NULL,NULL
64,177,-1,15,0.0,00:01:28.5990000,NULL,NULL
64,191,-1,20,0.0,00:01:35.1400000,NULL,NULL
64,192,-1,22,0.0,00:01:20.8470000,NULL,NULL
64,193,-1,18,0.0,00:01:29.6170000,NULL,NULL
64,199,-1,12,0.0,00:01:26.3760000,NULL,NULL
64,200,-1,13,0.0,00:01:32.2060000,NULL,NULL
64,201,-1,18,0.0,00:01:45.5880000,NULL,NULL
64,203,5,16,2.0,00:01:53.0370000,NULL,NULL
64,207,10,22,0.0,00:01:35.9720000,NULL,NULL
64,208,-1,16,0.0,00:01:18.0950000,NULL,NULL
64,209,-1,22,0.0,00:01:28.6960000,NULL,NULL
64,210,-1,17,0.0,00:01:26.2530000,NULL,NULL
64,211,-1,16,0.0,00:01:19.8600000,NULL,NULL
64,212,-1,21,0.0,00:01:21.0290000,NULL,NULL
64,213,8,16,0.0,00:01:20.1750000,NULL,NULL
64,214,-1,16,0.0,00:01:16.5360000,NULL,NULL
64,215,-1,17,0.0,00:01:24.2390000,NULL,NULL
64,216,-1,16,0.0,00:01:44.0690000,NULL,NULL
64,224,10,20,0.0,00:01:36.2980000,NULL,NULL
64,225,8,22,0.0,NULL,NULL,NULL
64,226,-1,18,0.0,00:01:33.4240000,NULL,NULL
64,227,10,17,0.0,00:01:22.7330000,NULL,NULL
64,228,7,17,0.0,00:01:29.9890000,NULL,NULL
64,229,-1,17,0.0,00:01:22.6820000,NULL,NULL
64,230,6,17,1.0,00:01:24.4680000,NULL,NULL
64,240,10,25,0.0,00:01:27.7920000,NULL,NULL
64,241,-1,25,0.0,00:02:05.9320000,NULL,NULL
64,242,-1,26,0.0,00:01:36.6240000,NULL,NULL
64,243,-1,26,0.0,00:01:29.5400000,NULL,NULL
64,244,10,22,0.0,00:01:29.2440000,NULL,NULL
64,245,-1,24,0.0,00:01:34.9820000,NULL,NULL
64,246,-1,23,0.0,00:01:24.1840000,NULL,NULL
64,247,-1,20,0.0,00:01:36.0230000,NULL,NULL
64,248,-1,21,0.0,00:01:52.9610000,NULL,NULL
64,249,-1,23,0.0,00:01:24.6950000,NULL,NULL
64,250,13,24,0.0,00:02:09.5370000,NULL,NULL
64,251,9,23,0.0,00:01:32.1020000,NULL,NULL
64,252,16,22,0.0,00:01:27.2920000,NULL,NULL
64,253,13,22,0.0,00:01:25.1570000,NULL,NULL
64,254,17,21,0.0,00:01:19.5790000,NULL,NULL
64,255,-1,20,0.0,00:01:46.6540000,NULL,NULL
64,256,7,21,0.0,NULL,NULL,NULL
65,158,-1,20,0.0,00:01:33.6380000,NULL,NULL
65,160,10,17,0.0,00:01:27.0510000,NULL,NULL
65,161,12,14,0.0,00:01:27.4610000,NULL,NULL
65,173,7,10,0.0,00:01:37.3290000,NULL,NULL
65,175,-1,13,0.0,00:01:32.9910000,NULL,NULL
65,176,-1,10,0.0,00:01:18.3740000,NULL,NULL
65,177,10,12,0.0,00:01:28.2460000,NULL,NULL
65,191,6,5,1.0,00:01:31.3840000,NULL,NULL
65,192,11,14,0.0,00:01:19.3750000,NULL,NULL
65,193,-1,12,0.0,00:01:28.0160000,NULL,NULL
65,199,-1,9,0.0,00:01:25.0840000,NULL,NULL
65,200,8,18,0.0,00:01:33.2050000,NULL,NULL
65,201,-1,12,0.0,00:01:44.5990000,NULL,NULL
65,203,-1,12,0.0,00:01:51.8510000,NULL,NULL
65,207,-1,7,0.0,00:01:32.2870000,NULL,NULL
65,208,7,13,0.0,00:01:17.4090000,NULL,NULL
65,209,4,8,3.0,00:01:26.5640000,NULL,NULL
65,210,-1,7,0.0,00:01:24.7230000,NULL,NULL
65,211,-1,7,0.0,00:01:19.1050000,NULL,NULL
65,212,5,10,2.0,00:01:18.4940000,NULL,NULL
65,213,5,13,2.0,00:01:19.6220000,NULL,NULL
65,214,8,14,0.0,00:01:16.0180000,NULL,NULL
65,215,-1,9,0.0,00:01:22.3680000,NULL,NULL
65,216,-1,14,0.0,00:01:43.6600000,NULL,NULL
65,224,-1,14,0.0,00:01:35.4530000,NULL,NULL
65,225,-1,12,0.0,00:01:20.1440000,NULL,NULL
65,226,9,17,0.0,00:01:33.2560000,NULL,NULL
65,227,7,12,0.0,00:01:21.2100000,NULL,NULL
65,228,-1,15,0.0,00:01:29.5410000,NULL,NULL
65,229,3,13,4.0,00:01:22.3460000,NULL,NULL
65,230,-1,9,0.0,00:01:23.0270000,NULL,NULL
65,240,-1,4,0.0,00:01:20.8880000,NULL,NULL
65,241,4,11,3.0,00:01:57.0680000,NULL,NULL
65,242,7,8,0.0,00:01:29.3500000,NULL,NULL
65,243,2,7,6.0,00:01:23.5360000,NULL,NULL
65,244,4,7,3.0,00:01:23.8850000,NULL,NULL
65,245,-1,6,0.0,00:01:28.4980000,NULL,NULL
65,246,-1,10,0.0,00:01:19.5550000,NULL,NULL
65,247,1,5,10.0,00:01:29.8670000,NULL,NULL
65,248,4,9,3.0,00:01:46.3150000,NULL,NULL
65,249,4,9,3.0,00:01:20.0720000,NULL,NULL
65,250,7,4,0.0,00:01:56.0850000,NULL,NULL
65,251,1,8,10.0,00:01:26.4330000,NULL,NULL
65,252,7,6,0.0,00:01:22.3220000,NULL,NULL
65,253,5,7,2.0,00:01:20.6530000,NULL,NULL
65,254,6,7,1.0,00:01:15.5560000,NULL,NULL
65,255,3,9,4.0,00:01:40.3490000,NULL,NULL
65,256,-1,8,0.0,NULL,NULL,NULL
65,257,7,21,0.0,00:01:19.4830000,NULL,NULL
65,258,7,23,0.0,00:01:14.4240000,NULL,NULL
65,259,10,20,0.0,00:01:25.1140000,NULL,NULL
65,261,-1,22,0.0,00:01:26.3970000,NULL,NULL
65,262,8,17,0.0,00:01:28.8890000,NULL,NULL
65,263,7,19,0.0,00:01:18.7150000,NULL,NULL
65,264,11,21,0.0,00:01:28.3400000,NULL,NULL
65,265,-1,15,0.0,00:01:46.6300000,NULL,NULL
65,266,-1,24,0.0,00:01:22.7050000,NULL,NULL
65,267,12,20,0.0,00:02:27.1550000,NULL,NULL
65,268,-1,4,0.0,00:01:24.3740000,NULL,NULL
65,269,11,20,0.0,00:01:23.4080000,NULL,NULL
65,270,8,7,0.0,00:01:24.0400000,NULL,NULL
65,271,-1,5,0.0,00:01:37.8280000,NULL,NULL
65,272,-1,7,0.0,00:01:17.7270000,NULL,NULL
66,125,7,19,0.0,00:01:38.9590000,NULL,NULL
66,140,-1,18,0.0,00:01:35.1910000,NULL,NULL
67,1,7,13,2.0,00:01:26.5030000,NULL,NULL
67,2,16,20,0.0,00:01:36.1070000,NULL,NULL
67,3,8,10,1.0,00:01:36.2840000,00:01:35.9650000,00:01:39.3210000
67,4,17,16,0.0,00:01:33.7530000,NULL,NULL
67,5,-1,15,0.0,00:01:21.0330000,00:01:21.0670000,NULL
67,6,-1,11,0.0,00:01:15.8340000,00:01:15.8330000,NULL
67,7,15,18,0.0,00:01:28.7080000,NULL,NULL
67,8,18,19,0.0,00:01:20.2360000,NULL,NULL
67,9,16,17,0.0,00:01:32.2510000,NULL,NULL
67,10,16,10,0.0,00:01:21.5710000,00:01:21.0020000,NULL
67,11,-1,15,0.0,00:01:38.9120000,00:01:39.5140000,NULL
67,12,12,16,0.0,00:01:45.9510000,NULL,NULL
67,13,13,19,0.0,00:01:24.2200000,NULL,NULL
67,14,-1,13,0.0,00:01:47.6770000,00:01:47.3690000,NULL
67,15,-1,13,0.0,00:01:31.1960000,00:01:31.1030000,NULL
67,16,7,6,2.0,00:01:24.5910000,00:01:20.7010000,00:01:20.2500000
67,17,8,10,1.0,00:01:40.9080000,00:01:40.4300000,00:01:42.7130000
67,337,16,15,0.0,00:01:56.1890000,00:01:56.2650000,NULL
67,338,-1,12,0.0,00:01:26.0610000,00:01:25.6380000,NULL
67,339,11,13,0.0,00:01:48.9450000,00:01:49.2070000,NULL
67,340,-1,13,0.0,00:01:36.7930000,00:01:36.1490000,NULL
67,341,-1,14,0.0,00:01:22.6990000,00:01:22.1910000,NULL
67,342,10,13,1.0,00:01:15.9610000,00:01:15.4130000,NULL
67,343,16,14,0.0,00:01:28.5340000,00:01:28.2730000,NULL
67,344,8,15,4.0,00:01:17.3560000,00:01:16.9280000,NULL
67,345,9,11,2.0,00:01:39.0960000,00:01:38.5860000,NULL
67,346,12,16,0.0,00:01:31.9010000,00:01:32.0120000,NULL
67,347,-1,16,0.0,00:01:16.0290000,00:01:15.9740000,NULL
67,348,12,15,0.0,00:01:21.9820000,00:01:21.8970000,NULL
67,349,12,16,0.0,00:02:00.3860000,00:01:49.2090000,NULL
67,350,11,14,0.0,00:01:23.7440000,00:01:23.6810000,NULL
67,351,14,13,0.0,00:01:49.0630000,00:01:48.5020000,NULL
67,352,10,18,1.0,00:01:33.5680000,NULL,NULL
67,353,-1,16,0.0,00:01:38.6210000,00:01:38.5940000,NULL
67,354,13,19,0.0,00:01:20.0960000,00:01:19.8470000,NULL
67,355,15,18,0.0,00:01:41.8240000,NULL,NULL
67,841,8,10,4.0,00:01:26.2320000,00:01:25.8820000,00:01:27.0660000
67,842,13,12,0.0,00:01:37.6930000,00:01:37.1600000,NULL
67,843,14,9,0.0,00:01:36.1100000,00:01:35.5000000,00:01:36.2030000
67,844,9,16,2.0,00:01:27.6200000,00:01:27.2550000,NULL
67,845,14,11,0.0,00:01:23.9620000,00:01:23.2310000,NULL
67,846,10,16,1.0,00:01:16.3580000,00:01:16.3000000,NULL
67,847,10,15,1.0,00:01:15.9010000,00:01:15.3340000,NULL
67,848,13,17,0.0,00:01:39.6790000,00:01:39.7110000,NULL
67,849,-1,19,0.0,00:01:35.7490000,NULL,NULL
67,850,15,24,0.0,00:01:33.6350000,00:01:33.5460000,NULL
67,851,8,23,4.0,00:01:24.0700000,NULL,NULL
67,852,-1,11,0.0,00:02:04.7440000,00:02:04.6920000,NULL
67,853,10,16,1.0,00:01:25.1640000,00:01:24.9320000,NULL
67,854,12,14,0.0,00:01:48.7530000,00:01:48.6340000,NULL
67,855,-1,15,0.0,00:01:33.0640000,00:01:33.2270000,NULL
67,856,9,13,2.0,00:01:39.3520000,00:01:38.5080000,NULL
67,857,-1,9,0.0,00:01:26.6080000,00:01:26.1610000,NULL
67,858,-1,13,0.0,00:01:41.7370000,00:01:41.0090000,NULL
67,859,12,14,0.0,00:01:14.5000000,00:01:13.9190000,NULL
68,175,7,17,0.0,00:01:34.1820000,NULL,NULL
68,176,8,19,0.0,00:01:20.0960000,NULL,NULL
68,177,-1,20,0.0,00:01:29.6560000,NULL,NULL
68,191,-1,13,0.0,00:01:33.2910000,NULL,NULL
68,192,-1,17,0.0,00:01:20.2030000,NULL,NULL
68,193,12,13,0.0,00:01:28.8110000,NULL,NULL
68,199,9,17,0.0,00:01:27.0610000,NULL,NULL
68,200,-1,20,0.0,00:01:34.0900000,NULL,NULL
68,201,13,15,0.0,00:01:44.9610000,NULL,NULL
68,203,-1,19,0.0,00:01:53.2370000,NULL,NULL
69,11,17,20,0.0,00:01:41.4130000,NULL,NULL
69,12,14,20,0.0,00:01:46.9570000,NULL,NULL
69,175,-1,21,0.0,00:01:35.3160000,NULL,NULL
69,177,8,22,0.0,00:01:30.9450000,NULL,NULL
69,225,11,19,0.0,00:01:23.1740000,NULL,NULL
69,226,-1,21,0.0,00:01:34.8300000,NULL,NULL
69,228,10,21,0.0,00:01:32.0370000,NULL,NULL
69,229,-1,21,0.0,00:01:25.0590000,NULL,NULL
69,240,-1,18,0.0,00:01:24.4430000,NULL,NULL
69,241,-1,13,0.0,00:01:57.1670000,NULL,NULL
69,242,14,20,0.0,00:01:33.0710000,NULL,NULL
69,243,-1,21,0.0,00:01:27.3450000,NULL,NULL
69,244,-1,16,0.0,00:01:25.9690000,NULL,NULL
69,245,8,19,0.0,00:01:31.8530000,NULL,NULL
69,246,13,17,0.0,00:01:21.3230000,NULL,NULL
69,247,10,18,0.0,00:01:34.5560000,NULL,NULL
69,248,-1,16,0.0,00:01:49.3020000,NULL,NULL
69,249,8,12,0.0,00:01:20.5430000,NULL,NULL
69,250,-1,19,0.0,00:02:01.0130000,NULL,NULL
69,251,-1,18,0.0,00:01:29.5590000,NULL,NULL
69,252,14,18,0.0,00:01:24.7780000,NULL,NULL
69,253,11,18,0.0,00:01:23.7600000,NULL,NULL
69,254,15,16,0.0,00:01:16.8870000,NULL,NULL
69,255,9,17,0.0,00:01:43.5420000,NULL,NULL
69,256,-1,15,0.0,NULL,NULL,NULL
70,175,-1,15,0.0,00:01:33.5490000,NULL,NULL
70,176,-1,16,0.0,00:01:19.4520000,NULL,NULL
70,177,11,10,0.0,00:01:28.1420000,NULL,NULL
70,261,9,23,0.0,00:01:27.6850000,NULL,NULL
70,262,15,23,0.0,00:01:30.1600000,NULL,NULL
70,263,-1,23,0.0,00:01:19.0660000,NULL,NULL
70,264,-1,19,0.0,00:01:28.2250000,NULL,NULL
70,265,-1,21,0.0,00:01:47.4250000,NULL,NULL
70,266,13,22,0.0,00:01:22.5130000,NULL,NULL
70,268,-1,13,0.0,00:01:25.7330000,NULL,NULL
70,270,16,21,0.0,00:01:25.5570000,NULL,NULL
70,271,13,17,0.0,00:01:39.7210000,NULL,NULL
70,272,-1,14,0.0,00:01:18.3310000,NULL,NULL
71,175,-1,9,0.0,00:01:32.6950000,NULL,NULL
71,176,-1,7,0.0,00:01:17.8840000,NULL,NULL
71,177,4,8,3.0,00:01:27.7080000,NULL,NULL
71,191,8,10,0.0,00:01:32.3990000,NULL,NULL
71,192,-1,11,0.0,00:01:18.9880000,NULL,NULL
71,193,8,9,0.0,00:01:27.4830000,NULL,NULL
71,199,-1,7,0.0,00:01:24.5420000,NULL,NULL
71,200,7,15,0.0,00:01:32.7180000,NULL,NULL
71,201,4,5,3.0,00:01:43.1830000,NULL,NULL
71,203,1,3,10.0,00:01:49.7280000,NULL,NULL
71,207,-1,20,0.0,00:01:34.8060000,NULL,NULL
71,208,17,9,0.0,00:01:17.0900000,NULL,NULL
71,209,-1,13,0.0,00:01:27.2810000,NULL,NULL
71,210,-1,15,0.0,00:01:25.7430000,NULL,NULL
71,211,-1,13,0.0,00:01:19.6740000,NULL,NULL
71,212,-1,15,0.0,00:01:20.0890000,NULL,NULL
71,213,9,15,0.0,00:01:20.1290000,NULL,NULL
71,214,12,17,0.0,00:01:16.7290000,NULL,NULL
71,215,6,12,1.0,00:01:23.2710000,NULL,NULL
71,216,8,13,0.0,00:01:43.3610000,NULL,NULL
71,224,1,2,10.0,00:01:32.5090000,NULL,NULL
71,225,1,1,10.0,00:01:18.1110000,NULL,NULL
71,226,1,1,10.0,00:01:30.3460000,NULL,NULL
71,227,4,1,3.0,00:01:18.9410000,NULL,NULL
71,228,1,2,10.0,00:01:27.1050000,NULL,NULL
71,229,-1,2,0.0,00:01:20.8660000,NULL,NULL
71,230,-1,1,0.0,00:01:20.6500000,NULL,NULL
71,240,-1,1,0.0,00:01:20.0810000,NULL,NULL
71,241,1,2,10.0,00:01:54.0570000,NULL,NULL
71,242,1,4,10.0,00:01:27.5120000,NULL,NULL
71,243,4,5,3.0,00:01:22.3490000,NULL,NULL
71,244,2,1,6.0,00:01:21.9520000,NULL,NULL
71,245,-1,2,0.0,00:01:28.0390000,NULL,NULL
71,246,2,1,6.0,00:01:17.2250000,NULL,NULL
71,247,-1,1,0.0,00:01:28.1240000,NULL,NULL
71,248,-1,1,0.0,00:01:44.3850000,NULL,NULL
71,249,1,1,10.0,00:01:16.9820000,NULL,NULL
71,250,2,8,6.0,00:01:57.7680000,NULL,NULL
71,251,-1,4,0.0,00:01:25.6990000,NULL,NULL
71,252,3,2,4.0,00:01:20.9050000,NULL,NULL
71,253,-1,2,0.0,00:01:18.9720000,NULL,NULL
71,254,3,2,4.0,00:01:14.2130000,NULL,NULL
71,255,-1,4,0.0,00:01:39.0320000,NULL,NULL
71,256,1,1,10.0,NULL,NULL,NULL
71,257,2,4,6.0,00:01:17.5540000,NULL,NULL
71,258,-1,3,0.0,00:01:10.7710000,NULL,NULL
71,259,6,4,1.0,00:01:22.1680000,NULL,NULL
71,261,1,2,10.0,00:01:22.5590000,NULL,NULL
71,262,2,4,6.0,00:01:27.0940000,NULL,NULL
71,263,2,1,6.0,00:01:16.2820000,NULL,NULL
71,264,1,1,10.0,00:01:24.9600000,NULL,NULL
71,265,8,3,0.0,00:01:44.0260000,NULL,NULL
71,266,2,2,6.0,00:01:18.8240000,NULL,NULL
71,267,1,3,10.0,00:02:21.6810000,NULL,NULL
71,268,1,3,10.0,00:01:24.1580000,NULL,NULL
71,269,1,2,10.0,00:01:20.7660000,NULL,NULL
71,270,2,2,6.0,00:01:22.8920000,NULL,NULL
71,271,1,2,10.0,00:01:37.6960000,NULL,NULL
71,272,-1,3,0.0,00:01:16.8300000,NULL,NULL
72,176,-1,18,0.0,00:01:20.0160000,NULL,NULL
73,191,-1,19,0.0,00:01:35.1190000,NULL,NULL
73,192,-1,21,0.0,00:01:20.7480000,NULL,NULL
73,193,14,21,0.0,00:01:30.4370000,NULL,NULL
73,199,-1,20,0.0,00:01:28.6080000,NULL,NULL
73,200,12,22,0.0,00:01:34.9100000,NULL,NULL
73,203,-1,20,0.0,00:01:54.8500000,NULL,NULL
73,224,9,18,0.0,00:01:36.1980000,NULL,NULL
73,225,-1,17,0.0,00:01:20.4400000,NULL,NULL
73,226,-1,20,0.0,00:01:33.7520000,NULL,NULL
73,227,11,20,0.0,00:01:23.6200000,NULL,NULL
73,228,-1,20,0.0,00:01:31.3160000,NULL,NULL
73,229,-1,20,0.0,00:01:24.9760000,NULL,NULL
73,230,-1,20,0.0,00:01:25.6210000,NULL,NULL
75,191,-1,22,0.0,00:01:35.3010000,NULL,NULL
75,192,-1,18,0.0,00:01:20.3900000,NULL,NULL
75,193,13,19,0.0,00:01:30.0540000,NULL,NULL
75,199,8,19,0.0,00:01:28.1230000,NULL,NULL
75,200,11,21,0.0,00:01:34.5360000,NULL,NULL
75,201,-1,20,0.0,00:01:46.7130000,NULL,NULL
75,203,8,21,0.0,00:01:55.0840000,NULL,NULL
75,207,7,16,0.0,00:01:33.9890000,NULL,NULL
75,208,14,15,0.0,00:01:17.9990000,NULL,NULL
75,209,-1,20,0.0,00:01:28.3660000,NULL,NULL
75,210,-1,18,0.0,00:01:26.7120000,NULL,NULL
75,211,-1,21,0.0,00:01:20.9610000,NULL,NULL
75,212,-1,16,0.0,00:01:20.1030000,NULL,NULL
75,213,6,19,1.0,00:01:20.3700000,NULL,NULL
75,214,-1,12,0.0,00:01:15.8760000,NULL,NULL
75,215,11,15,0.0,00:01:23.8870000,NULL,NULL
75,216,7,17,0.0,00:01:44.1120000,NULL,NULL
76,191,-1,18,0.0,00:01:34.9060000,NULL,NULL
76,192,10,16,0.0,00:01:19.6440000,NULL,NULL
76,193,-1,22,0.0,00:01:31.1780000,NULL,NULL
76,207,-1,19,0.0,00:01:34.6230000,NULL,NULL
76,208,-1,20,0.0,00:01:18.7730000,NULL,NULL
76,209,10,15,0.0,00:01:28.0350000,NULL,NULL
76,210,-1,16,0.0,00:01:26.1920000,NULL,NULL
76,211,7,19,0.0,00:01:20.5160000,NULL,NULL
76,212,13,22,0.0,00:01:21.0600000,NULL,NULL
76,213,-1,21,0.0,00:01:20.4910000,NULL,NULL
76,214,-1,15,0.0,00:01:16.1490000,NULL,NULL
76,215,-1,16,0.0,00:01:24.0670000,NULL,NULL
76,216,-1,15,0.0,00:01:43.9270000,NULL,NULL
76,254,10,12,0.0,00:01:16.3390000,NULL,NULL
77,207,4,10,3.0,00:01:32.8700000,NULL,NULL
77,208,2,3,6.0,00:01:16.6440000,NULL,NULL
77,209,6,12,1.0,00:01:27.2590000,NULL,NULL
77,210,-1,11,0.0,00:01:25.3710000,NULL,NULL
77,211,9,17,0.0,00:01:20.1990000,NULL,NULL
77,212,10,6,0.0,00:01:18.0410000,NULL,NULL
77,216,1,1,10.0,00:01:41.8730000,NULL,NULL
77,224,4,7,3.0,00:01:34.3440000,NULL,NULL
77,225,-1,8,0.0,00:01:19.7620000,NULL,NULL
77,226,-1,5,0.0,00:01:31.2620000,NULL,NULL
77,227,9,8,0.0,00:01:21.0540000,NULL,NULL
77,228,3,7,4.0,00:01:28.3360000,NULL,NULL
77,229,-1,4,0.0,00:01:21.0670000,NULL,NULL
77,230,-1,5,0.0,00:01:22.1250000,NULL,NULL
77,240,3,5,4.0,00:01:20.9060000,NULL,NULL
77,241,6,8,1.0,00:01:55.2760000,NULL,NULL
77,242,3,2,4.0,00:01:27.2820000,NULL,NULL
77,243,3,3,4.0,00:01:22.0710000,NULL,NULL
77,244,3,4,4.0,00:01:23.2200000,NULL,NULL
77,245,11,4,0.0,00:01:28.1890000,NULL,NULL
77,246,12,7,0.0,00:01:19.0510000,NULL,NULL
77,247,-1,4,0.0,00:01:29.6570000,NULL,NULL
77,248,3,4,4.0,00:01:45.5530000,NULL,NULL
77,249,3,4,4.0,00:01:18.0590000,NULL,NULL
77,250,-1,1,0.0,00:01:54.3920000,NULL,NULL
77,251,-1,3,0.0,00:01:25.3530000,NULL,NULL
77,252,4,4,3.0,00:01:21.9700000,NULL,NULL
77,253,-1,4,0.0,00:01:19.8210000,NULL,NULL
77,254,4,5,3.0,00:01:14.9740000,NULL,NULL
77,255,-1,5,0.0,00:01:39.0400000,NULL,NULL
77,256,-1,4,0.0,NULL,NULL,NULL
77,257,-1,17,0.0,00:01:18.8550000,NULL,NULL
77,258,2,5,6.0,00:01:11.7440000,NULL,NULL
77,259,-1,3,0.0,00:01:22.1130000,NULL,NULL
77,261,-1,7,0.0,00:01:23.7150000,NULL,NULL
77,262,4,3,3.0,00:01:27.0590000,NULL,NULL
77,263,3,5,4.0,00:01:16.9590000,NULL,NULL
77,264,-1,3,0.0,00:01:24.9800000,NULL,NULL
77,265,1,1,10.0,00:01:43.5820000,NULL,NULL
77,266,12,4,0.0,00:01:20.2190000,NULL,NULL
77,267,-1,11,0.0,00:02:23.8950000,NULL,NULL
77,268,2,2,6.0,00:01:23.9780000,NULL,NULL
77,269,-1,1,0.0,00:01:20.6080000,NULL,NULL
77,270,5,6,2.0,00:01:23.6770000,NULL,NULL
77,271,-1,11,0.0,00:01:38.5700000,NULL,NULL
77,272,2,11,6.0,00:01:18.0700000,NULL,NULL
78,207,6,13,1.0,00:01:33.3270000,NULL,NULL
78,208,11,19,0.0,00:01:18.6440000,NULL,NULL
78,209,-1,14,0.0,00:01:27.6900000,NULL,NULL
78,210,7,12,0.0,00:01:25.5540000,NULL,NULL
78,211,-1,11,0.0,00:01:19.4680000,NULL,NULL
78,258,-1,7,0.0,00:01:12.3720000,NULL,NULL
78,259,2,6,6.0,00:01:22.8410000,NULL,NULL
79,207,-1,15,0.0,00:01:33.7980000,NULL,NULL
79,208,18,18,0.0,00:01:18.5570000,NULL,NULL
79,209,-1,21,0.0,00:01:28.4130000,NULL,NULL
79,210,11,22,0.0,00:01:28.7270000,NULL,NULL
79,211,10,20,0.0,00:01:20.6060000,NULL,NULL
79,212,-1,20,0.0,00:01:20.6720000,NULL,NULL
79,213,-1,22,0.0,00:01:21.0340000,NULL,NULL
79,214,11,21,0.0,00:01:17.5630000,NULL,NULL
79,215,-1,19,0.0,00:01:24.5530000,NULL,NULL
79,216,-1,22,0.0,00:01:46.4990000,NULL,NULL
79,224,11,15,0.0,00:01:35.7150000,NULL,NULL
79,225,9,16,0.0,00:01:20.4270000,NULL,NULL
79,226,-1,13,0.0,00:01:32.4070000,NULL,NULL
79,227,-1,16,0.0,00:01:21.8120000,NULL,NULL
79,228,-1,16,0.0,00:01:29.8920000,NULL,NULL
79,229,-1,15,0.0,00:01:22.4600000,NULL,NULL
79,230,-1,16,0.0,00:01:24.4010000,NULL,NULL
79,240,-1,11,0.0,00:01:22.3250000,NULL,NULL
79,241,8,15,0.0,00:01:57.4840000,NULL,NULL
79,242,-1,15,0.0,00:01:31.6300000,NULL,NULL
79,243,-1,17,0.0,00:01:25.9460000,NULL,NULL
79,244,-1,15,0.0,00:01:25.8080000,NULL,NULL
79,245,-1,16,0.0,00:01:31.3820000,NULL,NULL
79,246,-1,19,0.0,00:01:21.9300000,NULL,NULL
79,247,-1,14,0.0,00:01:32.0870000,NULL,NULL
79,248,7,17,0.0,00:01:49.4020000,NULL,NULL
79,249,-1,17,0.0,00:01:21.7020000,NULL,NULL
79,250,-1,15,0.0,00:01:58.5510000,NULL,NULL
79,251,10,17,0.0,00:01:29.2870000,NULL,NULL
79,252,-1,16,0.0,00:01:24.2870000,NULL,NULL
79,254,14,17,0.0,00:01:17.0140000,NULL,NULL
79,255,-1,13,0.0,00:01:41.9770000,NULL,NULL
79,256,-1,16,0.0,NULL,NULL,NULL
79,257,5,10,2.0,00:01:18.1940000,NULL,NULL
79,258,-1,14,0.0,00:01:13.0130000,NULL,NULL
79,259,5,9,2.0,00:01:23.3220000,NULL,NULL
79,261,-1,10,0.0,00:01:23.9690000,NULL,NULL
79,262,-1,9,0.0,00:01:27.8270000,NULL,NULL
79,263,-1,14,0.0,00:01:18.1920000,NULL,NULL
79,264,6,8,1.0,00:01:26.4140000,NULL,NULL
79,265,-1,5,0.0,00:01:44.7180000,NULL,NULL
79,266,-1,5,0.0,00:01:20.2320000,NULL,NULL
79,267,-1,23,0.0,00:02:28.9790000,NULL,NULL
79,268,-1,14,0.0,00:01:25.8890000,NULL,NULL
79,269,-1,6,0.0,00:01:21.5900000,NULL,NULL
79,270,7,13,0.0,00:01:24.7380000,NULL,NULL
79,271,-1,14,0.0,00:01:39.4620000,NULL,NULL
79,272,-1,15,0.0,00:01:18.4110000,NULL,NULL
81,212,14,13,0.0,00:01:19.3230000,NULL,NULL
81,213,10,18,0.0,00:01:20.3570000,NULL,NULL
81,240,-1,13,0.0,00:01:22.4680000,NULL,NULL
81,241,-1,12,0.0,00:01:57.0920000,NULL,NULL
81,242,13,11,0.0,00:01:29.5820000,NULL,NULL
81,243,11,14,0.0,00:01:25.0530000,NULL,NULL
81,244,9,13,0.0,00:01:25.4470000,NULL,NULL
81,245,6,13,1.0,00:01:30.1590000,NULL,NULL
81,246,14,16,0.0,00:01:21.0760000,NULL,NULL
81,254,-1,19,0.0,00:01:18.1140000,NULL,NULL
81,255,-1,14,0.0,00:01:42.0590000,NULL,NULL
81,256,3,13,4.0,NULL,NULL,NULL
81,257,-1,6,0.0,00:01:17.8660000,NULL,NULL
81,258,-1,13,0.0,00:01:12.8660000,NULL,NULL
81,259,-1,11,0.0,00:01:23.6630000,NULL,NULL
81,261,-1,15,0.0,00:01:25.0180000,NULL,NULL
81,262,-1,11,0.0,00:01:27.9890000,NULL,NULL
81,263,-1,22,0.0,00:01:18.9360000,NULL,NULL
81,264,-1,16,0.0,00:01:27.8860000,NULL,NULL
81,265,5,16,2.0,00:01:46.8170000,NULL,NULL
81,266,-1,19,0.0,00:01:22.3110000,NULL,NULL
81,267,6,14,1.0,00:02:25.1140000,NULL,NULL
81,268,-1,17,0.0,00:01:26.0020000,NULL,NULL
81,269,9,16,0.0,00:01:22.7560000,NULL,NULL
81,270,11,8,0.0,00:01:24.0790000,NULL,NULL
81,271,-1,12,0.0,00:01:39.0300000,NULL,NULL
81,272,-1,21,0.0,00:01:19.6100000,NULL,NULL
83,224,-1,17,0.0,00:01:36.1090000,NULL,NULL
83,225,10,18,0.0,00:01:21.4910000,NULL,NULL
83,226,-1,19,0.0,00:01:33.7270000,NULL,NULL
83,227,12,19,0.0,00:01:23.1390000,NULL,NULL
83,228,9,18,0.0,00:01:30.4710000,NULL,NULL
83,229,-1,19,0.0,00:01:23.3500000,NULL,NULL
83,230,-1,18,0.0,00:01:25.2740000,NULL,NULL
83,249,9,15,0.0,00:01:21.1560000,NULL,NULL
83,250,10,17,0.0,00:01:59.2560000,NULL,NULL
83,251,-1,19,0.0,00:01:29.9360000,NULL,NULL
83,252,-1,17,0.0,00:01:24.6570000,NULL,NULL
83,253,9,16,0.0,00:01:23.3280000,NULL,NULL
83,254,13,14,0.0,00:01:16.5960000,NULL,NULL
83,255,11,16,0.0,00:01:43.1020000,NULL,NULL
83,256,6,17,1.0,NULL,NULL,NULL
83,257,10,24,0.0,00:01:19.9750000,NULL,NULL
83,258,8,24,0.0,00:01:14.6570000,NULL,NULL
83,259,-1,22,0.0,00:01:25.2950000,NULL,NULL
84,224,-1,19,0.0,00:01:36.2860000,NULL,NULL
84,225,12,6,0.0,00:01:19.5190000,NULL,NULL
84,226,-1,15,0.0,00:01:32.6960000,NULL,NULL
84,227,6,11,1.0,00:01:21.1770000,NULL,NULL
84,228,-1,12,0.0,00:01:29.0990000,NULL,NULL
84,229,-1,16,0.0,00:01:22.5190000,NULL,NULL
84,230,-1,15,0.0,00:01:23.4380000,NULL,NULL
84,243,9,11,0.0,00:01:24.7270000,NULL,NULL
84,244,-1,8,0.0,00:01:24.4470000,NULL,NULL
84,245,10,14,0.0,00:01:30.2550000,NULL,NULL
84,246,4,9,3.0,00:01:19.3840000,NULL,NULL
84,247,-1,11,0.0,00:01:30.9460000,NULL,NULL
84,249,-1,8,0.0,00:01:19.7480000,NULL,NULL
84,250,3,13,4.0,00:01:58.3140000,NULL,NULL
84,251,-1,11,0.0,00:01:27.0670000,NULL,NULL
84,252,8,9,0.0,00:01:22.5880000,NULL,NULL
84,253,7,12,0.0,00:01:21.5410000,NULL,NULL
84,256,-1,11,0.0,NULL,NULL,NULL
84,257,-1,18,0.0,00:01:18.8640000,NULL,NULL
84,258,-1,6,0.0,00:01:12.3510000,NULL,NULL
84,259,8,13,0.0,00:01:23.8580000,NULL,NULL
84,261,11,8,0.0,00:01:23.7630000,NULL,NULL
84,262,-1,12,0.0,00:01:28.1970000,NULL,NULL
84,263,-1,12,0.0,00:01:18.0310000,NULL,NULL
84,264,-1,9,0.0,00:01:26.7680000,NULL,NULL
84,265,-1,13,0.0,00:01:46.2180000,NULL,NULL
84,266,4,6,3.0,00:01:20.6290000,NULL,NULL
84,267,-1,13,0.0,00:02:24.1170000,NULL,NULL
84,268,5,15,2.0,00:01:25.9330000,NULL,NULL
84,269,6,7,1.0,00:01:21.6560000,NULL,NULL
84,270,-1,15,0.0,00:01:25.1100000,NULL,NULL
84,271,-1,9,0.0,00:01:38.0760000,NULL,NULL
84,272,3,9,4.0,00:01:17.9500000,NULL,NULL
85,225,-1,20,0.0,00:01:23.4540000,NULL,NULL
85,226,10,22,0.0,00:01:35.6510000,NULL,NULL
85,228,-1,22,0.0,NULL,NULL,NULL
85,229,-1,22,0.0,00:01:25.3930000,NULL,NULL
85,240,9,22,0.0,00:01:25.8860000,NULL,NULL
85,241,-1,22,0.0,00:02:01.7630000,NULL,NULL
85,242,-1,24,0.0,00:01:35.1690000,NULL,NULL
85,243,-1,23,0.0,00:01:28.0940000,NULL,NULL
85,244,-1,25,0.0,00:01:30.1490000,NULL,NULL
85,245,-1,21,0.0,00:01:32.8940000,NULL,NULL
85,246,-1,21,0.0,00:01:23.4660000,NULL,NULL
85,247,-1,24,0.0,00:01:52.3980000,NULL,NULL
85,248,8,23,0.0,00:01:53.4920000,NULL,NULL
85,249,12,22,0.0,00:01:24.3710000,NULL,NULL
85,250,-1,21,0.0,00:02:02.4050000,NULL,NULL
85,251,-1,21,0.0,00:01:30.7210000,NULL,NULL
85,252,-1,21,0.0,00:01:26.1720000,NULL,NULL
85,253,-1,20,0.0,00:01:24.6960000,NULL,NULL
85,254,-1,23,0.0,00:01:20.0930000,NULL,NULL
85,255,-1,19,0.0,00:01:46.0970000,NULL,NULL
85,256,-1,22,0.0,NULL,NULL,NULL
86,248,-1,24,0.0,00:01:54.6250000,NULL,NULL
86,249,-1,24,0.0,00:01:26.5700000,NULL,NULL
86,250,-1,23,0.0,00:02:06.4070000,NULL,NULL
86,251,-1,24,0.0,00:01:32.4700000,NULL,NULL
87,240,6,9,1.0,00:01:21.7790000,NULL,NULL
87,241,-1,17,0.0,00:01:58.6600000,NULL,NULL
87,244,5,10,2.0,00:01:24.9330000,NULL,NULL
87,245,-1,10,0.0,00:01:29.6410000,NULL,NULL
87,246,11,13,0.0,00:01:20.5270000,NULL,NULL
87,247,5,10,2.0,00:01:30.4530000,NULL,NULL
87,248,-1,8,0.0,00:01:46.2210000,NULL,NULL
87,249,-1,13,0.0,00:01:20.6400000,NULL,NULL
87,250,5,6,2.0,00:01:56.6220000,NULL,NULL
87,251,4,9,3.0,00:01:26.4720000,NULL,NULL
87,252,9,12,0.0,00:01:22.9140000,NULL,NULL
87,253,-1,10,0.0,00:01:20.9090000,NULL,NULL
87,254,9,10,0.0,00:01:15.6520000,NULL,NULL
87,255,7,23,0.0,00:16:42.6400000,NULL,NULL
87,256,4,10,3.0,NULL,NULL,NULL
87,257,-1,12,0.0,00:01:18.2460000,NULL,NULL
87,258,-1,12,0.0,00:01:12.7510000,NULL,NULL
87,259,9,12,0.0,00:01:23.7030000,NULL,NULL
87,261,3,11,4.0,00:01:23.9810000,NULL,NULL
87,262,10,13,0.0,00:01:28.5790000,NULL,NULL
87,263,10,17,0.0,00:01:18.3810000,NULL,NULL
87,264,-1,11,0.0,00:01:26.9200000,NULL,NULL
87,265,-1,7,0.0,00:01:45.4740000,NULL,NULL
87,266,5,11,2.0,00:01:20.9840000,NULL,NULL
87,267,5,12,2.0,00:02:24.0480000,NULL,NULL
87,268,-1,21,0.0,00:01:26.5740000,NULL,NULL
87,269,-1,12,0.0,00:01:22.2880000,NULL,NULL
87,270,13,14,0.0,00:01:24.7700000,NULL,NULL
87,271,-1,13,0.0,00:01:39.2660000,NULL,NULL
87,272,-1,13,0.0,00:01:18.2370000,NULL,NULL
88,240,8,15,0.0,00:01:22.9710000,NULL,NULL
88,241,-1,19,0.0,00:01:58.8820000,NULL,NULL
88,242,11,16,0.0,00:01:31.9130000,NULL,NULL
88,248,6,18,1.0,00:01:49.7160000,NULL,NULL
88,254,-1,13,0.0,00:01:16.5190000,NULL,NULL
88,255,-1,0,0.0,00:01:41.5920000,NULL,NULL
88,258,-1,20,0.0,00:01:13.9320000,NULL,NULL
89,240,-1,21,0.0,00:01:25.2250000,NULL,NULL
89,241,-1,26,0.0,00:02:07.2980000,NULL,NULL
89,242,-1,19,0.0,00:01:32.7100000,NULL,NULL
89,243,-1,18,0.0,00:01:26.0590000,NULL,NULL
89,244,-1,26,0.0,00:01:31.5420000,NULL,NULL
89,245,9,22,0.0,00:01:32.9950000,NULL,NULL
89,246,-1,18,0.0,00:01:21.8940000,NULL,NULL
89,247,-1,19,0.0,00:01:35.3230000,NULL,NULL
89,248,-1,19,0.0,00:01:49.8920000,NULL,NULL
89,249,-1,18,0.0,00:01:22.0810000,NULL,NULL
89,250,12,18,0.0,00:02:00.9900000,NULL,NULL
89,251,8,20,0.0,00:01:30.5150000,NULL,NULL
89,252,15,19,0.0,00:01:24.8830000,NULL,NULL
89,253,-1,21,0.0,00:01:24.9000000,NULL,NULL
89,254,-1,20,0.0,00:01:18.2120000,NULL,NULL
89,255,12,18,0.0,00:01:44.0740000,NULL,NULL
89,256,-1,19,0.0,NULL,NULL,NULL
89,271,-1,26,0.0,00:01:45.0040000,NULL,NULL
90,240,-1,23,0.0,00:01:26.2690000,NULL,NULL
90,241,-1,24,0.0,00:02:04.4810000,NULL,NULL
90,242,-1,25,0.0,00:01:36.0650000,NULL,NULL
90,243,-1,25,0.0,00:01:28.9630000,NULL,NULL
90,244,-1,24,0.0,00:01:29.6080000,NULL,NULL
90,245,-1,23,0.0,00:01:34.0000000,NULL,NULL
90,246,16,24,0.0,00:01:24.8650000,NULL,NULL
90,247,-1,22,0.0,00:01:36.6510000,NULL,NULL
90,248,-1,22,0.0,00:01:53.4050000,NULL,NULL
90,249,-1,21,0.0,00:01:24.3510000,NULL,NULL
90,250,14,22,0.0,00:02:03.8170000,NULL,NULL
90,251,-1,22,0.0,00:01:30.8340000,NULL,NULL
90,252,17,23,0.0,00:01:27.5230000,NULL,NULL
90,253,-1,23,0.0,00:01:26.0980000,NULL,NULL
90,254,16,22,0.0,00:01:19.7450000,NULL,NULL
90,255,-1,21,0.0,00:01:48.2670000,NULL,NULL
90,256,-1,20,0.0,NULL,NULL,NULL
91,240,-1,19,0.0,00:01:24.7230000,NULL,NULL
91,241,-1,21,0.0,00:02:00.7510000,NULL,NULL
91,242,-1,21,0.0,00:01:33.4940000,NULL,NULL
91,243,13,20,0.0,00:01:27.0070000,NULL,NULL
91,255,10,15,0.0,00:01:42.9120000,NULL,NULL
91,256,-1,18,0.0,NULL,NULL,NULL
91,257,6,7,1.0,00:01:17.9270000,NULL,NULL
91,258,-1,19,0.0,00:01:13.8550000,NULL,NULL
91,259,4,10,3.0,00:01:23.3470000,NULL,NULL
92,240,-1,20,0.0,00:01:25.1270000,NULL,NULL
92,241,-1,23,0.0,00:02:04.0500000,NULL,NULL
92,242,-1,22,0.0,00:01:33.8920000,NULL,NULL
92,243,-1,24,0.0,00:01:28.5980000,NULL,NULL
92,244,-1,21,0.0,00:01:29.0390000,NULL,NULL
92,245,-1,20,0.0,00:01:32.8410000,NULL,NULL
92,246,-1,22,0.0,00:01:23.6470000,NULL,NULL
92,247,12,21,0.0,00:01:36.0760000,NULL,NULL
92,254,-1,24,0.0,00:01:21.4050000,NULL,NULL
92,255,-1,22,0.0,00:01:48.2890000,NULL,NULL
92,256,8,23,0.0,NULL,NULL,NULL
92,257,-1,25,0.0,00:01:20.7290000,NULL,NULL
92,259,-1,25,0.0,00:01:27.1430000,NULL,NULL
92,261,-1,25,0.0,00:01:28.8730000,NULL,NULL
92,262,-1,26,0.0,00:01:32.8380000,NULL,NULL
93,240,-1,26,0.0,00:01:28.1060000,NULL,NULL
93,241,9,20,0.0,00:01:59.5390000,NULL,NULL
93,242,-1,23,0.0,00:01:33.9650000,NULL,NULL
93,243,15,22,0.0,00:01:27.5750000,NULL,NULL
93,244,-1,20,0.0,00:01:28.3370000,NULL,NULL
93,270,19,26,0.0,00:01:27.9760000,NULL,NULL
93,272,-1,26,0.0,00:01:22.5290000,NULL,NULL
94,240,-1,17,0.0,00:01:24.3830000,NULL,NULL
94,241,-1,16,0.0,00:01:58.0660000,NULL,NULL
94,242,12,18,0.0,00:01:32.4450000,NULL,NULL
94,243,14,19,0.0,00:01:26.6190000,NULL,NULL
94,244,7,18,0.0,00:01:26.9130000,NULL,NULL
94,245,-1,17,0.0,00:01:31.4450000,NULL,NULL
94,246,-1,20,0.0,00:01:22.1040000,NULL,NULL
94,247,7,15,0.0,00:01:32.2590000,NULL,NULL
94,248,-1,20,0.0,00:01:49.9900000,NULL,NULL
94,257,8,15,0.0,00:01:18.6590000,NULL,NULL
94,258,-1,17,0.0,00:01:13.5290000,NULL,NULL
94,259,-1,14,0.0,00:01:24.0780000,NULL,NULL
94,261,5,18,2.0,00:01:25.2470000,NULL,NULL
94,262,9,15,0.0,00:01:28.8470000,NULL,NULL
94,263,5,16,2.0,00:01:18.2480000,NULL,NULL
94,264,10,14,0.0,00:01:27.5220000,NULL,NULL
94,265,-1,20,0.0,00:01:47.4020000,NULL,NULL
94,266,-1,15,0.0,00:01:21.8370000,NULL,NULL
94,267,8,10,0.0,00:02:23.3260000,NULL,NULL
94,268,-1,18,0.0,00:01:26.0560000,NULL,NULL
94,269,12,18,0.0,00:01:23.2430000,NULL,NULL
94,270,15,17,0.0,00:01:25.2940000,NULL,NULL
94,271,-1,16,0.0,00:01:39.5480000,NULL,NULL
94,272,9,18,0.0,00:01:18.9570000,NULL,NULL
95,242,10,9,0.0,00:01:29.5170000,NULL,NULL
95,243,-1,10,0.0,00:01:23.9270000,NULL,NULL
95,263,-1,2,0.0,00:01:16.3590000,NULL,NULL
95,270,-1,3,0.0,00:01:23.3920000,NULL,NULL
95,271,4,4,3.0,00:01:37.7680000,NULL,NULL
95,272,1,1,10.0,00:01:16.1790000,NULL,NULL
96,244,8,19,0.0,00:01:27.1450000,NULL,NULL
96,245,-1,18,0.0,00:01:31.8380000,NULL,NULL
96,246,-1,15,0.0,00:01:20.9430000,NULL,NULL
96,247,9,16,0.0,00:01:33.1660000,NULL,NULL
96,248,5,14,2.0,00:01:47.6360000,NULL,NULL
96,249,10,19,0.0,00:01:22.1610000,NULL,NULL
96,250,11,14,0.0,00:01:58.3560000,NULL,NULL
96,251,6,14,1.0,00:01:28.7410000,NULL,NULL
96,252,12,14,0.0,00:01:23.9340000,NULL,NULL
96,253,-1,13,0.0,00:01:22.0590000,NULL,NULL
96,254,-1,15,0.0,00:01:16.6460000,NULL,NULL
97,247,-1,17,0.0,00:01:34.1540000,NULL,NULL
97,248,-1,15,0.0,00:01:48.0930000,NULL,NULL
97,249,-1,20,0.0,00:01:23.2750000,NULL,NULL
97,250,-1,20,0.0,00:02:01.6850000,NULL,NULL
97,251,7,15,0.0,00:01:28.8700000,NULL,NULL
97,252,-1,20,0.0,00:01:25.1790000,NULL,NULL
97,253,12,17,0.0,00:01:23.6890000,NULL,NULL
98,252,-1,24,0.0,00:01:32.7690000,NULL,NULL
98,253,15,24,0.0,00:01:27.8530000,NULL,NULL
98,272,-1,25,0.0,00:01:22.4220000,NULL,NULL
99,253,14,19,0.0,00:01:24.2860000,NULL,NULL
100,257,9,13,0.0,00:01:18.3210000,NULL,NULL
100,258,6,16,1.0,00:01:13.1110000,NULL,NULL
100,259,-1,18,0.0,00:01:24.8520000,NULL,NULL
100,261,-1,16,0.0,00:01:25.0500000,NULL,NULL
100,262,-1,21,0.0,00:01:29.0390000,NULL,NULL
100,263,11,20,0.0,00:01:18.8110000,NULL,NULL
100,264,-1,22,0.0,00:01:28.5190000,NULL,NULL
100,265,6,22,1.0,00:01:48.2290000,NULL,NULL
100,266,8,21,0.0,00:01:22.4870000,NULL,NULL
100,267,-1,22,0.0,00:02:28.1560000,NULL,NULL
100,268,8,24,0.0,00:01:27.8940000,NULL,NULL
100,269,-1,22,0.0,00:01:24.1920000,NULL,NULL
100,270,-1,23,0.0,00:01:26.2720000,NULL,NULL
100,271,9,22,0.0,00:01:40.9780000,NULL,NULL
101,257,12,26,0.0,00:01:21.1860000,NULL,NULL
101,258,-1,25,0.0,00:01:14.7480000,NULL,NULL
101,259,-1,24,0.0,00:01:26.8170000,NULL,NULL
101,261,10,24,0.0,00:01:28.1510000,NULL,NULL
101,262,14,25,0.0,00:01:31.6320000,NULL,NULL
101,263,-1,24,0.0,00:01:19.7710000,NULL,NULL
101,264,15,25,0.0,00:01:30.6900000,NULL,NULL
101,265,-1,25,0.0,00:01:48.8700000,NULL,NULL
101,266,11,23,0.0,00:01:22.6140000,NULL,NULL
101,267,-1,21,0.0,00:02:27.2120000,NULL,NULL
101,268,-1,26,0.0,00:01:28.6190000,NULL,NULL
101,269,-1,24,0.0,00:01:24.5140000,NULL,NULL
101,270,-1,25,0.0,00:01:27.2010000,NULL,NULL
101,271,12,24,0.0,00:01:41.6590000,NULL,NULL
101,272,-1,24,0.0,00:01:20.4420000,NULL,NULL
102,257,-1,1,0.0,00:01:15.9620000,NULL,NULL
102,258,-1,1,0.0,00:01:10.2180000,NULL,NULL
102,259,-1,1,0.0,00:01:21.5480000,NULL,NULL
103,257,-1,20,0.0,00:01:19.3980000,NULL,NULL
103,258,10,18,0.0,00:01:13.6130000,NULL,NULL
103,259,12,17,0.0,00:01:24.6780000,NULL,NULL
103,261,8,20,0.0,00:01:25.7660000,NULL,NULL
103,262,13,24,0.0,00:01:30.4930000,NULL,NULL
103,263,-1,15,0.0,00:01:18.2360000,NULL,NULL
103,264,13,23,0.0,00:01:28.9550000,NULL,NULL
103,265,3,14,4.0,00:01:46.2900000,NULL,NULL
103,266,10,18,0.0,00:01:22.0380000,NULL,NULL
103,267,10,16,0.0,00:02:26.0440000,NULL,NULL
103,268,7,12,0.0,00:01:25.7180000,NULL,NULL
103,269,10,21,0.0,00:01:23.6990000,NULL,NULL
103,270,18,22,0.0,00:01:25.5950000,NULL,NULL
104,257,-1,11,0.0,00:01:18.2040000,NULL,NULL
104,258,4,9,3.0,00:01:12.4440000,NULL,NULL
104,259,13,16,0.0,00:01:24.4720000,NULL,NULL
104,261,-1,21,0.0,00:01:26.0840000,NULL,NULL
104,262,-1,16,0.0,00:01:28.8820000,NULL,NULL
104,263,8,18,0.0,00:01:18.5680000,NULL,NULL
104,264,9,20,0.0,00:01:28.2310000,NULL,NULL
104,265,4,17,3.0,00:01:47.1020000,NULL,NULL
104,266,14,16,0.0,00:01:21.8730000,NULL,NULL
104,267,-1,24,0.0,00:02:30.9310000,NULL,NULL
104,268,-1,19,0.0,00:01:26.3370000,NULL,NULL
104,269,8,11,0.0,00:01:22.1320000,NULL,NULL
104,270,17,19,0.0,00:01:25.4270000,NULL,NULL
104,271,8,18,0.0,00:01:39.8680000,NULL,NULL
104,272,8,19,0.0,00:01:19.0610000,NULL,NULL
105,257,-1,22,0.0,00:01:19.5170000,NULL,NULL
105,258,-1,15,0.0,00:01:13.0160000,NULL,NULL
105,259,-1,15,0.0,00:01:24.2760000,NULL,NULL
105,261,-1,14,0.0,00:01:24.9960000,NULL,NULL
105,262,11,18,0.0,00:01:28.9030000,NULL,NULL
105,263,-1,21,0.0,00:01:18.8900000,NULL,NULL
105,264,-1,17,0.0,00:01:28.1000000,NULL,NULL
105,265,-1,23,0.0,00:01:48.2950000,NULL,NULL
105,266,7,20,0.0,00:01:22.3790000,NULL,NULL
105,267,9,18,0.0,00:02:26.7380000,NULL,NULL
105,268,-1,22,0.0,00:01:26.8320000,NULL,NULL
105,269,13,19,0.0,00:01:23.3640000,NULL,NULL
105,270,14,20,0.0,00:01:25.5110000,NULL,NULL
105,271,-1,21,0.0,00:01:40.6520000,NULL,NULL
105,272,-1,16,0.0,00:01:18.7550000,NULL,NULL
106,257,-1,23,0.0,00:01:19.5240000,NULL,NULL
106,258,-1,21,0.0,00:01:14.1010000,NULL,NULL
106,259,-1,23,0.0,00:01:25.9910000,NULL,NULL
106,261,-1,17,0.0,00:01:25.1610000,NULL,NULL
106,262,-1,22,0.0,00:01:29.4030000,NULL,NULL
106,263,-1,25,0.0,00:01:19.8630000,NULL,NULL
106,264,14,24,0.0,00:01:29.2990000,NULL,NULL
106,265,7,24,0.0,00:01:48.6810000,NULL,NULL
106,266,9,25,0.0,00:01:22.8990000,NULL,NULL
107,258,11,26,0.0,00:01:16.5360000,NULL,NULL
107,259,-1,0,0.0,00:01:27.5840000,NULL,NULL
108,259,-1,0,0.0,00:01:27.8810000,NULL,NULL
108,261,-1,26,0.0,00:01:30.6570000,NULL,NULL
109,259,-1,5,0.0,00:01:22.7170000,NULL,NULL
109,261,-1,4,0.0,00:01:22.9830000,NULL,NULL
109,262,6,20,1.0,00:01:28.9930000,NULL,NULL
109,268,9,20,0.0,00:01:26.3840000,NULL,NULL
109,269,-1,14,0.0,00:01:22.3690000,NULL,NULL
109,271,-1,15,0.0,00:01:39.4830000,NULL,NULL
109,272,10,17,0.0,00:01:18.8060000,NULL,NULL
110,259,-1,21,0.0,00:01:25.2340000,NULL,NULL
110,262,-1,14,0.0,00:01:28.6940000,NULL,NULL
110,263,6,11,1.0,00:01:17.8660000,NULL,NULL
110,264,-1,18,0.0,00:01:28.2120000,NULL,NULL
110,265,-1,18,0.0,00:01:47.2350000,NULL,NULL
110,266,-1,17,0.0,00:01:21.9460000,NULL,NULL
110,267,-1,15,0.0,00:02:25.6950000,NULL,NULL
110,268,-1,8,0.0,00:01:25.5400000,NULL,NULL
110,269,-1,17,0.0,00:01:22.8850000,NULL,NULL
110,270,-1,18,0.0,00:01:25.4070000,NULL,NULL
111,263,9,26,0.0,00:01:21.8290000,NULL,NULL
111,264,16,26,0.0,00:01:30.7220000,NULL,NULL
111,265,-1,26,0.0,00:01:49.2040000,NULL,NULL
111,266,-1,26,0.0,00:01:24.1910000,NULL,NULL
111,267,11,25,0.0,00:02:31.7550000,NULL,NULL
111,268,-1,25,0.0,00:01:28.3530000,NULL,NULL
111,269,15,26,0.0,00:01:25.6490000,NULL,NULL
112,266,-1,14,0.0,00:01:21.4980000,NULL,NULL
112,267,-1,19,0.0,00:02:26.9010000,NULL,NULL
113,267,-1,26,0.0,00:02:33.8850000,NULL,NULL
113,269,16,25,0.0,00:01:25.3130000,NULL,NULL
114,268,-1,23,0.0,00:01:27.8460000,NULL,NULL
114,269,14,23,0.0,00:01:24.4380000,NULL,NULL
115,270,-1,24,0.0,00:01:27.1680000,NULL,NULL
115,271,-1,23,0.0,00:01:40.9900000,NULL,NULL
115,272,-1,23,0.0,00:01:20.1450000,NULL,NULL
116,271,-1,20,0.0,00:01:40.5770000,NULL,NULL
116,272,11,20,0.0,00:01:19.1530000,NULL,NULL
153,10,15,19,0.0,00:01:22.3590000,NULL,NULL
153,11,16,19,0.0,00:01:39.9250000,NULL,NULL
153,12,-1,17,0.0,00:01:46.3020000,NULL,NULL
153,13,-1,20,0.0,00:01:24.9510000,NULL,NULL
153,14,-1,16,0.0,00:01:48.3400000,NULL,NULL
153,15,-1,12,0.0,00:01:31.5710000,NULL,NULL
153,16,14,12,0.0,00:01:24.7730000,00:01:22.2310000,NULL
153,17,-1,14,0.0,00:01:41.5030000,00:01:41.6890000,NULL
153,337,13,18,0.0,00:01:57.0710000,NULL,NULL
153,338,11,17,0.0,00:01:26.0950000,00:01:26.0890000,NULL
153,339,9,14,2.0,00:01:48.6550000,00:01:49.4640000,NULL
153,340,13,12,0.0,00:01:36.6180000,00:01:36.0470000,NULL
153,341,10,15,1.0,00:01:22.5930000,00:01:22.2070000,NULL
153,342,11,17,0.0,00:01:16.0210000,00:01:16.1760000,NULL
153,343,12,16,0.0,00:01:28.4600000,00:01:28.5400000,NULL
153,344,12,16,0.0,00:01:17.0270000,00:01:17.0290000,NULL
153,345,13,17,0.0,00:01:39.1280000,00:01:39.4580000,NULL
153,346,-1,17,0.0,00:01:32.4300000,NULL,NULL
153,347,15,15,0.0,00:01:16.6640000,00:01:15.5880000,NULL
153,348,-1,17,0.0,00:01:21.9780000,00:01:21.9980000,NULL
153,349,13,11,0.0,00:01:58.9440000,00:01:48.2670000,NULL
153,350,15,15,0.0,00:01:24.0830000,00:01:23.9190000,NULL
153,351,12,11,0.0,00:01:48.1270000,00:01:47.6660000,NULL
153,352,11,16,0.0,00:01:33.4710000,00:01:33.0710000,NULL
153,353,11,15,0.0,00:01:38.5830000,00:01:37.8530000,NULL
153,354,11,14,0.0,00:01:20.1580000,00:01:19.5810000,NULL
153,355,9,17,2.0,00:01:41.7070000,00:01:41.7380000,NULL
153,841,11,12,0.0,00:01:26.6200000,00:01:26.1030000,NULL
153,842,14,13,0.0,00:01:37.6770000,00:01:37.3470000,NULL
153,843,-1,7,0.0,00:01:36.1330000,00:01:35.5630000,00:01:36.1580000
153,844,16,17,0.0,00:01:28.0550000,00:01:27.5720000,NULL
153,845,16,13,0.0,00:01:24.0490000,00:01:23.6940000,NULL
153,846,-1,19,0.0,00:01:17.8200000,NULL,NULL
153,847,8,24,4.0,00:01:16.2940000,NULL,NULL
153,848,8,18,4.0,00:01:40.2320000,NULL,NULL
153,849,10,18,1.0,00:01:35.2450000,NULL,NULL
153,850,12,16,0.0,00:01:33.6580000,00:01:33.6980000,NULL
153,851,10,16,1.0,00:01:23.2850000,00:01:22.9790000,NULL
153,852,-1,6,0.0,00:02:05.4190000,00:02:04.5610000,00:01:50.7730000
153,853,7,18,6.0,00:01:25.3340000,NULL,NULL
153,854,21,16,0.0,00:01:49.5880000,00:01:49.8620000,NULL
153,855,15,16,0.0,00:01:35.1110000,00:01:33.4270000,NULL
153,856,7,11,6.0,00:01:39.3920000,00:01:38.3150000,NULL
153,857,8,10,4.0,00:01:26.5570000,00:01:26.3190000,NULL
153,858,15,15,0.0,00:01:41.3860000,00:01:41.1620000,NULL
153,859,11,13,0.0,00:01:14.2250000,00:01:13.8040000,NULL
154,11,15,14,0.0,00:01:39.3220000,00:01:39.0400000,NULL
154,12,-1,19,0.0,00:01:46.3590000,NULL,NULL
154,13,15,12,0.0,00:01:23.9750000,00:01:23.7280000,NULL
154,14,-1,18,0.0,00:01:48.5440000,NULL,NULL
154,15,16,17,0.0,00:01:32.0730000,NULL,NULL
154,16,13,13,0.0,00:01:24.3940000,00:01:22.4770000,NULL
154,17,18,19,0.0,00:01:41.9500000,NULL,NULL
154,860,-1,3,0.0,00:01:26.4980000,00:01:25.8450000,00:01:25.3020000
154,861,-1,6,0.0,00:01:38.0580000,00:01:37.3380000,00:01:36.6580000
154,862,6,10,8.0,00:01:36.3430000,00:01:35.9030000,NULL
154,863,3,7,15.0,00:01:34.0410000,00:01:33.2460000,00:01:33.0080000
154,864,4,3,12.0,00:01:23.2480000,00:01:22.6670000,00:01:22.4240000
154,865,-1,4,0.0,00:01:15.7180000,00:01:15.2190000,00:01:14.6390000
154,866,2,7,18.0,00:01:15.1630000,00:01:14.6270000,00:01:14.6450000
154,867,-1,4,0.0,00:01:39.5300000,00:01:38.4890000,00:01:38.5050000
154,868,6,9,8.0,00:01:47.0430000,00:01:56.3880000,NULL
154,869,18,19,0.0,00:01:16.6850000,00:01:40.5740000,NULL
154,870,3,2,15.0,00:01:22.7550000,00:01:21.6570000,00:01:21.3660000
154,871,-1,8,0.0,00:01:50.1260000,00:01:48.7140000,00:01:48.5380000
154,873,7,8,6.0,00:01:47.6880000,00:01:47.5290000,00:01:47.7880000
154,874,19,4,0.0,00:01:32.0290000,00:01:31.9880000,00:01:31.8980000
154,875,7,7,6.0,00:01:38.8630000,00:01:38.2750000,00:01:37.9340000
154,876,9,11,2.0,00:01:26.8970000,00:01:26.1360000,NULL
154,877,-1,9,0.0,00:01:42.0460000,00:01:41.6200000,00:01:41.7780000
154,879,-1,18,0.0,00:01:16.9670000,NULL,NULL
154,880,10,8,1.0,00:01:44.2840000,00:01:37.6410000,00:01:29.0130000
154,881,6,11,8.0,00:01:37.3630000,00:01:37.6360000,NULL
154,882,9,6,2.0,00:01:36.9290000,00:01:36.0650000,00:01:35.3640000
154,883,3,11,15.0,00:01:33.4980000,00:01:33.7620000,NULL
154,884,22,6,0.0,00:01:22.6130000,00:01:21.9980000,00:01:21.3080000
154,885,-1,13,0.0,00:01:23.7380000,00:01:18.6030000,NULL
154,886,13,22,0.0,00:01:25.7160000,NULL,NULL
154,887,19,7,0.0,00:01:31.4660000,00:01:31.5300000,00:01:30.9550000
154,888,3,5,15.0,00:01:31.2420000,00:01:30.0050000,00:01:29.9590000
154,890,6,3,8.0,00:01:20.4470000,00:01:20.1010000,00:01:19.5950000
154,891,8,7,4.0,00:02:02.4760000,00:01:48.6490000,00:02:03.0810000
154,892,8,13,4.0,00:01:24.7370000,00:01:24.8480000,NULL
154,893,-1,3,0.0,00:01:45.8510000,00:01:43.9570000,00:01:43.0580000
154,894,3,3,15.0,00:01:39.0650000,00:01:38.0760000,00:01:37.5310000
154,895,3,4,15.0,00:01:31.8240000,00:01:31.5650000,00:01:31.3650000
154,896,3,17,15.0,00:01:26.5770000,NULL,NULL
154,897,4,6,12.0,00:01:41.4470000,00:01:40.9480000,00:01:40.9970000
154,899,-1,6,0.0,00:01:26.4530000,00:01:26.1610000,00:01:27.7370000
154,900,-1,22,0.0,00:01:36.9930000,NULL,NULL
154,901,11,15,0.0,00:02:00.2020000,00:02:02.8850000,NULL
154,902,12,16,0.0,00:01:36.6540000,00:01:35.9080000,NULL
154,903,-1,10,0.0,00:01:58.4110000,00:01:56.4070000,00:01:57.0790000
154,904,8,5,4.0,00:01:28.4720000,00:01:27.2580000,00:01:26.9600000
154,905,8,14,4.0,00:01:18.3350000,00:01:18.1960000,NULL
154,906,-1,14,0.0,00:01:17.7320000,00:01:16.6870000,NULL
154,907,14,22,0.0,00:01:10.4610000,00:01:10.6420000,NULL
154,908,12,11,0.0,00:01:43.1210000,00:01:38.4960000,NULL
154,909,-1,14,0.0,00:01:18.8940000,00:01:18.9830000,NULL
154,910,-1,14,0.0,00:01:26.1360000,00:01:25.3370000,NULL
154,911,-1,15,0.0,00:02:10.8980000,00:02:11.0870000,NULL
154,912,16,17,0.0,00:01:27.6320000,NULL,NULL
154,913,13,16,0.0,00:01:47.8620000,00:01:47.8120000,NULL
154,914,15,16,0.0,00:01:35.9840000,NULL,NULL
154,915,17,15,0.0,00:01:42.5260000,00:01:41.3970000,NULL
154,917,17,14,0.0,00:01:12.0370000,NULL,NULL
154,918,13,18,0.0,00:01:42.7680000,NULL,NULL
154,926,-1,8,0.0,00:01:29.5370000,00:01:28.5890000,00:01:28.5600000
154,927,11,10,0.0,00:01:40.3030000,00:01:41.2090000,00:01:52.9810000
154,928,7,8,6.0,00:01:38.2090000,00:01:38.0630000,00:01:37.9050000
154,929,7,10,6.0,00:01:35.0070000,00:01:34.1230000,00:01:34.4840000
154,930,8,11,4.0,00:01:27.3830000,00:01:27.3750000,NULL
154,931,12,15,0.0,00:01:17.7670000,00:01:17.0070000,NULL
154,932,10,5,1.0,00:01:15.8330000,00:01:15.1870000,00:01:15.1940000
154,933,-1,9,0.0,00:01:11.8210000,00:01:09.9200000,NULL
154,934,-1,12,0.0,00:01:34.6460000,00:01:34.4300000,NULL
154,936,7,10,6.0,00:01:24.2420000,00:01:23.8050000,00:01:24.1810000
154,937,3,9,15.0,00:01:49.3530000,00:01:48.9810000,00:01:48.5610000
154,938,-1,8,0.0,00:01:25.1440000,00:01:24.4480000,00:01:25.0540000
154,939,13,10,0.0,00:01:46.8600000,00:01:45.8050000,00:01:46.4130000
154,940,7,8,6.0,00:01:34.3980000,00:01:34.2780000,00:01:33.9670000
154,941,-1,8,0.0,00:01:39.0560000,00:01:38.7540000,00:01:38.7870000
154,943,10,12,1.0,00:01:21.5770000,00:01:21.0380000,NULL
154,944,8,14,4.0,00:01:13.0560000,00:01:13.9130000,NULL
154,945,9,18,2.0,00:01:42.5850000,NULL,NULL
154,948,6,19,8.0,00:01:28.3220000,NULL,NULL
154,949,5,9,10.0,00:01:32.0050000,00:01:31.7560000,NULL
154,950,19,14,0.0,00:01:38.4250000,00:01:39.8300000,NULL
154,951,8,15,4.0,00:01:38.3830000,00:01:38.0550000,NULL
154,952,-1,14,0.0,00:01:24.7160000,00:01:24.4800000,NULL
154,953,13,15,0.0,00:01:15.4650000,00:01:15.5710000,NULL
154,954,14,14,0.0,00:01:15.4440000,00:01:14.8030000,NULL
154,955,13,11,0.0,00:01:45.5070000,00:01:44.7550000,NULL
154,956,7,13,6.0,00:01:07.6620000,00:01:07.8500000,NULL
154,957,-1,13,0.0,00:01:32.2830000,00:01:32.0500000,NULL
154,958,14,11,0.0,00:01:35.9060000,00:01:24.9410000,NULL
154,959,13,20,0.0,00:01:16.3280000,00:01:16.0860000,NULL
154,960,13,11,0.0,00:01:48.7510000,00:01:48.3160000,NULL
154,961,11,17,0.0,00:01:23.4210000,00:01:23.0920000,NULL
154,962,-1,20,0.0,00:01:45.6090000,00:01:45.7230000,NULL
154,963,-1,12,0.0,00:01:35.4000000,00:01:35.0010000,NULL
154,964,11,7,0.0,00:01:32.4580000,00:01:32.1760000,00:01:31.9610000
154,966,20,22,0.0,00:01:21.9160000,NULL,NULL
154,967,-1,7,0.0,00:01:12.8930000,00:01:12.3430000,00:01:11.9370000
154,968,11,14,0.0,00:01:41.4670000,00:01:41.5640000,NULL
154,969,-1,6,0.0,00:01:25.4190000,00:01:24.7180000,00:01:24.0740000
154,970,11,19,0.0,00:01:35.2230000,NULL,NULL
154,971,8,9,4.0,00:01:31.6910000,00:01:30.8570000,00:01:30.7630000
154,972,-1,19,0.0,00:01:37.6200000,NULL,NULL
154,973,10,14,1.0,00:01:21.8220000,00:01:21.5170000,NULL
154,974,8,8,4.0,00:01:13.7860000,00:01:13.2030000,00:01:13.3490000
154,975,10,14,1.0,00:01:13.7800000,00:01:13.8390000,NULL
154,976,13,16,0.0,00:01:44.4680000,NULL,NULL
154,977,6,6,8.0,00:01:05.9020000,00:01:05.3190000,00:01:05.4800000
154,978,13,10,0.0,00:01:42.0420000,00:01:29.9660000,00:01:29.5490000
154,979,-1,14,0.0,00:01:19.0850000,00:01:18.7710000,NULL
154,980,7,11,6.0,00:01:45.7280000,00:01:45.1330000,NULL
154,981,15,20,0.0,00:01:43.3550000,NULL,NULL
154,982,9,15,2.0,00:01:43.6270000,00:01:43.8830000,NULL
154,983,13,16,0.0,00:01:33.3080000,NULL,NULL
154,984,9,13,2.0,00:01:30.8490000,NULL,NULL
154,986,15,15,0.0,00:01:19.4730000,NULL,NULL
154,987,15,11,0.0,00:01:10.1480000,00:01:09.8790000,NULL
154,988,11,16,0.0,00:01:39.5160000,NULL,NULL
154,989,-1,6,0.0,00:01:23.6710000,00:01:23.4680000,00:01:23.3390000
154,990,13,16,0.0,00:01:30.5300000,NULL,NULL
154,991,17,10,0.0,00:01:33.2380000,00:01:32.5240000,00:01:32.8550000
154,992,-1,20,0.0,NULL,NULL,NULL
154,993,-1,10,0.0,00:01:18.3050000,00:01:17.6990000,00:01:17.8350000
154,994,15,18,0.0,00:01:12.9300000,00:01:12.7280000,NULL
154,995,12,20,0.0,NULL,NULL,NULL
154,996,11,10,0.0,00:01:32.0830000,00:01:31.4720000,NULL
154,997,4,5,12.0,00:01:04.2420000,00:01:04.0590000,00:01:03.8920000
154,998,-1,8,0.0,00:01:28.0860000,00:01:27.5220000,00:01:27.4550000
154,999,6,6,8.0,00:01:12.9860000,00:01:12.7220000,00:01:12.5440000
154,1000,10,10,1.0,00:01:17.9010000,00:01:33.6500000,00:01:40.5930000
154,1001,7,5,6.0,00:01:43.5970000,00:01:43.0420000,00:02:02.1220000
154,1002,-1,6,0.0,00:01:21.8870000,00:01:21.2390000,00:01:20.9360000
154,1003,15,8,0.0,00:01:38.6850000,00:01:38.3670000,00:01:38.3200000
154,1004,11,9,0.0,00:01:34.0220000,00:01:33.5170000,00:01:33.7040000
154,1005,8,5,4.0,00:01:29.7240000,00:01:29.6780000,00:01:29.7610000
154,1007,16,18,0.0,00:01:16.9110000,NULL,NULL
154,1008,8,8,4.0,00:01:08.7350000,00:01:08.2390000,00:01:08.5170000
154,1009,9,7,2.0,00:01:37.5750000,00:01:36.7320000,00:01:36.1920000
154,1010,-1,6,0.0,00:01:22.9590000,00:01:21.8700000,00:01:21.8260000
154,1011,-1,11,0.0,00:01:29.6880000,00:01:29.2490000,00:01:29.0150000
154,1012,11,10,0.0,00:01:33.7520000,00:01:33.1560000,NULL
154,1013,-1,14,0.0,00:01:43.4070000,NULL,NULL
154,1014,10,7,1.0,00:01:18.0420000,00:01:17.0660000,00:01:16.9110000
154,1015,10,13,1.0,00:01:11.8370000,00:01:12.0270000,NULL
154,1016,14,14,0.0,00:01:12.1090000,NULL,NULL
154,1017,20,16,0.0,00:01:31.6260000,NULL,NULL
154,1018,16,11,0.0,00:01:04.5520000,00:01:04.4900000,NULL
154,1019,-1,14,0.0,00:01:26.3470000,00:01:26.7570000,NULL
154,1020,7,6,6.0,00:01:13.1460000,00:01:12.7690000,00:01:12.8510000
154,1021,-1,9,0.0,00:01:16.9780000,00:01:16.3190000,00:01:16.0130000
154,1022,13,9,0.0,00:01:45.6940000,00:01:44.7970000,NULL
154,1023,16,13,0.0,00:01:20.7840000,NULL,NULL
154,1024,11,17,0.0,00:01:40.2770000,NULL,NULL
154,1025,-1,8,0.0,00:01:34.2830000,00:01:33.6430000,00:01:33.5170000
154,1026,13,10,0.0,00:01:29.5720000,00:01:29.1440000,00:01:29.3410000
154,1027,17,18,0.0,00:01:18.5990000,NULL,NULL
154,1029,13,7,0.0,00:01:09.1970000,00:01:08.7050000,00:01:08.8540000
154,1030,15,15,0.0,00:01:38.0510000,NULL,NULL
154,1031,-1,15,0.0,00:01:05.0940000,00:01:04.6910000,NULL
154,1032,13,0,0.0,NULL,NULL,NULL
154,1033,16,0,0.0,00:01:16.4070000,NULL,NULL
154,1034,16,17,0.0,00:01:27.6430000,NULL,NULL
154,1035,16,13,0.0,00:01:27.5190000,00:01:27.2540000,NULL
154,1036,19,17,0.0,00:01:18.0890000,NULL,NULL
154,1037,15,17,0.0,00:01:43.8380000,NULL,NULL
154,1038,12,16,0.0,00:01:21.1390000,NULL,NULL
154,1039,12,15,0.0,00:01:17.0690000,00:01:17.2540000,NULL
154,1040,17,16,0.0,00:01:34.5920000,NULL,NULL
154,1041,9,16,2.0,00:01:27.5520000,NULL,NULL
154,1042,17,18,0.0,00:01:18.3640000,NULL,NULL
154,1043,14,16,0.0,00:01:15.9180000,NULL,NULL
154,1044,-1,17,0.0,00:02:12.9090000,NULL,NULL
154,1045,-1,19,0.0,00:01:30.1380000,NULL,NULL
155,16,10,11,0.0,00:01:24.3350000,00:01:21.9600000,NULL
155,17,6,12,3.0,00:01:41.0350000,00:01:40.7770000,NULL
155,337,-1,16,0.0,00:01:56.5410000,00:01:56.2700000,NULL
155,338,-1,16,0.0,00:01:26.2510000,00:01:25.7770000,NULL
155,339,-1,9,0.0,00:01:48.4670000,00:01:47.7920000,00:01:51.7670000
155,340,-1,15,0.0,00:01:37.0440000,00:01:36.4220000,NULL
155,341,12,10,0.0,00:01:22.5770000,00:01:21.7250000,00:01:21.9840000
155,342,-1,16,0.0,00:01:16.1750000,00:01:15.9920000,NULL
155,343,10,10,1.0,00:01:28.1580000,00:01:27.4340000,00:01:28.1220000
155,344,-1,18,0.0,00:01:18.0190000,NULL,NULL
155,345,7,18,6.0,00:01:39.3430000,NULL,NULL
155,346,6,12,8.0,00:01:31.8510000,00:01:31.4210000,NULL
155,347,11,12,0.0,00:01:15.9510000,00:01:15.0840000,NULL
155,348,9,23,2.0,00:01:22.2220000,NULL,NULL
155,349,8,17,4.0,00:02:02.2840000,NULL,NULL
155,350,-1,13,0.0,00:01:24.2730000,00:01:23.6590000,NULL
155,351,-1,10,0.0,00:01:48.9080000,00:01:47.5590000,00:01:47.8840000
155,352,7,14,6.0,00:01:32.7830000,00:01:32.4270000,NULL
155,353,8,12,4.0,00:01:38.4290000,00:01:37.6430000,NULL
155,354,10,12,1.0,00:01:19.7410000,00:01:19.3850000,NULL
155,355,14,12,0.0,00:01:41.0450000,00:01:40.7830000,NULL
155,841,-1,9,0.0,00:01:25.7170000,00:01:25.4050000,00:01:25.6260000
155,842,7,10,6.0,00:01:36.9940000,00:01:36.6910000,00:01:36.8200000
155,843,10,13,1.0,00:01:36.1470000,00:01:36.2360000,NULL
155,845,10,14,1.0,00:01:23.6560000,00:01:23.7020000,NULL
155,846,5,12,10.0,00:01:16.5130000,00:01:15.9730000,NULL
155,847,7,13,6.0,00:01:15.6940000,00:01:15.2850000,NULL
155,848,16,14,0.0,00:01:40.1310000,00:01:39.5250000,NULL
155,849,-1,8,0.0,00:01:34.3240000,00:01:32.3990000,00:01:32.1280000
155,850,9,17,2.0,00:01:33.7860000,NULL,NULL
155,851,11,13,0.0,00:01:23.2780000,00:01:22.4350000,NULL
155,852,12,12,0.0,00:02:07.1940000,00:02:04.7570000,NULL
155,853,-1,17,0.0,00:01:24.8790000,00:01:25.0650000,NULL
155,854,14,17,0.0,00:01:48.0540000,NULL,NULL
155,855,13,7,0.0,00:01:32.6260000,00:01:32.3800000,NULL
155,856,15,14,0.0,00:01:39.4640000,00:01:38.7750000,NULL
155,857,-1,17,0.0,00:01:27.8760000,NULL,NULL
155,858,10,16,1.0,00:01:41.6130000,00:01:41.2400000,NULL
155,859,9,16,2.0,00:01:14.5710000,00:01:14.1290000,NULL
155,860,6,13,8.0,00:01:26.1820000,00:01:26.5900000,NULL
155,861,-1,17,0.0,00:01:38.3720000,00:01:38.0690000,NULL
155,862,10,3,1.0,00:01:36.8630000,00:01:35.8530000,00:01:35.7840000
155,863,13,12,0.0,00:01:34.1310000,00:01:33.8060000,NULL
155,864,5,9,10.0,00:01:23.3860000,00:01:22.8970000,NULL
155,865,-1,11,0.0,00:01:15.6480000,00:01:15.5080000,NULL
155,866,9,11,2.0,00:01:15.1010000,00:01:14.6880000,NULL
155,867,-1,7,0.0,00:01:39.6510000,00:01:38.7030000,00:01:38.7410000
155,868,11,17,0.0,00:01:46.6490000,00:01:57.0710000,NULL
155,869,4,12,12.0,00:01:16.4810000,00:01:39.9850000,NULL
155,870,18,15,0.0,00:01:22.8010000,00:01:22.3000000,NULL
155,871,13,2,0.0,00:01:49.6860000,00:01:48.5690000,00:01:47.8710000
155,872,9,8,2.0,00:01:25.3170000,00:01:24.6830000,00:01:25.1090000
155,873,13,17,0.0,00:01:49.9330000,NULL,NULL
155,874,3,3,15.0,00:01:32.0420000,00:01:31.8860000,00:01:31.7000000
155,875,-1,13,0.0,00:01:38.7190000,00:01:38.5940000,NULL
155,876,14,17,0.0,00:01:27.5170000,00:01:27.2190000,NULL
155,877,6,15,8.0,00:01:43.5820000,00:01:42.6060000,NULL
155,879,9,14,2.0,00:01:16.4000000,00:01:14.3800000,NULL
155,900,-1,14,0.0,00:01:34.2740000,00:01:45.8670000,NULL
155,901,13,20,0.0,00:02:03.5950000,NULL,NULL
155,902,15,18,0.0,00:01:37.0850000,NULL,NULL
155,903,18,18,0.0,00:01:59.2600000,NULL,NULL
155,904,-1,20,0.0,00:01:30.3750000,NULL,NULL
155,905,13,20,0.0,00:01:20.1330000,NULL,NULL
155,906,-1,21,0.0,00:01:19.2780000,NULL,NULL
155,907,16,19,0.0,00:01:11.6730000,NULL,NULL
155,908,15,22,0.0,00:01:49.6250000,NULL,NULL
155,909,16,19,0.0,00:01:20.4080000,NULL,NULL
155,910,-1,17,0.0,00:01:27.1390000,NULL,NULL
155,912,17,18,0.0,00:01:27.6710000,NULL,NULL
155,913,-1,20,0.0,00:01:50.4050000,NULL,NULL
155,914,19,19,0.0,00:01:37.0150000,NULL,NULL
155,915,-1,19,0.0,00:01:43.1660000,NULL,NULL
155,918,-1,16,0.0,00:01:44.5400000,NULL,NULL
807,337,14,13,0.0,00:01:56.3750000,00:01:55.8570000,NULL
807,338,-1,15,0.0,00:01:25.8660000,00:01:25.7480000,NULL
807,339,10,5,1.0,00:01:49.6640000,00:01:47.3460000,00:01:51.0010000
807,340,15,16,0.0,00:01:37.0490000,00:01:36.6470000,NULL
807,341,16,13,0.0,00:01:22.8570000,00:01:22.1310000,NULL
807,342,-1,11,0.0,00:01:16.0300000,00:01:15.3170000,NULL
807,343,17,17,0.0,00:01:28.2270000,00:01:28.8410000,NULL
807,344,13,12,0.0,00:01:16.7700000,00:01:16.4380000,NULL
807,345,-1,8,0.0,00:01:38.8430000,00:01:38.5230000,00:01:38.4280000
807,346,10,13,1.0,00:01:32.1440000,00:01:31.6350000,NULL
807,347,13,10,0.0,00:01:16.3870000,00:01:14.9430000,00:01:15.3390000
807,348,6,10,8.0,00:01:21.5980000,00:01:21.2750000,00:01:21.7100000
807,349,14,9,0.0,00:01:55.4420000,00:01:47.8210000,00:01:47.0530000
807,350,7,8,6.0,00:01:23.5160000,00:01:22.9890000,00:01:23.0370000
807,351,10,17,1.0,00:01:47.9840000,00:01:47.6740000,NULL
807,352,-1,9,0.0,00:01:32.2110000,00:01:31.9260000,00:01:31.5590000
807,353,10,11,1.0,00:01:38.1150000,00:01:37.6200000,NULL
807,354,8,1,4.0,00:01:20.0500000,00:01:19.1440000,00:01:14.4700000
807,355,16,15,0.0,00:01:41.0150000,00:01:41.4180000,NULL
807,860,-1,9,0.0,00:01:27.4640000,00:01:26.3140000,00:01:26.4510000
807,861,9,16,2.0,00:01:38.3030000,00:01:37.8900000,NULL
807,862,15,16,0.0,00:01:36.9210000,00:01:36.7450000,NULL
807,863,12,13,0.0,00:01:34.6010000,00:01:33.8070000,NULL
807,864,10,13,1.0,00:01:23.7200000,00:01:23.1770000,NULL
807,865,8,10,4.0,00:01:15.4180000,00:01:15.4210000,NULL
807,866,12,13,0.0,00:01:15.1060000,00:01:14.7480000,NULL
807,867,5,8,10.0,00:01:39.0090000,00:01:38.6890000,00:01:38.7520000
807,868,12,14,0.0,00:01:46.3340000,00:01:55.5560000,00:01:54.3820000
807,869,9,4,2.0,00:01:16.2710000,00:01:39.4670000,00:01:43.5010000
807,870,11,10,0.0,00:01:22.1760000,00:01:21.6530000,00:01:22.8470000
807,871,4,11,12.0,00:01:49.3620000,00:01:48.8550000,NULL
807,873,14,11,0.0,00:01:49.5470000,00:01:47.9750000,NULL
807,874,7,15,6.0,00:01:32.8280000,00:01:32.2720000,NULL
807,875,6,8,8.0,00:01:38.9810000,00:01:38.4280000,00:01:38.2660000
807,876,8,12,4.0,00:01:27.1850000,00:01:26.2410000,NULL
807,877,-1,10,0.0,00:01:42.5790000,00:01:42.0190000,NULL
807,879,5,6,10.0,00:01:15.5360000,00:01:13.7040000,00:01:13.2060000
807,880,-1,11,0.0,00:01:45.9300000,00:01:38.0670000,NULL
807,881,8,12,4.0,00:01:37.9310000,00:01:38.1250000,NULL
807,882,10,10,1.0,00:01:36.9850000,00:01:36.2610000,NULL
807,883,12,14,0.0,00:01:34.4090000,00:01:33.9760000,NULL
807,884,15,15,0.0,00:01:23.0580000,00:01:22.3890000,NULL
807,885,11,11,0.0,00:01:25.5470000,00:01:18.3310000,NULL
807,886,-1,9,0.0,00:01:23.8990000,00:01:29.4350000,NULL
807,887,10,14,1.0,00:01:32.1680000,00:01:32.2110000,NULL
807,888,10,10,1.0,00:01:31.1320000,00:01:30.2310000,NULL
807,890,11,12,0.0,00:01:21.0280000,00:01:20.5800000,NULL
807,891,13,11,0.0,00:02:01.7120000,00:01:49.0880000,NULL
807,892,5,3,10.0,00:01:24.7760000,00:01:24.3050000,00:01:24.0650000
807,893,9,11,2.0,00:01:45.3810000,00:01:44.5550000,NULL
807,894,4,7,12.0,00:01:38.4270000,00:01:37.9130000,00:01:38.2370000
807,895,6,7,8.0,00:01:32.4650000,00:01:31.8480000,00:01:31.6440000
807,896,19,7,0.0,00:01:25.8830000,00:01:25.3390000,00:01:25.3340000
807,897,14,5,0.0,00:01:41.6310000,00:01:40.9310000,00:01:40.5760000
807,899,8,10,4.0,00:01:26.0710000,00:01:27.4410000,00:01:29.5820000
807,900,6,7,8.0,00:01:33.8930000,00:01:43.6580000,00:01:46.0300000
807,901,5,7,10.0,00:01:58.8830000,00:02:00.8390000,00:02:01.7120000
807,902,5,11,10.0,00:01:34.8740000,00:01:35.1160000,NULL
807,903,6,8,8.0,00:01:55.9130000,00:01:56.8470000,00:01:56.3660000
807,904,10,10,1.0,00:01:28.1550000,00:01:27.6850000,NULL
807,905,5,11,10.0,00:01:18.4320000,00:01:17.8460000,NULL
807,906,5,11,10.0,00:01:16.8970000,00:01:16.3000000,NULL
807,907,9,10,2.0,00:01:10.3890000,00:01:09.6240000,NULL
807,908,8,4,4.0,00:01:41.2710000,00:01:37.1120000,00:01:38.3290000
807,909,7,9,6.0,00:01:18.9270000,00:01:18.0170000,00:01:18.0140000
807,910,-1,9,0.0,00:01:26.1490000,00:01:24.6470000,00:01:24.7750000
807,911,10,18,1.0,00:02:11.2670000,NULL,NULL
807,912,12,13,0.0,00:01:26.3710000,00:01:26.2790000,NULL
807,913,9,13,2.0,00:01:47.3700000,00:01:47.3080000,NULL
807,914,8,13,4.0,00:01:35.0000000,00:01:35.0990000,NULL
807,915,12,17,0.0,00:01:40.2730000,00:01:40.0580000,NULL
807,917,8,12,4.0,00:01:11.8480000,00:01:11.9760000,NULL
807,918,6,12,16.0,00:01:42.4440000,00:01:42.3840000,NULL
807,926,7,13,6.0,00:01:29.6510000,00:01:29.2080000,NULL
807,927,14,13,0.0,00:01:40.8300000,00:01:43.0230000,NULL
807,928,-1,16,0.0,00:01:39.2160000,NULL,NULL
807,929,13,8,0.0,00:01:35.6530000,00:01:34.6130000,00:01:34.4500000
807,930,15,17,0.0,00:01:28.3650000,NULL,NULL
807,931,11,11,0.0,00:01:17.5520000,00:01:17.1930000,NULL
807,932,8,7,4.0,00:01:16.1860000,00:01:15.7060000,00:01:15.6140000
807,933,6,5,8.0,00:01:11.3190000,00:01:09.6040000,00:01:09.2780000
807,934,7,9,6.0,00:01:34.5940000,00:01:33.6930000,00:01:33.6730000
807,936,-1,11,0.0,00:01:24.1150000,00:01:23.8260000,NULL
807,937,-1,11,0.0,00:01:49.4990000,00:01:49.1210000,NULL
807,938,7,9,6.0,00:01:24.9370000,00:01:24.5100000,00:01:25.3170000
807,939,-1,11,0.0,00:01:46.6690000,00:01:46.3050000,NULL
807,940,6,13,8.0,00:01:35.3280000,00:01:34.3900000,NULL
807,941,-1,6,0.0,00:01:39.2500000,00:01:38.7270000,00:01:38.6590000
807,943,7,10,6.0,00:01:21.3150000,00:01:20.9350000,00:01:20.7880000
807,944,6,5,8.0,00:01:12.5950000,00:01:12.4850000,00:01:12.2650000
807,945,7,7,6.0,00:01:41.9960000,00:01:41.9250000,00:01:41.6860000
807,948,7,10,6.0,00:01:26.5500000,00:01:25.8650000,NULL
807,949,15,8,0.0,00:01:31.9870000,00:01:31.6040000,00:01:31.6200000
807,950,15,13,0.0,00:01:38.1650000,00:01:37.3330000,NULL
807,951,-1,13,0.0,00:01:38.5620000,00:01:37.7710000,NULL
807,952,-1,11,0.0,00:01:24.4630000,00:01:24.2030000,NULL
807,953,6,5,8.0,00:01:15.3330000,00:01:14.9890000,00:01:14.7260000
807,954,8,9,4.0,00:01:14.6630000,00:01:14.1660000,00:01:13.9520000
807,955,9,12,2.0,00:01:44.8600000,00:01:44.8240000,NULL
807,956,19,2,0.0,00:01:07.3850000,00:01:07.2570000,00:01:09.2850000
807,957,7,8,6.0,00:01:32.3490000,00:01:31.7700000,00:01:32.1720000
807,958,10,9,1.0,00:01:41.4710000,00:01:23.9010000,00:01:21.8230000
807,959,7,8,6.0,00:01:16.3010000,00:01:15.6230000,00:01:15.5100000
807,960,4,7,12.0,00:01:48.0800000,00:01:47.3170000,00:01:47.5430000
807,961,10,9,1.0,00:01:23.2590000,00:01:22.9510000,00:01:22.8360000
807,962,-1,8,0.0,00:01:46.0810000,00:01:44.7370000,00:01:44.4790000
807,963,8,8,4.0,00:01:34.8270000,00:01:34.4410000,00:01:34.4890000
807,964,8,9,4.0,00:01:32.4480000,00:01:32.2000000,00:01:32.1420000
807,966,7,5,6.0,00:01:20.5990000,00:01:19.7690000,00:01:19.3300000
807,967,7,8,6.0,00:01:12.4280000,00:01:12.3600000,00:01:12.1040000
807,968,7,7,6.0,00:01:41.0000000,00:01:40.7090000,00:01:40.5010000
807,969,11,11,0.0,00:01:24.9750000,00:01:25.0910000,NULL
807,970,12,7,0.0,00:01:34.4530000,00:01:33.6360000,00:01:33.5800000
807,971,9,7,2.0,00:01:31.0570000,00:01:30.1690000,00:01:29.8420000
807,972,8,8,4.0,00:01:35.5070000,00:01:35.3280000,00:01:35.2850000
807,973,6,13,8.0,00:01:22.0910000,00:01:21.3970000,NULL
807,974,-1,10,0.0,00:01:13.7870000,00:01:13.6280000,NULL
807,975,8,10,4.0,00:01:13.8040000,00:01:13.4060000,00:01:13.2710000
807,976,-1,13,0.0,00:01:43.9300000,00:01:44.2670000,NULL
807,977,13,11,0.0,00:01:06.1740000,00:01:05.5970000,NULL
807,978,6,5,8.0,00:01:39.2010000,00:01:29.3400000,00:01:28.8560000
807,979,17,12,0.0,00:01:18.1370000,00:01:17.6550000,00:01:17.4680000
807,980,6,7,8.0,00:01:45.2800000,00:01:44.9880000,00:01:44.9820000
807,981,13,14,0.0,00:01:39.2420000,00:01:38.0590000,NULL
807,982,-1,7,0.0,00:01:42.5860000,00:01:41.2770000,00:01:41.0130000
807,983,16,8,0.0,00:01:32.5860000,00:01:31.7780000,00:01:31.6070000
807,984,-1,11,0.0,00:01:30.2520000,00:01:29.8790000,NULL
807,986,-1,7,0.0,00:01:18.3220000,00:01:17.7920000,00:01:17.4660000
807,987,10,7,1.0,00:01:10.0780000,00:01:09.7260000,00:01:09.7030000
807,988,6,7,8.0,00:01:38.7810000,00:01:38.1380000,00:01:38.2820000
807,989,7,7,6.0,00:01:23.7820000,00:01:23.5440000,00:01:23.5320000
807,990,6,7,8.0,00:01:30.2600000,00:01:29.1870000,00:01:29.5700000
807,991,6,7,8.0,00:01:33.5450000,00:01:32.4940000,00:01:32.5320000
807,992,-1,14,0.0,00:01:43.7460000,00:01:43.2320000,00:01:43.0660000
807,993,-1,16,0.0,00:01:18.9230000,NULL,NULL
807,994,8,11,4.0,00:01:13.0650000,00:01:12.4110000,NULL
807,995,7,7,6.0,00:01:12.7950000,00:01:11.9160000,00:01:11.9730000
807,996,9,12,2.0,00:01:32.9490000,00:01:32.1150000,NULL
807,997,-1,10,0.0,00:01:04.8640000,00:01:04.6760000,00:01:05.0190000
807,998,6,11,8.0,00:01:28.0170000,00:01:27.9010000,NULL
807,999,5,7,10.0,00:01:13.4790000,00:01:12.9460000,00:01:12.5600000
807,1000,12,13,0.0,00:01:17.9050000,00:01:36.5060000,NULL
807,1001,-1,20,0.0,00:01:44.1450000,NULL,NULL
807,1002,13,20,0.0,00:01:21.8010000,NULL,NULL
807,1003,10,10,1.0,00:01:38.9320000,00:01:38.4500000,00:01:38.5880000
807,1004,12,12,0.0,00:01:34.6550000,NULL,NULL
807,1005,-1,16,0.0,00:01:30.3610000,NULL,NULL
807,1007,6,7,8.0,00:01:16.4980000,00:01:16.1260000,00:01:15.8270000
807,1008,-1,13,0.0,00:01:09.0090000,00:01:08.8340000,NULL
807,1009,-1,10,0.0,00:01:37.5690000,00:01:36.6300000,00:01:36.5420000
807,1010,7,11,6.0,00:01:22.5400000,00:01:22.5620000,NULL
807,1011,-1,17,0.0,00:01:30.0340000,NULL,NULL
807,1012,-1,8,0.0,00:01:33.6440000,00:01:33.9680000,00:01:32.9620000
807,1013,14,15,0.0,00:01:43.4270000,NULL,NULL
807,1014,13,0,0.0,00:01:18.4040000,NULL,NULL
807,1015,13,11,0.0,00:01:12.0970000,00:01:11.6700000,NULL
807,1016,7,7,6.0,00:01:11.7200000,00:01:11.5530000,00:01:11.3240000
807,1017,8,13,4.0,00:01:30.8650000,00:01:30.5440000,NULL
807,1018,13,15,0.0,00:01:04.7330000,00:01:04.5160000,NULL
807,1019,10,10,1.0,00:01:26.5680000,00:01:26.3970000,00:01:26.3860000
807,1020,-1,9,0.0,00:01:13.1860000,00:01:12.7660000,00:01:13.1260000
807,1021,12,11,0.0,00:01:16.7900000,00:01:16.5650000,NULL
807,1022,8,12,4.0,00:01:45.8990000,00:01:44.5490000,00:01:44.5420000
807,1023,5,6,10.0,00:01:20.1550000,00:01:20.2750000,00:01:20.0490000
807,1024,9,8,2.0,00:01:39.0010000,00:01:38.5800000,00:01:38.2640000
807,1025,10,6,1.0,00:01:34.2360000,00:01:33.8980000,00:01:33.2890000
807,1026,-1,15,0.0,00:01:29.6190000,00:01:30.1120000,NULL
807,1027,10,12,1.0,00:01:17.6080000,00:01:16.8850000,NULL
807,1029,15,13,0.0,00:01:09.0500000,00:01:08.9210000,NULL
807,1030,12,9,0.0,00:01:37.5060000,00:01:36.8590000,00:01:36.7100000
807,1034,-1,13,0.0,00:01:26.3270000,00:01:26.5660000,NULL
807,1035,7,3,6.0,00:01:27.2790000,00:01:26.2610000,00:01:26.0820000
807,1041,8,20,4.0,00:01:28.0210000,NULL,NULL
807,1074,17,17,0.0,00:01:32.7770000,NULL,NULL
807,1075,12,17,0.0,00:01:30.5430000,NULL,NULL
807,1098,15,10,0.0,00:01:31.2040000,00:01:30.8090000,NULL
807,1099,12,10,0.0,00:01:29.5470000,00:01:29.4510000,NULL
807,1100,7,10,6.0,00:01:18.0290000,00:01:17.4120000,00:01:17.7350000
807,1101,17,0,0.0,00:01:42.7550000,NULL,NULL
807,1104,17,18,0.0,00:01:13.2790000,NULL,NULL
807,1105,15,7,0.0,00:01:13.4200000,00:01:13.2830000,00:01:13.2290000
807,1106,15,5,0.0,00:01:22.7300000,00:01:20.3050000,00:01:27.1020000
807,1107,-1,8,0.0,00:01:05.7400000,00:01:05.3620000,00:01:05.0900000
807,1108,13,11,0.0,00:01:29.6030000,00:01:28.8960000,NULL
807,1109,14,10,0.0,00:01:18.6950000,00:01:17.6520000,00:01:17.1860000
807,1110,18,0,0.0,00:02:03.1660000,NULL,NULL
807,1111,12,14,0.0,00:01:21.8910000,00:01:20.2500000,NULL
807,1112,17,13,0.0,00:01:22.3430000,00:01:21.7760000,NULL
807,1113,13,9,0.0,00:01:32.1000000,00:01:31.9940000,00:01:31.8080000
807,1114,14,18,0.0,00:01:31.2990000,NULL,NULL
807,1115,16,14,0.0,00:01:25.9040000,00:01:25.7830000,NULL
807,1117,13,12,0.0,00:01:18.9690000,00:01:18.5240000,NULL
807,1118,12,11,0.0,00:01:10.4750000,00:01:10.5470000,NULL
807,1119,19,13,0.0,00:01:34.2650000,00:01:33.9790000,NULL
807,1120,15,8,0.0,00:01:24.4250000,00:01:24.2130000,00:01:24.1080000
807,1121,16,10,0.0,00:01:30.5660000,00:01:29.8510000,00:01:30.5020000
807,1122,10,15,1.0,00:01:29.0550000,NULL,NULL
807,1123,9,16,2.0,00:01:17.9760000,NULL,NULL
807,1124,11,12,0.0,00:01:29.8210000,00:01:29.4940000,NULL
807,1125,10,9,1.0,00:01:35.0680000,00:01:34.6670000,00:01:34.6040000
807,1127,11,10,0.0,00:01:15.8410000,00:01:15.5690000,00:01:15.9800000
807,1128,-1,19,0.0,00:01:11.8760000,00:01:11.4400000,NULL
807,1129,11,17,0.0,00:01:13.9780000,NULL,NULL
807,1130,11,13,0.0,00:01:12.7080000,00:01:12.3100000,NULL
807,1131,6,9,8.0,00:01:05.5960000,00:01:05.2620000,00:01:05.3850000
807,1132,6,6,8.0,00:01:31.9290000,00:01:26.8470000,00:01:26.3380000
807,1133,13,11,0.0,00:01:17.3620000,00:01:16.3170000,NULL
807,1134,18,16,0.0,00:01:56.3080000,NULL,NULL
807,1135,11,12,0.0,00:01:11.8320000,00:01:11.2150000,NULL
807,1136,17,10,0.0,00:01:20.7810000,00:01:20.4110000,00:01:20.3390000
807,1137,11,12,0.0,00:01:43.1010000,00:01:43.1910000,NULL
807,1138,9,6,2.0,00:01:30.7240000,00:01:30.1500000,00:01:30.1150000
807,1140,9,10,2.0,00:01:17.1860000,00:01:16.9950000,00:01:17.3650000
807,1141,-1,17,0.0,00:01:31.6230000,NULL,NULL
807,1142,8,9,4.0,00:01:33.9200000,00:01:33.1140000,00:01:33.0620000
807,1143,-1,18,0.0,00:01:22.4420000,NULL,NULL
807,1144,8,7,4.0,00:01:23.7220000,00:01:23.0400000,00:01:22.8860000
808,337,-1,17,0.0,00:01:56.1670000,00:01:56.6190000,NULL
808,338,-1,18,0.0,00:01:26.4710000,NULL,NULL
808,339,-1,11,0.0,00:01:47.9520000,00:01:48.7600000,NULL
808,340,7,14,6.0,00:01:37.0310000,00:01:36.3110000,NULL
808,341,11,19,0.0,00:01:22.9760000,00:01:22.1390000,NULL
808,342,13,14,0.0,00:01:15.4820000,00:01:15.5760000,NULL
808,343,15,9,0.0,00:01:27.6200000,00:01:27.3870000,00:01:27.4300000
808,344,17,14,0.0,00:01:16.5690000,00:01:16.8440000,NULL
808,345,14,10,0.0,00:01:39.0040000,00:01:38.5520000,00:01:38.5230000
808,346,13,15,0.0,00:01:31.6380000,00:01:31.7960000,NULL
808,347,10,13,1.0,00:01:16.5210000,00:01:15.3070000,NULL
808,348,5,7,10.0,00:01:21.5580000,00:01:20.7970000,00:01:21.2290000
808,349,9,23,2.0,NULL,NULL,NULL
808,350,13,20,0.0,00:01:24.0860000,00:01:23.8190000,NULL
808,351,11,12,0.0,00:01:48.9060000,00:01:48.1650000,NULL
808,352,-1,13,0.0,00:01:32.8490000,00:01:32.4220000,NULL
808,353,-1,20,0.0,00:01:38.1740000,00:01:37.7990000,NULL
808,354,16,10,0.0,00:01:20.1890000,00:01:19.1530000,00:01:17.6560000
808,355,6,10,8.0,00:01:41.0180000,00:01:40.6580000,00:01:40.9010000
808,841,3,6,15.0,00:01:25.5430000,00:01:25.5820000,00:01:25.2470000
808,842,17,8,0.0,00:01:37.2100000,00:01:36.6420000,00:01:36.3240000
808,843,9,10,2.0,00:01:35.3700000,00:01:35.1490000,NULL
808,844,8,7,4.0,00:01:27.4750000,00:01:26.6540000,00:01:26.2960000
808,845,11,6,0.0,00:01:23.0690000,00:01:22.9480000,00:01:22.4710000
808,846,-1,10,0.0,00:01:16.3780000,00:01:15.8150000,NULL
808,847,5,10,10.0,00:01:14.6990000,00:01:14.3540000,00:01:14.0850000
808,848,15,11,0.0,00:01:39.6900000,00:01:39.0680000,NULL
808,849,12,14,0.0,00:01:34.4280000,00:01:32.7340000,NULL
808,850,10,9,1.0,00:01:33.1870000,00:01:31.9850000,00:01:32.1870000
808,851,12,12,0.0,00:01:23.0700000,00:01:22.2840000,NULL
808,852,9,10,2.0,00:02:05.2920000,00:02:03.4660000,00:01:52.3030000
808,853,-1,7,0.0,00:01:24.4860000,00:01:23.7410000,00:01:23.5300000
808,854,17,18,0.0,00:01:49.8350000,NULL,NULL
808,855,9,10,2.0,00:01:32.8770000,00:01:32.2450000,NULL
808,856,-1,8,0.0,00:01:38.3780000,00:01:38.1860000,00:01:38.1240000
808,857,11,16,0.0,00:01:26.1890000,00:01:26.3190000,NULL
808,858,13,12,0.0,00:01:40.9550000,00:01:40.9190000,NULL
808,859,10,15,1.0,00:01:13.8590000,00:01:14.0530000,NULL
808,860,-1,19,0.0,00:01:29.0180000,NULL,NULL
808,861,16,19,0.0,00:01:39.5670000,NULL,NULL
808,862,18,19,0.0,00:01:38.6770000,NULL,NULL
808,863,16,18,0.0,00:01:35.8230000,NULL,NULL
808,864,17,18,0.0,00:01:25.2770000,NULL,NULL
808,865,-1,18,0.0,00:01:17.4040000,NULL,NULL
808,866,19,18,0.0,00:01:16.4820000,NULL,NULL
808,867,13,20,0.0,00:01:40.4570000,NULL,NULL
808,868,-1,18,0.0,00:01:49.0270000,NULL,NULL
808,869,16,18,0.0,00:01:18.5310000,NULL,NULL
808,870,19,20,0.0,00:01:24.1670000,NULL,NULL
808,871,14,19,0.0,00:01:51.9670000,NULL,NULL
808,872,15,18,0.0,00:01:26.8870000,NULL,NULL
808,873,19,18,0.0,00:01:50.8460000,NULL,NULL
808,874,17,22,0.0,00:01:35.4320000,NULL,NULL
808,875,16,18,0.0,00:01:40.2070000,NULL,NULL
808,876,17,19,0.0,00:01:28.7560000,NULL,NULL
808,877,16,20,0.0,00:01:45.1510000,NULL,NULL
808,879,11,19,0.0,00:01:17.0730000,NULL,NULL
810,337,-1,22,0.0,00:02:00.5870000,NULL,NULL
810,338,-1,24,0.0,00:01:30.1850000,NULL,NULL
810,339,14,24,0.0,00:01:59.9770000,NULL,NULL
810,340,-1,22,0.0,00:01:39.7830000,NULL,NULL
810,341,19,23,0.0,00:01:25.5560000,NULL,NULL
810,342,-1,21,0.0,00:01:17.8640000,NULL,NULL
810,343,19,23,0.0,00:01:31.9890000,NULL,NULL
810,344,19,23,0.0,00:01:19.6750000,NULL,NULL
810,345,17,21,0.0,00:01:42.0860000,NULL,NULL
810,346,-1,22,0.0,00:01:35.2120000,NULL,NULL
810,347,-1,24,0.0,NULL,NULL,NULL
810,348,18,21,0.0,00:01:25.1180000,NULL,NULL
810,349,17,22,0.0,00:02:18.7540000,NULL,NULL
810,350,20,21,0.0,00:01:25.9740000,NULL,NULL
810,351,15,20,0.0,00:01:51.1070000,NULL,NULL
810,352,-1,21,0.0,00:01:36.2650000,NULL,NULL
810,353,-1,22,0.0,00:01:42.3250000,NULL,NULL
810,354,-1,21,0.0,00:01:22.8100000,NULL,NULL
810,355,18,22,0.0,00:01:44.5100000,NULL,NULL
811,337,-1,23,0.0,00:02:03.2040000,NULL,NULL
811,338,-1,21,0.0,00:01:30.5260000,NULL,NULL
811,339,16,23,0.0,00:01:57.2690000,NULL,NULL
811,340,16,23,0.0,00:01:40.4690000,NULL,NULL
811,341,-1,21,0.0,00:01:27.1220000,NULL,NULL
811,342,-1,22,0.0,00:01:18.5090000,NULL,NULL
811,343,-1,22,0.0,00:01:31.2660000,NULL,NULL
811,344,-1,22,0.0,00:01:19.4840000,NULL,NULL
811,345,20,24,0.0,00:01:42.8510000,NULL,NULL
811,347,19,20,0.0,00:01:18.5920000,NULL,NULL
811,348,17,22,0.0,00:01:26.3910000,NULL,NULL
811,349,-1,18,0.0,00:02:03.6120000,NULL,NULL
811,350,-1,22,0.0,00:01:26.8470000,NULL,NULL
811,351,-1,23,0.0,00:01:54.1740000,NULL,NULL
811,352,15,23,0.0,00:01:37.2700000,NULL,NULL
811,353,14,24,0.0,00:01:43.2830000,NULL,NULL
811,354,21,24,0.0,00:01:23.7960000,NULL,NULL
811,355,19,23,0.0,00:01:45.0850000,NULL,NULL
811,852,13,7,0.0,00:02:05.0470000,00:02:04.4520000,00:01:51.1210000
811,853,9,10,2.0,00:01:24.9140000,00:01:24.1570000,NULL
811,854,15,15,0.0,00:01:48.8610000,00:01:48.6620000,NULL
811,855,16,9,0.0,00:01:33.3590000,00:01:32.2970000,NULL
811,856,13,15,0.0,00:01:39.3160000,00:01:38.7910000,NULL
811,857,12,14,0.0,00:01:26.7660000,00:01:26.6510000,NULL
811,858,16,14,0.0,00:01:41.3910000,00:01:41.0790000,NULL
811,859,17,9,0.0,00:01:14.4530000,00:01:13.3000000,00:01:13.7610000
811,860,16,14,0.0,00:01:27.0040000,00:01:26.6630000,NULL
811,861,6,13,8.0,00:01:38.4370000,00:01:37.8410000,NULL
811,862,7,14,6.0,00:01:36.6740000,00:01:36.2890000,NULL
811,863,22,15,0.0,00:01:34.4660000,00:01:34.0170000,NULL
811,864,-1,17,0.0,00:01:24.9810000,NULL,NULL
811,865,10,13,1.0,00:01:15.9230000,00:01:15.7090000,NULL
811,866,17,16,0.0,00:01:14.9950000,00:01:15.1700000,NULL
811,867,10,14,1.0,00:01:39.4490000,00:01:39.2070000,NULL
811,868,9,13,2.0,00:01:47.1050000,00:01:57.4260000,NULL
811,869,17,14,0.0,00:01:16.4260000,00:01:40.7520000,NULL
811,870,7,9,6.0,00:01:22.2710000,00:01:21.6970000,00:01:22.3430000
811,871,12,17,0.0,00:01:49.9580000,00:01:50.0880000,NULL
811,872,10,13,1.0,00:01:25.1350000,00:01:25.0420000,NULL
811,873,18,22,0.0,00:01:49.8090000,NULL,NULL
811,874,14,16,0.0,00:01:33.4050000,NULL,NULL
811,875,15,17,0.0,00:01:39.4430000,NULL,NULL
811,876,10,13,1.0,00:01:26.8510000,00:01:26.3310000,NULL
811,877,8,14,4.0,00:01:43.2980000,00:01:42.3300000,NULL
811,879,-1,11,0.0,00:01:15.3330000,00:01:14.2190000,NULL
812,337,-1,24,0.0,00:02:04.9040000,NULL,NULL
812,338,14,22,0.0,00:01:30.6130000,NULL,NULL
812,339,15,22,0.0,00:01:56.2990000,NULL,NULL
812,340,17,24,0.0,00:01:40.5780000,NULL,NULL
812,341,-1,24,0.0,00:01:26.7500000,NULL,NULL
812,342,14,23,0.0,00:01:19.5590000,NULL,NULL
812,343,20,24,0.0,00:01:32.0600000,NULL,NULL
812,344,18,24,0.0,00:01:27.7570000,NULL,NULL
812,345,18,23,0.0,00:01:42.6000000,NULL,NULL
812,346,19,23,0.0,00:01:36.5760000,NULL,NULL
812,850,20,20,0.0,00:01:36.4220000,NULL,NULL
813,841,-1,15,0.0,00:01:26.2980000,00:01:26.7680000,NULL
813,842,-1,18,0.0,00:01:38.2760000,NULL,NULL
813,843,18,17,0.0,00:01:36.1210000,00:01:36.9560000,NULL
813,844,17,14,0.0,00:01:27.3960000,00:01:27.2360000,NULL
813,845,15,9,0.0,00:01:23.4060000,00:01:22.8540000,00:01:22.9520000
813,846,18,8,0.0,00:01:15.8190000,00:01:15.5450000,00:01:16.5280000
813,847,-1,12,0.0,00:01:15.5850000,00:01:15.0430000,NULL
813,848,18,15,0.0,00:01:39.6900000,00:01:39.6450000,NULL
813,849,14,7,0.0,00:01:32.7020000,00:01:32.5880000,00:01:31.9330000
813,850,14,13,0.0,00:01:33.0030000,00:01:32.6350000,NULL
813,851,16,17,0.0,00:01:23.8470000,NULL,NULL
813,852,10,21,1.0,00:02:05.6210000,00:02:08.1060000,NULL
813,853,11,14,0.0,00:01:24.7980000,00:01:24.7260000,NULL
813,854,11,13,0.0,00:01:49.7100000,00:01:48.2700000,NULL
813,855,14,14,0.0,00:01:33.7810000,00:01:33.2240000,NULL
813,856,-1,16,0.0,00:01:39.4360000,00:01:39.1890000,NULL
813,857,-1,13,0.0,00:01:26.8290000,00:01:26.5370000,NULL
813,858,14,23,0.0,00:01:42.2580000,00:01:41.7600000,NULL
813,859,-1,18,0.0,00:01:14.6250000,NULL,NULL
813,860,13,8,0.0,00:01:26.8030000,00:01:26.2060000,00:01:25.9080000
813,861,19,11,0.0,00:01:37.7890000,00:01:37.5890000,NULL
813,862,8,13,4.0,00:01:36.5280000,00:01:36.2830000,NULL
813,863,-1,21,0.0,00:01:34.6390000,NULL,NULL
813,864,1,1,25.0,00:01:23.3800000,00:01:22.1050000,00:01:22.2850000
813,865,-1,24,0.0,00:01:16.0170000,00:01:15.0260000,00:01:15.2450000
813,866,13,22,0.0,00:01:14.9790000,00:01:15.2310000,NULL
813,867,12,3,0.0,00:01:38.8250000,00:01:38.5700000,00:01:38.4750000
813,868,16,7,0.0,00:01:46.4490000,00:01:56.8020000,00:01:53.5390000
813,869,15,5,0.0,00:01:16.1810000,00:01:38.7310000,00:01:43.9500000
813,870,13,8,0.0,00:01:22.4750000,00:01:21.5040000,00:01:21.9390000
813,871,-1,6,0.0,00:01:48.9930000,00:01:48.7800000,00:01:47.8930000
813,872,11,22,0.0,00:01:25.1030000,00:01:24.8200000,NULL
813,873,-1,2,0.0,00:01:49.4940000,00:01:47.6020000,00:01:46.8040000
813,874,8,12,4.0,00:01:32.8340000,00:01:32.5120000,NULL
813,875,14,15,0.0,00:01:39.0240000,00:01:38.7250000,NULL
813,876,16,9,0.0,00:01:26.0480000,00:01:25.9830000,00:01:26.7130000
813,877,5,3,10.0,00:01:41.9810000,00:01:41.9070000,00:01:41.2260000
813,879,-1,16,0.0,00:01:16.2660000,00:01:13.6980000,00:01:13.1740000
813,880,-1,17,0.0,00:01:47.6140000,NULL,NULL
813,881,-1,16,0.0,00:01:37.8670000,NULL,NULL
813,882,14,14,0.0,00:01:37.2810000,00:01:37.1390000,NULL
813,883,11,17,0.0,00:01:34.4250000,NULL,NULL
813,884,14,17,0.0,00:01:23.3180000,NULL,NULL
813,885,-1,16,0.0,00:01:23.4520000,00:01:21.6880000,NULL
813,886,16,13,0.0,00:01:24.7760000,00:01:29.9170000,NULL
813,887,11,15,0.0,00:01:32.5120000,00:01:32.3590000,NULL
813,888,15,18,0.0,00:01:31.7070000,NULL,NULL
813,890,10,15,1.0,00:01:20.8160000,00:01:21.1330000,NULL
813,891,17,17,0.0,00:02:03.0720000,NULL,NULL
813,892,14,14,0.0,00:01:24.9050000,00:01:25.0110000,NULL
813,893,11,18,0.0,00:01:46.6190000,NULL,NULL
813,894,13,18,0.0,00:01:39.9870000,NULL,NULL
813,895,16,15,0.0,00:01:32.8750000,00:01:32.0930000,NULL
813,896,12,18,0.0,00:01:26.8420000,NULL,NULL
813,897,11,14,0.0,00:01:41.3650000,00:01:41.3950000,NULL
813,899,16,16,0.0,00:01:27.3670000,NULL,NULL
813,900,-1,21,0.0,NULL,NULL,NULL
813,901,-1,16,0.0,00:02:02.0740000,NULL,NULL
813,902,14,17,0.0,00:01:36.6630000,NULL,NULL
813,903,14,22,0.0,NULL,NULL,NULL
813,904,15,22,0.0,NULL,NULL,NULL
813,905,-1,15,0.0,00:01:18.5850000,00:01:18.3560000,NULL
813,906,-1,17,0.0,00:01:18.3280000,NULL,NULL
813,907,12,13,0.0,00:01:10.8210000,00:01:09.9390000,NULL
813,908,17,20,0.0,00:01:43.8920000,00:01:44.0180000,NULL
813,909,12,18,0.0,00:01:20.1950000,NULL,NULL
813,910,13,20,0.0,NULL,NULL,NULL
813,911,-1,17,0.0,00:02:11.2610000,NULL,NULL
813,912,14,16,0.0,00:01:27.5200000,NULL,NULL
813,913,12,18,0.0,00:01:49.0630000,NULL,NULL
813,914,16,22,0.0,00:01:35.9170000,NULL,NULL
813,915,18,21,0.0,00:01:43.2050000,NULL,NULL
813,917,12,16,0.0,00:01:12.2330000,NULL,NULL
813,918,-1,15,0.0,00:01:42.8600000,NULL,NULL
813,926,-1,9,0.0,00:01:29.8470000,00:01:28.7260000,00:01:29.4800000
813,927,-1,12,0.0,00:01:40.3610000,00:01:42.1980000,NULL
813,928,-1,11,0.0,00:01:38.5630000,00:01:38.1340000,NULL
813,929,15,16,0.0,00:01:35.6770000,NULL,NULL
813,930,-1,12,0.0,00:01:27.2810000,00:01:27.4500000,NULL
813,931,-1,8,0.0,00:01:17.6300000,00:01:16.7750000,00:01:16.9460000
813,932,7,6,6.0,00:01:16.0980000,00:01:15.6220000,00:01:15.3290000
813,933,7,10,6.0,00:01:11.6610000,00:01:10.3740000,NULL
813,934,-1,14,0.0,00:01:34.8770000,00:01:34.5110000,NULL
813,936,14,14,0.0,00:01:23.8950000,00:01:24.6090000,NULL
813,937,-1,7,0.0,00:01:49.5680000,00:01:48.9560000,00:01:48.7540000
813,938,-1,10,0.0,00:01:25.4290000,00:01:24.5250000,NULL
813,939,12,18,0.0,00:01:47.3230000,NULL,NULL
813,940,8,11,4.0,00:01:34.7960000,00:01:34.4970000,NULL
813,941,7,14,6.0,00:01:39.7240000,00:01:39.8110000,NULL
813,943,11,13,0.0,00:01:21.5200000,00:01:21.2610000,NULL
813,944,10,15,1.0,00:01:13.3850000,NULL,NULL
813,945,-1,13,0.0,00:01:42.9290000,00:01:42.8070000,NULL
814,841,10,14,1.0,00:01:27.2220000,00:01:26.7390000,NULL
814,842,10,14,1.0,00:01:38.0450000,00:01:37.3700000,NULL
814,843,11,8,0.0,00:01:35.7020000,00:01:35.8580000,00:01:36.1900000
814,844,-1,13,0.0,00:01:27.6250000,00:01:27.1450000,NULL
814,845,12,16,0.0,00:01:24.3320000,00:01:26.1260000,NULL
814,846,12,13,0.0,00:01:16.8130000,00:01:16.1180000,NULL
814,847,18,11,0.0,00:01:14.8740000,00:01:14.7520000,NULL
814,848,14,12,0.0,00:01:39.8520000,00:01:39.4220000,NULL
814,849,15,6,0.0,00:01:34.4720000,00:01:32.5690000,00:01:31.9290000
814,850,13,12,0.0,00:01:32.6510000,00:01:32.5600000,NULL
814,851,7,11,6.0,00:01:22.9760000,00:01:22.2560000,NULL
814,852,11,17,0.0,00:02:07.7580000,NULL,NULL
814,853,8,11,4.0,00:01:24.5740000,00:01:24.1630000,NULL
814,854,6,10,8.0,00:01:48.0220000,00:01:47.4860000,NULL
814,855,12,12,0.0,00:01:33.4990000,00:01:32.7460000,NULL
814,856,10,9,1.0,00:01:38.5490000,00:01:38.2540000,NULL
814,857,13,12,0.0,00:01:26.8640000,00:01:26.5030000,NULL
814,858,9,10,2.0,00:01:41.0640000,00:01:40.4140000,NULL
814,859,8,11,4.0,00:01:13.7330000,00:01:13.5840000,NULL
814,860,10,15,1.0,00:01:27.4690000,00:01:27.0860000,NULL
814,861,7,14,6.0,00:01:38.3250000,00:01:37.8770000,NULL
814,862,12,15,0.0,00:01:36.6390000,00:01:36.3170000,NULL
814,863,6,10,8.0,00:01:36.6240000,00:01:33.5100000,NULL
814,864,14,12,0.0,00:01:23.8520000,00:01:23.1250000,NULL
814,865,7,14,6.0,00:01:16.0620000,00:01:15.7180000,NULL
814,866,11,8,0.0,00:01:15.0190000,00:01:14.6390000,00:01:14.7050000
814,867,7,10,6.0,00:01:38.8580000,00:01:38.5190000,00:01:38.9920000
814,868,-1,10,0.0,00:01:47.5820000,00:01:57.0090000,NULL
814,869,11,9,0.0,00:01:16.3520000,00:01:39.7030000,00:01:44.8890000
814,870,12,12,0.0,00:01:21.9120000,00:01:21.8130000,NULL
814,871,10,9,1.0,00:01:50.0330000,00:01:48.7290000,00:01:48.8900000
814,872,8,9,4.0,00:01:24.8750000,00:01:24.3450000,00:01:24.3040000
814,873,4,6,12.0,00:01:48.0280000,00:01:47.6670000,00:01:47.2410000
814,874,12,11,0.0,00:01:32.8980000,00:01:32.3270000,NULL
814,875,12,14,0.0,00:01:38.9420000,00:01:38.6430000,NULL
814,876,12,16,0.0,00:01:27.4620000,00:01:26.9890000,NULL
814,877,9,12,2.0,00:01:42.5720000,00:01:42.2180000,NULL
814,879,19,10,0.0,00:01:15.9010000,00:01:14.1210000,NULL
814,880,8,9,4.0,00:01:45.6010000,00:01:36.9010000,00:01:29.3050000
814,881,-1,15,0.0,00:01:37.4930000,00:01:44.5090000,NULL
814,882,8,11,4.0,00:01:37.4780000,00:01:36.2870000,NULL
814,883,4,5,12.0,00:01:33.7620000,00:01:33.3350000,00:01:33.2350000
814,884,7,10,6.0,00:01:22.6630000,00:01:22.0190000,00:01:22.2330000
814,885,9,17,2.0,00:01:26.3220000,NULL,NULL
814,886,7,17,6.0,00:01:24.9080000,NULL,NULL
814,887,9,21,2.0,00:01:32.0620000,00:01:31.2910000,00:01:30.7360000
814,888,11,12,0.0,00:01:31.3220000,00:01:30.6970000,NULL
814,890,18,18,0.0,00:01:22.0430000,NULL,NULL
814,891,-1,5,0.0,00:02:02.3380000,00:01:48.9250000,00:02:02.3320000
814,892,-1,15,0.0,00:01:25.0090000,00:01:25.0770000,NULL
814,893,20,17,0.0,00:01:46.1210000,NULL,NULL
814,894,-1,15,0.0,00:01:39.1850000,00:01:38.7180000,NULL
814,895,11,12,0.0,00:01:32.2860000,00:01:31.9920000,NULL
814,896,8,12,4.0,00:01:25.9080000,00:01:25.7110000,NULL
814,897,6,11,8.0,00:01:41.6760000,00:01:41.1330000,NULL
814,899,11,12,0.0,00:01:26.2750000,00:01:27.7980000,NULL
814,979,-1,19,0.0,00:01:19.8680000,NULL,NULL
815,841,-1,13,0.0,00:01:25.8120000,00:01:26.1080000,NULL
815,842,-1,16,0.0,00:01:37.7590000,00:01:37.5280000,NULL
815,843,17,12,0.0,00:01:36.0460000,00:01:36.0530000,NULL
815,844,14,15,0.0,00:01:27.7780000,00:01:27.2440000,NULL
815,845,9,12,2.0,00:01:24.2090000,00:01:23.3670000,NULL
815,846,-1,0,0.0,00:01:15.9180000,00:01:15.4820000,NULL
815,848,11,16,0.0,00:01:39.4940000,00:01:39.6570000,NULL
815,849,7,12,6.0,00:01:34.1450000,00:01:32.6240000,NULL
815,850,11,15,0.0,00:01:33.2950000,00:01:33.1760000,NULL
815,851,15,10,0.0,00:01:23.0670000,00:01:22.1570000,NULL
815,852,-1,9,0.0,00:02:06.2840000,00:02:04.6250000,00:01:51.3740000
815,853,-1,15,0.0,00:01:25.1130000,00:01:24.8450000,NULL
815,854,10,11,1.0,00:01:47.7170000,00:01:47.6160000,NULL
815,855,8,17,4.0,00:01:34.7040000,NULL,NULL
815,856,16,17,0.0,00:01:39.0970000,00:01:39.4430000,NULL
815,857,10,20,1.0,00:01:27.2490000,00:01:27.5620000,NULL
815,858,11,11,0.0,00:01:41.3110000,00:01:40.8740000,NULL
815,859,13,17,0.0,00:01:14.4300000,00:01:14.1820000,NULL
815,860,8,22,4.0,00:01:26.5960000,NULL,NULL
815,861,2,9,18.0,00:01:37.9330000,00:01:37.4770000,00:01:37.6980000
815,862,11,8,0.0,00:01:36.1980000,00:01:35.8310000,00:01:36.5240000
815,863,11,8,0.0,00:01:33.8140000,00:01:33.6600000,00:01:33.3940000
815,864,-1,5,0.0,00:01:24.2610000,00:01:22.7730000,00:01:22.5330000
815,866,3,15,15.0,00:01:15.3260000,00:01:15.1560000,NULL
815,867,9,15,2.0,00:01:39.3530000,00:01:39.3580000,NULL
815,868,-1,15,0.0,00:01:46.4940000,00:01:57.8950000,NULL
815,869,6,17,8.0,00:01:15.7260000,00:01:39.9330000,NULL
815,870,14,14,0.0,00:01:22.1100000,00:01:21.8950000,NULL
815,871,-1,4,0.0,00:01:49.6420000,00:01:47.9800000,00:01:48.2190000
815,872,2,12,18.0,00:01:25.3000000,00:01:24.9010000,NULL
815,873,10,14,1.0,00:01:49.0550000,00:01:48.5050000,NULL
815,874,-1,5,0.0,00:01:32.1470000,00:01:32.1690000,00:01:32.0220000
815,875,11,12,0.0,00:01:38.6300000,00:01:38.4600000,NULL
815,876,-1,8,0.0,00:01:27.1790000,00:01:26.0760000,00:01:26.3600000
815,877,15,11,0.0,00:01:42.6240000,00:01:42.0840000,NULL
815,879,-1,12,0.0,00:01:15.9740000,00:01:14.2340000,NULL
815,880,11,15,0.0,00:01:44.4000000,00:01:39.9000000,NULL
815,881,9,9,2.0,00:01:37.7020000,00:01:37.3420000,00:01:54.1360000
815,882,11,12,0.0,00:01:36.9520000,00:01:36.3140000,NULL
815,883,6,12,8.0,00:01:34.3100000,00:01:33.9140000,NULL
815,884,9,8,2.0,00:01:23.1160000,00:01:21.7900000,00:01:22.0690000
815,885,16,7,0.0,00:01:24.6820000,00:01:17.7480000,00:01:15.1380000
815,886,11,12,0.0,00:01:24.1760000,00:01:29.7610000,NULL
815,887,20,13,0.0,00:01:31.9530000,00:01:32.0820000,NULL
815,888,8,13,4.0,00:01:31.4980000,00:01:30.9330000,NULL
815,890,9,9,2.0,00:01:21.6120000,00:01:20.5450000,00:01:22.3980000
815,891,11,13,0.0,00:02:02.4250000,00:01:49.3040000,NULL
815,892,12,8,0.0,00:01:24.6350000,00:01:24.5920000,00:01:24.5020000
815,893,8,14,4.0,00:01:45.1640000,00:01:44.7520000,NULL
815,894,10,10,1.0,00:01:39.0490000,00:01:38.3620000,NULL
815,895,15,11,0.0,00:01:32.7180000,00:01:31.9890000,NULL
815,896,5,9,10.0,00:01:26.1070000,00:01:25.3650000,00:01:26.1530000
815,897,9,8,2.0,00:01:41.6870000,00:01:40.8120000,00:01:41.0680000
815,899,6,19,8.0,00:01:26.7410000,00:01:28.2690000,NULL
815,900,10,16,1.0,00:01:34.1410000,00:01:47.2930000,NULL
815,901,-1,14,0.0,00:02:00.0760000,00:02:02.5110000,NULL
815,902,3,4,15.0,00:01:34.9980000,00:01:34.7470000,00:01:34.3460000
815,903,9,16,2.0,00:01:58.3620000,00:01:58.2640000,NULL
815,904,9,11,2.0,00:01:28.4690000,00:01:28.0020000,NULL
815,905,-1,10,0.0,00:01:18.1080000,00:01:17.7550000,00:01:18.3270000
815,906,11,13,0.0,00:01:18.2350000,00:01:16.4720000,NULL
815,907,6,15,8.0,00:01:10.1240000,00:01:09.7540000,NULL
815,908,11,7,0.0,00:01:42.1460000,00:01:37.3500000,00:01:40.4570000
815,909,10,10,1.0,00:01:18.9160000,00:01:18.1610000,00:01:18.0350000
815,910,-1,12,0.0,00:01:25.9100000,00:01:25.2110000,NULL
815,911,8,13,4.0,00:02:10.6660000,00:02:10.0840000,NULL
815,912,7,10,6.0,00:01:26.5690000,00:01:25.8630000,00:01:25.9440000
815,913,7,15,6.0,00:01:48.1430000,00:01:47.5750000,NULL
815,914,10,11,1.0,00:01:35.4390000,00:01:35.0890000,NULL
815,915,10,12,1.0,00:01:40.7230000,00:01:40.1630000,NULL
815,917,15,18,0.0,00:01:12.0760000,NULL,NULL
815,918,7,11,12.0,00:01:42.6540000,00:01:42.2390000,NULL
815,926,10,14,1.0,00:01:29.9900000,00:01:29.2090000,NULL
815,927,13,14,0.0,00:01:41.0360000,00:01:43.4690000,NULL
815,928,11,15,0.0,00:01:38.9030000,00:01:39.2900000,NULL
815,929,8,11,4.0,00:01:35.4510000,00:01:34.7040000,NULL
815,930,13,18,0.0,00:01:28.4420000,NULL,NULL
815,931,7,7,6.0,00:01:17.3760000,00:01:16.9990000,00:01:16.8080000
815,932,11,10,0.0,00:01:16.8270000,00:01:15.9740000,00:01:16.3380000
815,933,9,13,2.0,00:01:12.5220000,NULL,NULL
815,934,9,11,2.0,00:01:34.2500000,00:01:34.2680000,NULL
815,936,-1,13,0.0,00:01:24.4440000,00:01:24.4610000,NULL
815,937,5,4,10.0,00:01:49.0060000,00:01:48.7920000,00:01:48.5990000
815,938,6,7,8.0,00:01:24.8010000,00:01:24.3790000,00:01:24.6260000
815,939,7,13,6.0,00:01:46.5760000,00:01:46.3850000,NULL
815,940,12,9,0.0,00:01:35.0010000,00:01:34.1740000,NULL
815,941,3,7,15.0,00:01:39.6170000,00:01:38.9140000,00:01:38.6910000
815,943,8,9,4.0,00:01:20.9660000,00:01:20.6690000,00:01:20.7160000
815,944,12,11,0.0,00:01:13.1400000,00:01:13.1470000,NULL
815,945,5,4,10.0,00:01:41.9830000,00:01:41.5600000,00:01:41.1840000
815,948,13,9,0.0,00:01:26.6070000,00:01:25.7530000,NULL
815,949,16,18,0.0,00:01:32.9110000,NULL,NULL
815,950,11,7,0.0,00:01:38.0960000,00:01:37.1490000,00:01:36.8650000
815,951,9,6,2.0,00:01:38.0060000,00:01:37.2820000,00:01:37.2120000
815,952,7,9,6.0,00:01:24.6980000,00:01:24.0030000,00:01:23.7820000
815,953,3,7,15.0,00:01:15.3280000,00:01:14.9370000,00:01:14.9020000
815,954,10,11,1.0,00:01:14.8140000,00:01:14.3170000,NULL
815,955,3,7,15.0,00:01:44.4620000,00:01:43.9390000,00:01:43.5150000
815,956,17,16,0.0,00:01:07.6570000,NULL,NULL
815,957,6,10,8.0,00:01:32.3360000,00:01:31.8750000,NULL
815,958,11,13,0.0,00:01:41.4110000,00:01:25.4160000,NULL
815,959,10,9,1.0,00:01:16.1690000,00:01:15.5000000,00:01:15.5370000
815,960,5,6,10.0,00:01:48.1060000,00:01:47.4850000,00:01:47.4070000
815,961,8,8,4.0,00:01:23.4390000,00:01:22.9220000,00:01:22.8140000
815,962,8,17,4.0,00:01:45.2040000,00:01:44.7030000,00:01:44.5820000
815,963,6,7,8.0,00:01:35.0680000,00:01:34.5380000,00:01:34.3190000
815,964,7,5,6.0,00:01:32.6820000,00:01:32.2370000,00:01:31.9610000
815,966,10,12,1.0,00:01:20.3080000,00:01:20.2870000,NULL
815,967,4,9,12.0,00:01:12.6840000,00:01:12.3310000,00:01:12.1650000
815,968,8,8,4.0,00:01:40.8640000,00:01:40.7430000,00:01:40.5190000
815,969,7,10,6.0,00:01:25.0640000,00:01:25.0810000,NULL
815,970,9,8,2.0,00:01:34.6570000,00:01:33.9200000,00:01:33.7060000
815,971,7,18,6.0,00:01:32.3180000,NULL,NULL
815,972,6,9,8.0,00:01:36.1850000,00:01:35.5130000,00:01:35.3370000
815,973,4,8,12.0,00:01:21.9980000,00:01:21.2390000,00:01:21.0700000
815,974,13,7,0.0,00:01:13.5300000,00:01:13.4300000,00:01:13.3290000
815,975,5,8,10.0,00:01:13.4700000,00:01:13.2620000,00:01:13.0180000
815,976,-1,6,0.0,00:01:43.1620000,00:01:42.4670000,00:01:42.1110000
815,977,7,7,6.0,00:01:05.9750000,00:01:05.4350000,00:01:05.6050000
815,978,9,6,2.0,00:01:42.0090000,00:01:29.8240000,00:01:28.9020000
815,979,8,13,4.0,00:01:19.0950000,00:01:18.6390000,NULL
815,980,17,8,0.0,00:01:45.5910000,00:01:44.8940000,00:01:45.2440000
815,981,9,10,2.0,00:01:38.5110000,00:01:37.5820000,NULL
815,982,5,12,10.0,00:01:43.5940000,00:01:42.2460000,NULL
815,983,6,9,8.0,00:01:32.7680000,00:01:31.4840000,00:01:31.6580000
815,984,7,7,6.0,00:01:29.6960000,00:01:29.3430000,00:01:29.2600000
815,986,7,9,6.0,00:01:18.0200000,00:01:17.8680000,00:01:17.8070000
815,987,9,5,2.0,00:01:10.1450000,00:01:09.7600000,00:01:09.5980000
815,988,7,8,6.0,00:01:38.6010000,00:01:38.3590000,00:01:38.3740000
815,989,11,12,0.0,00:01:24.3440000,00:01:24.0050000,NULL
815,990,16,12,0.0,00:01:30.2180000,00:01:30.1560000,NULL
815,991,12,8,0.0,00:01:33.4640000,00:01:32.9310000,00:01:32.7580000
815,992,3,8,15.0,00:01:43.9920000,00:01:43.3660000,00:01:42.5470000
815,993,9,15,2.0,00:01:18.7400000,00:01:19.0980000,NULL
815,994,12,9,0.0,00:01:12.8480000,00:01:12.1940000,00:01:12.1540000
815,995,14,10,0.0,00:01:12.7020000,00:01:12.3950000,00:01:12.6710000
815,996,-1,13,0.0,00:01:32.6920000,00:01:32.4540000,NULL
815,997,7,16,6.0,00:01:05.2790000,NULL,NULL
815,998,10,12,1.0,00:01:28.2100000,00:01:27.9280000,NULL
815,999,7,10,6.0,00:01:13.4270000,00:01:13.0720000,00:01:12.7740000
815,1000,14,19,0.0,00:01:19.2000000,NULL,NULL
815,1001,5,4,10.0,00:01:44.0040000,00:01:43.0140000,00:02:01.8940000
815,1002,7,14,6.0,00:01:21.8880000,NULL,NULL
815,1003,16,7,0.0,00:01:38.8140000,00:01:38.3420000,00:01:37.9850000
815,1004,10,8,1.0,00:01:34.0840000,00:01:33.9230000,00:01:33.5630000
815,1005,7,9,6.0,00:01:30.2470000,00:01:29.5670000,00:01:37.2290000
815,1007,-1,13,0.0,00:01:16.2420000,00:01:17.1670000,NULL
815,1008,10,12,1.0,00:01:09.2170000,00:01:08.7410000,NULL
815,1009,8,14,4.0,00:01:37.2550000,00:01:37.5410000,NULL
815,1010,13,10,0.0,00:01:22.9080000,00:01:22.5320000,00:01:22.7810000
815,1011,10,14,1.0,00:01:29.8930000,00:01:29.7560000,NULL
815,1012,8,12,4.0,00:01:34.0260000,00:01:33.2990000,NULL
815,1013,6,5,8.0,00:01:42.2490000,00:01:41.8700000,00:01:41.5930000
815,1014,15,15,0.0,00:01:18.2860000,00:01:17.8860000,NULL
815,1015,12,16,0.0,00:01:12.2330000,NULL,NULL
815,1016,12,15,0.0,00:01:12.1970000,NULL,NULL
815,1017,12,14,0.0,00:01:30.9640000,00:01:30.7380000,NULL
815,1018,11,13,0.0,00:01:04.7890000,NULL,NULL
815,1019,17,15,0.0,00:01:26.6490000,00:01:26.9280000,NULL
815,1020,-1,8,0.0,00:01:13.1940000,00:01:12.7760000,00:01:13.0650000
815,1021,11,16,0.0,00:01:17.1090000,NULL,NULL
815,1022,6,7,8.0,00:01:45.7320000,00:01:44.7070000,00:01:44.7060000
815,1023,7,18,6.0,00:01:21.2910000,NULL,NULL
815,1024,-1,15,0.0,00:01:39.9090000,00:01:38.5200000,NULL
815,1025,7,11,6.0,00:01:34.3360000,00:01:33.9580000,NULL
815,1026,8,17,4.0,00:01:30.3440000,NULL,NULL
815,1027,7,11,6.0,00:01:17.4650000,00:01:16.6870000,NULL
815,1029,9,15,2.0,00:01:09.2880000,00:01:09.0350000,NULL
815,1030,7,10,6.0,00:01:36.9610000,00:01:37.0550000,NULL
815,1031,6,6,8.0,00:01:04.5430000,00:01:03.8600000,00:01:03.8680000
815,1032,6,17,8.0,00:01:21.6070000,NULL,NULL
815,1033,7,4,6.0,00:01:14.6810000,00:01:15.3940000,00:01:14.5450000
815,1036,5,4,10.0,00:01:17.1170000,00:01:16.9360000,00:01:16.4820000
815,1037,10,8,1.0,00:01:43.3490000,00:01:42.6700000,00:01:42.5320000
815,1038,10,4,1.0,00:01:20.0480000,00:01:19.7180000,00:01:19.7200000
815,1039,5,7,10.0,00:01:16.5960000,00:01:16.4890000,00:01:16.3110000
815,1040,4,4,12.0,00:01:33.7040000,00:01:33.0380000,00:01:32.3170000
815,1041,4,9,12.0,00:01:27.1200000,00:01:26.3300000,00:01:26.7040000
815,1042,7,5,6.0,00:01:17.3700000,00:01:17.1290000,00:01:17.2230000
815,1043,6,11,8.0,00:01:15.4070000,00:01:15.0610000,NULL
815,1044,2,3,18.0,00:02:07.6140000,00:01:54.0970000,00:01:49.3210000
815,1045,18,5,0.0,00:01:29.1780000,00:01:28.8940000,00:01:28.3220000
815,1046,1,5,25.0,00:00:54.2360000,00:00:53.7870000,00:00:53.7900000
815,1047,-1,19,0.0,00:01:36.0340000,NULL,NULL
815,1051,4,11,12.0,00:01:22.3980000,00:01:22.3460000,NULL
815,1052,5,0,10.0,00:01:31.1650000,00:01:30.6590000,NULL
815,1053,11,2,0.0,00:01:15.3950000,00:01:14.7160000,00:01:14.4460000
815,1054,4,4,12.0,00:01:19.3370000,00:01:18.8450000,00:01:18.8900000
815,1055,5,8,10.0,00:01:18.2030000,00:01:17.6690000,00:01:17.7010000
815,1056,4,9,12.0,00:01:11.6440000,00:01:11.0190000,00:01:11.5730000
815,1057,1,6,25.0,00:01:41.9680000,00:01:41.6300000,00:01:41.9170000
815,1058,4,4,12.0,00:01:04.6380000,00:01:04.1970000,00:01:04.1680000
815,1059,3,4,15.0,00:01:31.5600000,00:01:30.9710000,00:01:30.4450000
815,1060,6,3,8.0,00:01:04.8330000,00:01:04.4830000,00:01:03.9900000
815,1061,16,0,0.0,00:01:27.1210000,00:01:27.0730000,00:01:26.8440000
815,1062,-1,4,0.0,00:01:17.2330000,00:01:16.4430000,00:01:16.4210000
815,1063,19,0,0.0,00:01:59.3340000,00:01:56.8860000,00:02:02.1120000
815,1064,8,0,4.0,00:01:10.5300000,NULL,NULL
815,1065,5,8,10.0,00:01:21.3080000,00:01:20.8820000,00:01:20.6110000
815,1066,9,8,2.0,00:01:46.4550000,00:01:45.8340000,00:01:45.3370000
815,1067,3,6,15.0,00:01:24.9630000,00:01:23.9610000,00:01:23.7060000
815,1070,3,4,15.0,00:01:17.0030000,00:01:17.0550000,00:01:16.3420000
815,1071,4,4,13.0,00:01:09.1720000,00:01:08.9730000,00:01:08.4830000
815,1072,-1,5,0.0,00:01:28.0210000,00:01:27.9460000,00:01:28.1230000
815,1073,15,4,0.0,00:01:23.3500000,00:01:23.1350000,00:01:22.9470000
815,1074,18,4,0.0,00:01:32.3110000,00:01:31.0080000,00:01:30.9210000
815,1075,4,1,12.0,00:01:29.7050000,00:01:28.9240000,00:01:28.2000000
815,1076,2,3,18.0,00:01:18.8340000,00:01:18.3400000,00:01:18.2400000
815,1077,2,3,18.0,00:01:19.7730000,00:01:19.2960000,00:01:29.8080000
815,1079,2,5,19.0,00:01:20.4470000,00:01:19.8300000,00:01:19.4200000
815,1080,1,3,25.0,00:01:13.0040000,00:01:11.9540000,00:01:11.6290000
815,1081,2,2,19.0,00:01:42.7330000,00:01:41.9550000,00:01:41.6410000
815,1082,-1,13,0.0,00:01:33.9290000,00:01:33.1270000,NULL
815,1083,2,4,18.0,00:01:40.5210000,00:01:42.5130000,00:01:41.6160000
815,1084,-1,5,0.0,00:01:06.1430000,00:01:06.4580000,NULL
815,1085,4,3,12.0,00:01:32.3540000,00:01:32.1200000,00:01:31.3350000
815,1086,5,11,10.0,00:01:19.1180000,00:01:18.5160000,NULL
815,1087,2,2,18.0,00:01:45.3770000,00:01:44.7940000,00:01:44.4620000
815,1088,5,5,10.0,00:01:11.6410000,00:01:11.3140000,00:01:11.0770000
815,1089,6,13,9.0,00:01:21.4950000,00:01:21.3580000,00:01:21.2060000
815,1091,1,2,25.0,00:01:54.4040000,00:01:52.8180000,00:01:49.4340000
815,1092,2,4,18.0,00:01:30.6220000,00:01:29.9250000,00:01:29.7090000
815,1094,3,4,15.0,00:01:19.7060000,00:01:18.6150000,00:01:18.1280000
815,1095,7,4,6.0,00:01:13.6130000,00:01:11.4560000,00:01:15.6010000
815,1096,3,2,15.0,00:01:24.8200000,00:01:24.4190000,00:01:24.0520000
815,1098,2,2,18.0,00:01:31.4790000,00:01:30.7460000,00:01:29.8460000
815,1099,1,1,25.0,00:01:29.2440000,00:01:28.6350000,00:01:28.2650000
815,1100,5,0,11.0,NULL,NULL,NULL
815,1101,1,3,25.0,00:01:41.7560000,00:01:41.1310000,00:01:40.4950000
815,1104,16,20,0.0,00:01:13.8500000,NULL,NULL
815,1105,4,11,12.0,00:01:13.8740000,00:01:13.3340000,NULL
815,1106,6,12,9.0,00:01:22.1510000,00:01:20.9590000,NULL
815,1107,3,15,15.0,00:01:05.1770000,00:02:06.6880000,NULL
815,1108,6,15,8.0,00:01:29.9680000,NULL,NULL
815,1109,3,9,15.0,00:01:18.3600000,00:01:17.6750000,00:01:17.0450000
815,1110,2,2,18.0,00:01:58.8990000,00:01:52.3530000,00:01:47.0450000
815,1111,4,7,12.0,00:01:21.9720000,00:01:19.8560000,00:01:11.8800000
815,1112,2,5,18.0,00:01:21.9110000,00:01:21.2400000,00:01:20.6880000
815,1113,8,13,4.0,00:01:32.0990000,00:01:32.3100000,NULL
815,1114,-1,5,0.0,00:01:30.6520000,00:01:29.9650000,00:01:29.6500000
815,1115,10,0,1.0,00:01:25.9910000,00:01:25.4620000,NULL
815,1117,-1,5,0.0,00:01:18.5530000,00:01:18.1240000,00:01:17.4230000
815,1118,4,9,12.0,00:01:10.6680000,00:01:10.2190000,00:01:12.3210000
815,1119,3,11,15.0,00:01:34.5740000,00:01:33.8550000,NULL
815,1120,4,9,12.0,00:01:24.2090000,00:01:24.1160000,00:01:24.1710000
815,1121,2,5,18.0,00:01:30.2210000,00:01:29.9320000,00:01:29.5370000
815,1122,2,3,18.0,00:01:28.6380000,00:01:28.4670000,00:01:27.8070000
815,1123,5,6,10.0,00:01:16.8050000,00:01:16.6310000,00:01:16.2740000
815,1124,2,2,18.0,00:01:29.3030000,00:01:28.7520000,00:01:28.2630000
815,1125,3,2,15.0,00:01:35.4570000,00:01:34.0260000,00:01:33.9820000
815,1127,8,11,4.0,00:01:16.4040000,00:01:15.7060000,NULL
815,1128,-1,16,0.0,00:01:12.0600000,NULL,NULL
815,1129,-1,16,0.0,00:01:13.3260000,NULL,NULL
815,1130,8,11,4.0,00:01:12.4770000,00:01:12.0540000,00:01:12.0610000
815,1131,7,8,6.0,00:01:05.5870000,00:01:05.1440000,00:01:05.2020000
815,1132,17,0,0.0,00:01:38.3480000,NULL,NULL
815,1133,7,16,6.0,00:01:17.8860000,NULL,NULL
815,1134,7,2,7.0,00:01:55.1390000,00:01:54.4700000,00:01:53.7650000
815,1135,6,5,8.0,00:01:11.0060000,00:01:10.6780000,00:01:10.4160000
815,1136,8,8,4.0,00:01:20.5980000,00:01:20.2160000,00:01:20.0620000
815,1137,17,4,0.0,00:01:43.2130000,00:01:42.2630000,00:01:41.8130000
815,1138,10,13,1.0,00:01:30.6240000,00:01:30.5790000,NULL
815,1140,17,18,0.0,00:01:17.6110000,NULL,NULL
815,1141,11,12,0.0,00:01:30.0350000,00:01:28.1580000,NULL
815,1142,10,15,1.0,00:01:34.1550000,NULL,NULL
815,1143,-1,9,0.0,00:01:21.6750000,00:01:21.4250000,00:01:21.4250000
815,1144,-1,10,0.0,00:01:23.5590000,00:01:23.3790000,00:01:23.2640000
816,841,14,22,0.0,00:01:30.8220000,NULL,NULL
816,842,-1,22,0.0,00:01:41.0010000,NULL,NULL
816,843,20,21,0.0,00:01:39.1190000,NULL,NULL
816,844,20,23,0.0,00:01:30.4450000,NULL,NULL
816,845,20,23,0.0,00:01:28.5560000,NULL,NULL
816,846,15,21,0.0,00:01:18.7360000,NULL,NULL
816,847,15,23,0.0,00:01:19.4140000,NULL,NULL
816,848,22,23,0.0,00:01:43.7350000,NULL,NULL
816,849,17,22,0.0,00:01:37.1540000,NULL,NULL
816,850,18,21,0.0,00:01:36.6410000,NULL,NULL
816,851,19,24,0.0,00:01:26.5100000,NULL,NULL
816,852,17,20,0.0,00:02:11.6010000,NULL,NULL
816,853,-1,22,0.0,00:01:27.6090000,NULL,NULL
816,854,18,22,0.0,00:01:52.3630000,NULL,NULL
816,855,21,20,0.0,00:01:36.4390000,NULL,NULL
816,856,20,22,0.0,00:01:43.4830000,NULL,NULL
816,857,16,21,0.0,00:01:30.8660000,NULL,NULL
816,858,-1,21,0.0,00:01:44.6990000,NULL,NULL
816,859,19,23,0.0,00:01:17.0190000,NULL,NULL
816,872,13,15,0.0,00:01:25.8340000,00:01:25.4080000,NULL
817,849,19,24,0.0,00:01:38.0590000,NULL,NULL
817,850,19,22,0.0,00:01:37.0360000,NULL,NULL
817,851,18,22,0.0,00:01:26.4790000,NULL,NULL
817,852,-1,23,0.0,00:02:13.0770000,NULL,NULL
817,853,-1,23,0.0,00:01:28.0540000,NULL,NULL
817,854,19,23,0.0,00:01:52.4040000,NULL,NULL
817,855,22,22,0.0,00:01:37.8460000,NULL,NULL
817,856,19,24,0.0,NULL,NULL,NULL
817,857,18,23,0.0,00:01:30.2160000,NULL,NULL
817,858,-1,20,0.0,00:01:44.6410000,NULL,NULL
817,859,20,22,0.0,00:01:16.8900000,NULL,NULL
817,860,9,10,2.0,00:01:27.0240000,00:01:26.3190000,NULL
817,861,12,15,0.0,00:01:38.4190000,00:01:37.8830000,NULL
817,862,17,17,0.0,00:01:36.9330000,00:01:36.9560000,NULL
817,863,15,6,0.0,00:01:33.9880000,00:01:33.5560000,00:01:32.9120000
817,864,13,15,0.0,00:01:23.9060000,00:01:23.4420000,NULL
817,865,-1,15,0.0,00:01:16.3600000,00:01:15.8780000,NULL
817,866,14,14,0.0,00:01:15.5520000,00:01:15.0780000,NULL
817,867,11,17,0.0,00:01:39.9240000,00:01:40.3580000,NULL
817,868,13,12,0.0,00:01:47.2660000,00:01:57.1320000,NULL
817,869,13,11,0.0,00:01:16.5160000,00:01:39.7890000,NULL
817,870,15,18,0.0,00:01:23.2500000,NULL,NULL
817,871,9,16,2.0,00:01:49.5720000,00:01:49.5430000,NULL
817,872,12,14,0.0,00:01:25.7280000,00:01:25.3120000,NULL
817,873,9,15,2.0,00:01:49.0230000,00:01:48.7740000,NULL
817,874,10,14,1.0,00:01:33.0590000,00:01:32.9540000,NULL
817,875,9,21,2.0,00:01:38.7840000,00:01:39.0840000,NULL
817,876,13,15,0.0,00:01:27.0060000,00:01:26.7770000,NULL
817,877,10,16,1.0,00:01:43.2800000,00:01:42.7650000,NULL
817,879,13,15,0.0,00:01:16.7440000,00:01:14.5740000,NULL
817,880,-1,14,0.0,00:01:46.4500000,00:01:39.0420000,NULL
817,881,18,13,0.0,00:01:37.7220000,00:01:38.8220000,NULL
817,882,7,7,6.0,00:01:36.9930000,00:01:36.2580000,00:01:35.9980000
817,883,16,13,0.0,00:01:34.1200000,00:01:33.9740000,NULL
817,884,10,11,1.0,00:01:22.9050000,00:01:22.1270000,NULL
817,885,-1,12,0.0,00:01:24.8520000,00:01:18.3440000,NULL
817,886,15,11,0.0,00:01:24.7700000,00:01:29.3590000,00:01:27.9460000
817,887,8,5,4.0,00:01:32.0970000,00:01:31.1820000,00:01:30.7570000
817,888,12,6,0.0,00:01:31.0810000,00:01:30.2230000,00:01:30.5280000
817,890,13,8,0.0,00:01:21.1810000,00:01:20.5270000,00:01:20.6410000
817,891,10,19,1.0,00:02:03.3170000,NULL,NULL
817,892,7,7,6.0,00:01:24.6550000,00:01:24.2900000,00:01:24.2090000
817,893,-1,9,0.0,00:01:45.3790000,00:01:44.4070000,00:01:44.4390000
817,894,19,12,0.0,00:01:38.5250000,00:01:38.4170000,NULL
817,895,13,16,0.0,00:01:32.8040000,00:01:32.4850000,NULL
817,896,10,11,1.0,00:01:25.6730000,00:01:25.5190000,NULL
817,897,16,9,0.0,00:01:41.8840000,00:01:40.8520000,00:01:41.1110000
817,899,10,7,1.0,00:01:27.2090000,00:01:27.0780000,00:01:28.0520000
817,900,-1,2,0.0,00:01:30.7750000,00:01:42.2950000,00:01:44.5480000
817,901,-1,5,0.0,00:01:58.9130000,00:02:00.1470000,00:02:00.5410000
817,902,4,13,12.0,00:01:36.2200000,00:01:34.5920000,00:01:34.0510000
817,903,4,2,12.0,00:01:56.6410000,00:01:55.3020000,00:01:54.4550000
817,904,3,3,15.0,00:01:28.0530000,00:01:26.6130000,00:01:26.2850000
817,905,3,3,15.0,00:01:17.9000000,00:01:17.2330000,00:01:16.3840000
817,906,1,6,25.0,00:01:17.1130000,00:01:15.8970000,00:01:15.5890000
817,907,8,5,4.0,00:01:10.3950000,00:01:09.6380000,00:01:09.4660000
817,908,3,8,15.0,00:01:44.7100000,00:01:38.1660000,00:01:40.6060000
817,909,6,5,8.0,00:01:18.1170000,00:01:17.8550000,00:01:17.2730000
817,910,1,4,25.0,00:01:25.4950000,00:01:23.6760000,00:01:23.3910000
817,911,1,5,25.0,00:02:10.0890000,00:02:08.9890000,00:02:07.9110000
817,912,5,9,10.0,00:01:26.7210000,00:01:25.9460000,00:01:25.7090000
817,913,3,3,15.0,00:01:47.4880000,00:01:46.4930000,00:01:45.8540000
817,914,4,6,12.0,00:01:35.5930000,00:01:34.4660000,00:01:34.0750000
817,915,7,6,6.0,00:01:40.5190000,00:01:39.6660000,00:01:39.6350000
817,917,-1,9,0.0,00:01:11.5930000,00:01:11.2080000,00:01:11.0750000
817,926,6,6,8.0,00:01:29.7880000,00:01:28.6790000,00:01:28.3290000
817,927,10,4,1.0,00:01:40.5040000,00:01:41.0850000,00:01:51.5410000
817,928,9,7,2.0,00:01:38.5340000,00:01:37.9390000,00:01:37.5400000
817,929,6,7,8.0,00:01:34.6910000,00:01:34.4030000,00:01:33.8320000
817,930,7,10,6.0,00:01:27.6110000,00:01:26.6920000,00:01:26.7700000
817,931,5,4,10.0,00:01:17.2540000,00:01:16.7060000,00:01:16.0410000
817,932,13,9,0.0,00:01:16.4100000,00:01:16.0060000,00:01:16.1140000
817,933,10,18,1.0,00:01:11.9730000,00:01:10.4820000,NULL
817,934,-1,10,0.0,00:01:34.2720000,00:01:33.7490000,00:01:33.9430000
817,936,3,4,15.0,00:01:24.4080000,00:01:23.2300000,00:01:22.7740000
817,937,-1,5,0.0,00:01:49.6640000,00:01:49.0420000,00:01:48.6390000
817,938,8,19,4.0,00:01:25.6330000,NULL,NULL
817,939,2,2,18.0,00:01:46.1660000,00:01:45.2910000,00:01:44.4280000
817,940,15,7,0.0,00:01:34.3990000,00:01:34.1530000,00:01:33.4970000
817,941,15,10,0.0,00:01:39.5740000,00:01:39.0050000,00:01:39.7280000
817,943,5,5,10.0,00:01:21.1660000,00:01:20.7830000,00:01:20.3990000
817,944,11,19,0.0,00:01:12.6390000,00:01:12.8250000,00:01:12.4170000
817,945,6,5,8.0,00:01:42.2750000,00:01:41.8300000,00:01:41.4440000
817,948,4,8,12.0,00:01:26.9450000,00:01:25.5990000,00:01:25.5890000
817,949,4,5,12.0,00:01:31.4030000,00:01:31.1220000,00:01:30.8540000
817,950,4,2,12.0,00:01:37.6720000,00:01:36.8150000,00:01:35.9170000
817,951,11,5,0.0,00:01:38.0910000,00:01:37.5690000,00:01:37.1250000
817,952,4,3,12.0,00:01:23.7490000,00:01:23.5850000,00:01:22.6800000
817,953,2,1,18.0,00:01:14.9120000,00:01:14.3570000,00:01:13.6220000
817,954,7,4,6.0,00:01:14.0300000,00:01:13.5400000,00:01:13.1660000
817,955,7,2,6.0,00:01:44.5700000,00:01:44.1410000,00:01:43.9660000
817,956,5,5,10.0,00:01:07.5000000,00:01:06.8400000,00:01:09.9800000
817,957,4,4,12.0,00:01:31.6840000,00:01:31.3190000,00:01:30.6180000
817,958,3,3,15.0,00:01:39.9680000,00:01:23.2340000,00:01:20.2800000
817,959,2,3,18.0,00:01:15.5910000,00:01:15.5450000,00:01:14.7260000
817,960,2,5,18.0,00:01:48.4070000,00:01:48.0270000,00:01:47.2160000
817,961,5,6,10.0,00:01:23.1580000,00:01:22.6380000,00:01:22.3890000
817,962,2,2,18.0,00:01:44.2550000,00:01:43.9330000,00:01:43.1150000
817,963,1,4,25.0,00:01:35.0790000,00:01:33.8880000,00:01:33.4670000
817,964,6,4,8.0,00:01:32.5380000,00:01:31.7190000,00:01:31.2400000
817,966,3,4,15.0,00:01:19.7130000,00:01:19.5530000,00:01:19.1330000
817,967,8,6,4.0,00:01:12.4090000,00:01:12.0470000,00:01:11.5400000
817,968,5,3,10.0,00:01:41.0020000,00:01:40.4290000,00:01:39.5890000
817,969,-1,0,0.0,00:01:25.3830000,00:01:23.9890000,NULL
817,970,4,5,12.0,00:01:34.0410000,00:01:33.5460000,00:01:33.0330000
817,971,5,4,10.0,00:01:31.6670000,00:01:30.4970000,00:01:29.5450000
817,972,-1,5,0.0,00:01:35.5600000,00:01:35.4830000,00:01:34.9050000
817,973,3,6,15.0,00:01:21.7040000,00:01:20.8550000,00:01:20.1750000
817,974,3,5,15.0,00:01:13.2190000,00:01:13.0110000,00:01:12.9980000
817,975,3,6,15.0,00:01:13.5430000,00:01:12.8100000,00:01:12.5570000
817,976,1,10,25.0,00:01:42.8570000,00:01:42.2150000,00:01:43.4140000
817,977,3,4,15.0,00:01:05.8540000,00:01:05.1610000,00:01:04.8960000
817,978,5,19,10.0,00:01:42.9660000,NULL,NULL
817,979,-1,6,0.0,00:01:17.7020000,00:01:17.6980000,00:01:16.8180000
817,980,3,6,15.0,00:01:45.1140000,00:01:44.2240000,00:01:43.8630000
817,981,4,16,12.0,00:01:38.3040000,00:01:37.3130000,00:01:36.8410000
817,982,2,3,18.0,00:01:42.0630000,00:01:40.3850000,00:01:39.8400000
817,983,3,4,15.0,00:01:32.4160000,00:01:31.0610000,00:01:30.5950000
817,984,3,3,15.0,00:01:29.4750000,00:01:28.9350000,00:01:28.3060000
817,986,-1,16,0.0,00:01:18.2080000,00:01:17.6310000,00:01:17.4470000
817,987,6,14,8.0,00:01:09.8280000,00:01:09.5330000,00:01:09.3300000
817,988,-1,4,0.0,00:01:38.0160000,00:01:37.5830000,00:01:36.9590000
817,989,4,8,12.0,00:01:23.4940000,00:01:22.8970000,00:01:22.1520000
817,990,-1,4,0.0,00:01:29.5520000,00:01:28.9620000,00:01:28.3980000
817,991,1,6,25.0,00:01:33.8770000,00:01:32.6880000,00:01:31.9480000
817,992,-1,4,0.0,00:01:42.8570000,00:01:43.4820000,00:01:41.9110000
817,993,5,6,10.0,00:01:17.6230000,00:01:17.6380000,00:01:16.8180000
817,994,1,1,25.0,00:01:12.0130000,00:01:11.2780000,00:01:10.8100000
817,995,4,6,12.0,00:01:12.4590000,00:01:11.4340000,00:01:11.1160000
817,996,4,5,12.0,00:01:31.9100000,00:01:31.5380000,00:01:30.8950000
817,997,-1,7,0.0,00:01:04.7230000,00:01:04.4030000,00:01:03.9960000
817,998,5,6,10.0,00:01:27.9790000,00:01:27.3690000,00:01:27.0990000
817,999,-1,20,0.0,00:01:13.3180000,NULL,NULL
817,1000,4,12,12.0,00:01:18.5400000,00:01:36.4420000,NULL
817,1001,-1,8,0.0,00:01:43.6040000,00:01:43.1260000,00:02:02.9390000
817,1002,-1,19,0.0,00:01:21.2800000,NULL,NULL
817,1003,6,6,8.0,00:01:38.1530000,00:01:37.4060000,00:01:36.9960000
817,1004,6,18,8.0,00:01:33.2470000,NULL,NULL
817,1005,4,15,12.0,00:01:29.8060000,NULL,NULL
817,1007,-1,1,0.0,00:01:15.8660000,00:01:15.8450000,00:01:14.7590000
817,1008,4,11,12.0,00:01:08.5440000,00:01:08.0550000,00:01:07.7800000
817,1009,4,5,12.0,00:01:37.1170000,00:01:36.9640000,00:01:35.4010000
817,1010,-1,12,0.0,00:01:22.9210000,00:01:22.5700000,NULL
817,1011,-1,10,0.0,00:01:29.8590000,00:01:29.4880000,NULL
817,1012,7,7,6.0,00:01:33.7090000,00:01:33.2140000,00:01:32.9580000
817,1013,-1,10,0.0,00:01:42.4860000,00:01:42.4770000,NULL
817,1014,12,13,0.0,00:01:18.3850000,00:01:17.2990000,00:01:18.1060000
817,1015,9,6,2.0,00:01:11.7670000,00:01:11.5430000,00:01:11.2180000
817,1016,6,4,8.0,00:01:11.8370000,00:01:11.5320000,00:01:11.0710000
817,1017,11,8,0.0,00:01:30.9540000,00:01:30.3690000,00:01:29.9180000
817,1018,12,12,0.0,00:01:04.6470000,00:01:04.7900000,NULL
817,1019,7,7,6.0,00:01:26.4280000,00:01:26.2830000,00:01:26.1820000
817,1020,-1,13,0.0,00:01:13.1310000,00:01:12.7990000,NULL
817,1021,14,20,0.0,00:01:17.2570000,NULL,NULL
817,1022,14,10,0.0,00:01:45.5600000,00:01:44.1030000,00:01:44.2570000
817,1023,4,5,12.0,00:01:20.3740000,00:01:19.8330000,00:01:19.8390000
817,1024,14,20,0.0,NULL,NULL,NULL
817,1025,-1,10,0.0,00:01:34.1380000,00:01:33.8620000,00:01:33.6610000
817,1026,-1,16,0.0,00:01:29.8220000,NULL,NULL
817,1027,8,13,4.0,00:01:17.2700000,00:01:16.9330000,NULL
817,1029,6,11,8.0,00:01:09.0860000,00:01:08.9030000,NULL
817,1030,11,7,0.0,00:01:37.1060000,00:01:36.7850000,00:01:36.4560000
817,1031,-1,10,0.0,00:01:04.5560000,00:01:04.0230000,00:01:04.2390000
817,1032,8,8,4.0,00:01:19.6620000,00:01:19.2290000,00:01:21.1920000
817,1033,8,11,4.0,00:01:15.8480000,00:01:15.6610000,NULL
817,1034,4,8,12.0,00:01:26.6770000,00:01:26.3390000,00:01:26.0090000
817,1035,14,5,0.0,00:01:27.4420000,00:01:26.6360000,00:01:26.2970000
817,1036,11,13,0.0,00:01:17.6670000,00:01:17.1980000,NULL
817,1037,4,4,13.0,00:01:43.3090000,00:01:42.4870000,00:01:42.0610000
817,1038,6,7,8.0,00:01:20.5480000,00:01:20.0310000,00:01:19.8640000
817,1039,4,8,12.0,00:01:16.9810000,00:01:16.2430000,00:01:16.5430000
817,1040,5,5,10.0,00:01:33.6500000,00:01:32.2180000,00:01:32.3640000
817,1041,3,6,15.0,00:01:26.8360000,00:01:26.0960000,00:01:26.2230000
817,1042,9,10,2.0,00:01:17.6210000,00:01:17.4810000,NULL
817,1043,3,5,15.0,00:01:15.4740000,00:01:14.9530000,00:01:14.5200000
817,1044,10,5,1.0,00:02:05.5980000,00:01:54.2780000,00:01:51.5950000
817,1045,7,6,6.0,00:01:29.0050000,00:01:28.6480000,00:01:28.4170000
817,1046,5,7,10.0,00:00:54.3880000,00:00:53.8710000,00:00:53.9570000
817,1047,7,11,7.0,00:01:36.7040000,00:01:36.4060000,NULL
817,1051,12,14,0.0,00:01:22.6880000,00:01:22.5970000,NULL
817,1052,7,6,6.0,00:01:30.7950000,00:01:30.2220000,00:01:29.9270000
817,1053,6,6,8.0,00:01:15.6690000,00:01:15.0330000,00:01:14.8260000
817,1054,9,16,2.0,00:01:19.8390000,NULL,NULL
817,1055,6,7,8.0,00:01:18.2640000,00:01:17.7190000,00:01:17.6220000
817,1056,12,12,0.0,00:01:11.7470000,00:01:11.5980000,NULL
817,1057,9,13,2.0,00:01:42.3040000,00:01:42.5580000,NULL
817,1058,13,13,0.0,00:01:05.1420000,00:01:04.8080000,NULL
817,1059,6,10,8.0,00:01:32.1810000,00:01:31.6150000,00:01:31.3820000
817,1060,7,13,6.0,00:01:04.9770000,00:01:04.7190000,NULL
817,1061,5,6,10.0,00:01:27.3230000,00:01:27.1250000,00:01:26.8990000
817,1062,11,11,0.0,00:01:17.6640000,00:01:16.8710000,NULL
817,1063,4,4,6.0,00:02:01.5830000,00:01:57.1270000,00:02:00.8640000
817,1064,11,10,0.0,00:01:10.2550000,00:01:09.8650000,00:01:10.1660000
817,1065,1,2,26.0,00:01:21.2920000,00:01:20.4350000,00:01:19.9950000
817,1066,4,5,12.0,00:01:48.3450000,00:01:46.3610000,00:01:44.1560000
817,1067,13,20,0.0,00:01:25.8810000,NULL,NULL
817,1070,12,7,0.0,00:01:17.7190000,00:01:17.0920000,00:01:16.7630000
817,1071,-1,11,0.0,00:01:09.3740000,00:01:09.0930000,00:01:09.0390000
817,1072,5,11,10.0,00:01:28.2160000,00:01:28.6680000,NULL
817,1073,12,10,0.0,00:01:23.8290000,00:01:23.4480000,00:01:23.4090000
817,1074,14,18,0.0,00:01:32.9450000,NULL,NULL
817,1075,-1,14,0.0,00:01:30.0090000,00:01:29.7730000,NULL
817,1076,6,7,8.0,00:01:19.6650000,00:01:19.1300000,00:01:19.0320000
817,1077,18,6,0.0,00:01:19.9800000,00:01:20.0310000,00:01:29.7420000
817,1079,12,9,0.0,00:01:20.5490000,00:01:20.2870000,00:01:20.2970000
817,1080,13,14,0.0,00:01:13.3380000,00:01:12.9640000,NULL
817,1081,8,12,4.0,00:01:44.4370000,00:01:43.5740000,NULL
817,1082,11,9,0.0,00:01:33.6360000,00:01:26.3750000,00:01:23.7490000
817,1083,13,14,0.0,00:01:41.9330000,00:01:44.3550000,NULL
817,1084,9,11,2.0,00:01:06.6130000,NULL,NULL
817,1085,9,9,2.0,00:01:33.4040000,00:01:32.9220000,NULL
817,1086,15,9,0.0,00:01:18.7750000,00:01:18.1980000,00:01:18.3790000
817,1087,15,7,0.0,00:01:46.2120000,00:01:45.7670000,NULL
817,1088,17,17,0.0,00:01:12.0810000,NULL,NULL
817,1089,-1,4,0.0,00:01:22.1390000,00:01:21.8550000,00:01:21.9250000
817,1091,5,16,10.0,00:01:56.2260000,NULL,NULL
817,1092,11,11,0.0,00:01:30.8800000,00:01:30.6590000,NULL
817,1094,7,11,6.0,00:01:20.2790000,00:01:19.3250000,NULL
817,1095,-1,11,0.0,00:01:14.9310000,00:01:12.1400000,NULL
817,1096,9,13,2.0,00:01:25.7660000,00:01:25.0680000,00:01:25.0450000
817,1109,13,13,0.0,00:01:18.9060000,00:01:18.0020000,NULL
817,1110,16,19,0.0,00:02:02.1590000,NULL,NULL
817,1117,7,4,6.0,00:01:18.3410000,00:01:17.7060000,00:01:17.3820000
817,1118,13,17,0.0,00:01:10.8430000,NULL,NULL
817,1119,14,14,0.0,00:01:34.6830000,00:01:34.3080000,NULL
817,1120,11,15,0.0,00:01:24.4610000,00:01:24.4420000,NULL
817,1121,13,14,0.0,00:01:30.5620000,00:01:30.2780000,NULL
817,1122,16,14,0.0,00:01:29.0650000,00:01:29.0250000,NULL
817,1123,12,18,0.0,00:01:18.0850000,NULL,NULL
817,1124,-1,11,0.0,00:01:29.7270000,00:01:29.4720000,NULL
817,1125,-1,12,0.0,00:01:35.4430000,00:01:34.9340000,NULL
817,1127,13,9,0.0,00:01:16.0600000,00:01:15.6910000,00:01:15.6740000
817,1128,12,12,0.0,00:01:11.7850000,00:01:11.4820000,NULL
817,1129,8,5,4.0,00:01:13.2400000,00:01:12.5720000,00:01:12.1780000
817,1130,15,18,0.0,00:01:13.0750000,NULL,NULL
817,1131,9,11,2.0,00:01:05.5690000,00:01:05.2890000,NULL
817,1132,13,15,0.0,00:01:31.2910000,00:01:27.9490000,NULL
817,1133,12,9,0.0,00:01:17.0500000,00:01:16.2020000,00:01:16.4470000
817,1134,10,13,1.0,00:01:55.4510000,00:01:54.6820000,NULL
817,1135,12,13,0.0,00:01:11.9430000,NULL,NULL
817,1136,13,12,0.0,00:01:20.9010000,00:01:20.4790000,NULL
817,1137,13,14,0.0,00:01:43.5470000,NULL,NULL
817,1138,18,16,0.0,00:01:31.0850000,NULL,NULL
818,860,11,11,0.0,00:01:26.4930000,00:01:26.4290000,NULL
818,861,8,18,4.0,00:01:39.0770000,NULL,NULL
818,862,16,24,0.0,00:01:37.7140000,NULL,NULL
818,863,14,17,0.0,00:01:35.0140000,NULL,NULL
818,864,12,14,0.0,00:01:24.3620000,00:01:23.2650000,NULL
818,865,12,16,0.0,00:01:16.4910000,00:01:16.8850000,NULL
818,866,15,19,0.0,00:01:16.6020000,NULL,NULL
818,867,-1,18,0.0,00:01:40.2030000,NULL,NULL
818,868,14,23,0.0,00:01:47.7050000,00:01:57.7190000,NULL
818,869,14,15,0.0,00:01:16.7410000,NULL,NULL
818,870,16,16,0.0,00:01:22.7990000,00:01:22.3800000,NULL
818,871,8,15,4.0,00:01:49.7630000,00:01:49.3540000,NULL
818,872,-1,16,0.0,00:01:25.6490000,00:01:25.4410000,NULL
818,873,-1,16,0.0,00:01:49.5640000,00:01:48.8490000,NULL
818,874,13,19,0.0,00:01:33.3700000,00:01:33.3680000,NULL
818,875,8,16,4.0,00:01:38.7440000,00:01:39.3400000,NULL
818,876,15,18,0.0,00:01:27.5250000,NULL,NULL
818,877,12,17,0.0,00:01:44.0580000,NULL,NULL
818,879,8,17,4.0,00:01:16.7220000,00:01:14.6190000,NULL
818,880,12,13,0.0,00:01:44.8710000,00:01:38.7780000,NULL
818,881,10,17,1.0,00:01:38.1570000,NULL,NULL
818,882,12,15,0.0,00:01:37.5080000,00:01:37.1990000,NULL
818,883,-1,16,0.0,00:01:34.3140000,00:01:34.2840000,NULL
818,884,20,12,0.0,00:01:22.7750000,00:01:22.1660000,NULL
818,885,8,10,4.0,00:01:23.6990000,00:01:17.6230000,00:01:15.7030000
818,886,6,7,8.0,00:01:24.1590000,00:01:28.5270000,00:01:26.5430000
818,887,-1,12,0.0,00:01:32.1050000,00:01:31.7850000,NULL
818,888,-1,16,0.0,00:01:31.6290000,00:01:31.1040000,NULL
818,890,12,14,0.0,00:01:21.3450000,00:01:21.0290000,NULL
818,891,12,18,0.0,00:02:03.3000000,NULL,NULL
818,892,-1,10,0.0,00:01:24.6300000,00:01:24.5750000,00:01:28.0500000
818,893,14,12,0.0,00:01:45.6570000,00:01:44.5880000,NULL
818,894,18,16,0.0,00:01:39.0750000,00:01:38.7810000,NULL
818,895,12,17,0.0,00:01:33.3570000,NULL,NULL
818,896,13,14,0.0,00:01:26.1550000,00:01:25.7980000,NULL
818,897,17,13,0.0,00:01:41.6920000,00:01:41.2790000,NULL
818,899,15,8,0.0,00:01:27.1240000,00:01:27.3630000,00:01:28.0810000
818,900,8,6,4.0,00:01:33.4880000,00:01:43.8490000,00:01:45.8640000
818,901,-1,9,0.0,00:02:01.6890000,00:02:02.0960000,00:02:03.0780000
818,902,-1,14,0.0,00:01:35.8150000,00:01:35.2860000,NULL
818,903,12,9,0.0,00:01:57.4770000,00:01:56.5840000,00:01:56.7730000
818,904,-1,21,0.0,00:01:28.1940000,NULL,NULL
818,905,-1,7,0.0,00:01:17.5570000,00:01:17.6570000,00:01:17.5400000
818,906,8,8,4.0,00:01:17.1780000,00:01:16.2550000,00:01:16.1620000
818,907,-1,14,0.0,00:01:10.1610000,00:01:10.0730000,NULL
818,908,10,10,1.0,00:01:43.0400000,00:01:37.8000000,00:01:40.8550000
818,909,13,13,0.0,00:01:18.4960000,00:01:18.2850000,NULL
818,910,9,8,2.0,00:01:24.9410000,00:01:24.6370000,00:01:24.7200000
818,911,11,12,0.0,00:02:09.8110000,00:02:09.8050000,NULL
818,912,13,12,0.0,00:01:26.1400000,00:01:26.1570000,NULL
818,913,6,12,8.0,00:01:47.4070000,00:01:46.9890000,NULL
818,914,9,20,2.0,00:01:35.1550000,00:01:34.9840000,NULL
818,915,13,9,0.0,00:01:40.3540000,00:01:39.9290000,00:01:40.0200000
818,917,13,15,0.0,00:01:12.0400000,NULL,NULL
818,918,12,10,0.0,00:01:42.4130000,00:01:42.2070000,NULL
819,860,15,21,0.0,00:01:31.6700000,NULL,NULL
819,861,20,21,0.0,00:01:41.2500000,NULL,NULL
819,862,20,21,0.0,00:01:39.7170000,NULL,NULL
819,863,-1,19,0.0,00:01:37.6830000,NULL,NULL
819,864,-1,20,0.0,00:01:26.5820000,NULL,NULL
819,865,-1,21,0.0,00:01:18.4760000,NULL,NULL
819,866,20,23,0.0,00:01:18.2550000,NULL,NULL
819,867,15,23,0.0,00:01:42.6750000,NULL,NULL
819,868,19,24,0.0,00:01:54.1430000,NULL,NULL
819,869,20,20,0.0,00:01:19.2200000,NULL,NULL
819,870,20,21,0.0,00:01:25.2440000,NULL,NULL
819,871,16,22,0.0,00:01:53.4930000,NULL,NULL
819,872,16,20,0.0,00:01:27.0730000,NULL,NULL
819,873,16,21,0.0,00:01:51.7620000,NULL,NULL
819,874,-1,21,0.0,00:01:35.4290000,NULL,NULL
819,875,19,24,0.0,00:01:41.3170000,NULL,NULL
819,876,19,24,0.0,00:01:30.6620000,NULL,NULL
819,877,-1,19,0.0,00:01:45.0890000,NULL,NULL
819,879,12,22,0.0,00:01:18.1040000,NULL,NULL
819,880,16,22,0.0,00:01:50.6260000,NULL,NULL
819,881,14,20,0.0,00:01:39.3140000,NULL,NULL
819,882,16,20,0.0,00:01:39.6140000,NULL,NULL
819,883,17,18,0.0,00:01:35.2830000,NULL,NULL
819,884,17,22,0.0,00:01:25.0700000,NULL,NULL
819,885,-1,18,0.0,00:01:26.6330000,NULL,NULL
819,886,18,18,0.0,00:01:25.6260000,NULL,NULL
819,887,15,18,0.0,00:01:33.8660000,NULL,NULL
819,888,17,22,0.0,00:01:32.9370000,NULL,NULL
819,890,15,19,0.0,00:01:23.0070000,NULL,NULL
819,891,-1,22,0.0,00:02:07.3840000,NULL,NULL
819,892,17,20,0.0,00:01:26.5630000,NULL,NULL
819,893,19,19,0.0,00:01:48.1110000,NULL,NULL
819,894,14,19,0.0,00:01:40.8640000,NULL,NULL
819,895,18,20,0.0,00:01:34.5560000,NULL,NULL
819,896,-1,21,0.0,00:01:27.4870000,NULL,NULL
819,897,19,19,0.0,00:01:43.5280000,NULL,NULL
819,899,-1,18,0.0,00:01:27.8430000,NULL,NULL
820,880,17,20,0.0,00:01:48.9090000,NULL,NULL
820,881,16,21,0.0,00:01:39.6720000,NULL,NULL
820,882,17,19,0.0,00:01:39.5370000,NULL,NULL
820,883,20,21,0.0,00:01:36.4760000,NULL,NULL
820,884,19,21,0.0,00:01:24.9960000,NULL,NULL
820,885,14,22,0.0,00:01:27.3030000,NULL,NULL
820,886,19,20,0.0,00:01:27.0620000,NULL,NULL
820,887,17,20,0.0,00:01:35.8580000,NULL,NULL
820,888,19,21,0.0,00:01:34.0980000,NULL,NULL
820,890,17,22,0.0,00:01:23.9970000,NULL,NULL
820,891,19,16,0.0,00:02:02.9480000,00:01:52.7620000,NULL
820,892,20,22,0.0,00:01:27.4800000,NULL,NULL
820,893,17,22,0.0,00:01:48.9300000,NULL,NULL
820,894,17,21,0.0,00:01:41.3220000,NULL,NULL
820,895,19,18,0.0,00:01:34.3200000,NULL,NULL
820,896,17,22,0.0,00:01:28.1380000,NULL,NULL
820,897,21,20,0.0,00:01:44.1980000,NULL,NULL
820,899,19,22,0.0,00:01:28.9500000,NULL,NULL
820,900,13,17,0.0,00:01:34.2930000,NULL,NULL
820,901,15,21,0.0,00:02:04.3880000,NULL,NULL
820,902,13,21,0.0,00:01:37.9130000,NULL,NULL
820,903,19,21,0.0,00:02:00.8650000,NULL,NULL
820,904,19,17,0.0,00:01:29.5860000,NULL,NULL
820,905,14,19,0.0,00:01:19.9280000,NULL,NULL
820,906,-1,18,0.0,00:01:18.3480000,NULL,NULL
820,907,17,21,0.0,00:01:11.7750000,NULL,NULL
820,908,16,17,0.0,00:01:42.0820000,00:01:39.8000000,NULL
820,909,17,21,0.0,00:01:20.4890000,NULL,NULL
820,910,16,18,0.0,00:01:27.8190000,NULL,NULL
820,911,16,19,0.0,00:02:12.5660000,NULL,NULL
820,912,-1,20,0.0,00:01:28.2470000,NULL,NULL
820,913,17,21,0.0,00:01:50.4730000,NULL,NULL
820,914,18,21,0.0,00:01:37.4810000,NULL,NULL
820,915,-1,20,0.0,00:01:43.6490000,NULL,NULL
821,880,13,18,0.0,00:01:47.7760000,NULL,NULL
821,881,12,14,0.0,00:01:37.7070000,00:01:39.2210000,NULL
821,882,-1,17,0.0,00:01:37.9900000,NULL,NULL
821,883,18,22,0.0,00:01:34.7300000,NULL,NULL
821,884,11,19,0.0,00:01:23.2180000,00:01:22.7930000,NULL
821,885,13,19,0.0,00:01:26.9170000,NULL,NULL
821,886,20,15,0.0,00:01:24.4080000,00:01:30.3150000,NULL
821,887,14,17,0.0,00:01:32.6660000,NULL,NULL
821,888,14,14,0.0,00:01:31.6810000,00:01:31.0100000,NULL
821,890,-1,17,0.0,00:01:21.7240000,NULL,NULL
821,891,14,21,0.0,00:02:04.3240000,NULL,NULL
821,892,13,16,0.0,00:01:25.2260000,NULL,NULL
821,893,12,10,0.0,00:01:45.4830000,00:01:44.2450000,NULL
821,894,11,8,0.0,00:01:38.7250000,00:01:38.3270000,00:01:38.4050000
821,895,7,14,6.0,00:01:32.6730000,00:01:32.0630000,NULL
821,896,15,16,0.0,00:01:26.0570000,00:01:26.3660000,NULL
821,897,13,16,0.0,00:01:41.9990000,NULL,NULL
821,899,12,17,0.0,00:01:27.4550000,NULL,NULL
821,900,12,20,0.0,00:01:35.1170000,NULL,NULL
821,901,-1,12,0.0,00:02:01.1340000,00:02:02.3690000,NULL
821,902,-1,15,0.0,00:01:36.5670000,00:01:35.8910000,NULL
821,903,16,17,0.0,00:01:58.9880000,NULL,NULL
821,904,16,13,0.0,00:01:28.3740000,00:01:28.2800000,NULL
821,905,-1,17,0.0,00:01:18.7410000,NULL,NULL
821,906,14,22,0.0,NULL,NULL,NULL
821,907,19,17,0.0,00:01:11.3490000,NULL,NULL
821,908,-1,19,0.0,00:01:43.2850000,00:01:40.9120000,NULL
821,909,14,16,0.0,00:01:18.7390000,00:01:18.7870000,NULL
821,910,-1,13,0.0,00:01:25.7090000,00:01:25.2600000,NULL
821,911,15,20,0.0,00:02:13.4140000,NULL,NULL
821,912,19,15,0.0,00:01:26.9990000,00:01:26.6920000,NULL
821,913,-1,14,0.0,00:01:47.9700000,00:01:47.3330000,NULL
821,914,13,15,0.0,00:01:35.3080000,00:01:35.6810000,NULL
821,915,15,13,0.0,00:01:41.1590000,00:01:40.5360000,NULL
821,917,14,11,0.0,00:01:11.5200000,00:01:11.5910000,NULL
821,918,15,14,0.0,00:01:42.8190000,NULL,NULL
821,948,-1,20,0.0,00:01:29.6060000,NULL,NULL
821,949,-1,13,0.0,00:01:32.1180000,00:01:31.9450000,NULL
821,950,14,18,0.0,00:01:38.7700000,NULL,NULL
821,951,17,16,0.0,00:01:38.6780000,00:01:38.1150000,NULL
821,952,11,16,0.0,00:01:24.4060000,00:01:24.7780000,NULL
821,953,11,12,0.0,00:01:15.5920000,00:01:15.2930000,NULL
821,954,13,13,0.0,00:01:15.1480000,00:01:14.5710000,NULL
821,955,16,14,0.0,00:01:45.3000000,00:01:45.3490000,NULL
821,956,11,11,0.0,00:01:07.6600000,00:01:07.5780000,NULL
821,957,16,14,0.0,00:01:32.2370000,00:01:32.2410000,NULL
821,958,13,15,0.0,00:01:38.9590000,00:01:26.1890000,NULL
821,959,11,11,0.0,00:01:15.9870000,00:01:15.8830000,NULL
821,960,12,18,0.0,00:01:48.7480000,00:01:48.5980000,NULL
821,961,13,10,0.0,00:01:23.3860000,00:01:22.8560000,00:01:23.1840000
821,962,11,13,0.0,00:01:45.4650000,00:01:45.5930000,NULL
821,963,-1,13,0.0,00:01:35.6580000,00:01:35.0970000,NULL
821,964,20,10,0.0,00:01:32.6200000,00:01:32.1550000,00:01:32.5470000
821,966,19,17,0.0,00:01:21.4010000,NULL,NULL
821,967,-1,12,0.0,00:01:13.0520000,00:01:12.4310000,NULL
821,968,12,13,0.0,00:01:41.6390000,00:01:41.4800000,NULL
822,880,14,16,0.0,00:01:47.3280000,00:01:40.2900000,NULL
822,881,11,18,0.0,00:01:38.2070000,NULL,NULL
822,882,13,16,0.0,00:01:37.7690000,NULL,NULL
822,883,14,15,0.0,00:01:34.4250000,00:01:34.1050000,NULL
822,884,16,16,0.0,00:01:23.2600000,NULL,NULL
822,885,12,14,0.0,00:01:24.6810000,00:01:19.0770000,NULL
822,886,14,3,0.0,00:01:23.4460000,00:01:28.4190000,00:01:25.8970000
822,887,12,16,0.0,00:01:32.6640000,NULL,NULL
822,888,16,17,0.0,00:01:31.6930000,NULL,NULL
822,890,-1,16,0.0,00:01:21.1350000,00:01:21.2190000,NULL
822,891,15,20,0.0,00:02:03.4320000,NULL,NULL
822,892,15,18,0.0,00:01:25.2910000,NULL,NULL
822,893,13,16,0.0,00:01:45.9820000,00:01:45.3880000,NULL
822,894,12,17,0.0,00:01:39.4700000,NULL,NULL
822,895,17,13,0.0,00:01:32.6130000,00:01:32.0130000,NULL
822,896,16,15,0.0,00:01:26.1780000,00:01:26.1340000,NULL
822,897,15,15,0.0,00:01:41.8620000,00:01:41.4470000,NULL
822,899,-1,13,0.0,00:01:26.7900000,00:01:27.9540000,NULL
822,900,5,15,10.0,00:01:31.6010000,00:01:43.8520000,00:01:48.1470000
822,901,8,18,4.0,00:01:59.7090000,00:02:02.7560000,NULL
822,902,8,3,4.0,00:01:34.9340000,00:01:34.8420000,00:01:34.2470000
822,903,7,7,6.0,00:01:56.5010000,00:01:56.2530000,00:01:56.2820000
822,904,5,4,10.0,00:01:28.1980000,00:01:27.5630000,00:01:26.6320000
822,905,-1,13,0.0,00:01:18.4070000,00:01:18.0820000,NULL
822,906,7,4,6.0,00:01:16.7720000,00:01:15.8060000,00:01:15.5500000
822,907,3,2,15.0,00:01:10.3560000,00:01:09.0960000,00:01:08.8460000
822,908,2,14,18.0,00:01:45.3180000,NULL,NULL
822,909,2,2,18.0,00:01:18.2150000,00:01:17.3530000,00:01:16.7590000
822,910,8,3,4.0,00:01:25.6900000,00:01:23.7760000,00:01:23.3540000
822,911,3,6,15.0,00:02:09.2500000,00:02:08.4510000,00:02:08.0490000
822,912,4,3,12.0,00:01:26.0120000,00:01:24.8580000,00:01:24.6970000
822,913,11,8,0.0,00:01:47.1960000,00:01:46.6220000,00:01:46.1870000
822,914,6,3,8.0,00:01:34.3010000,00:01:33.4430000,00:01:33.1280000
822,915,3,3,15.0,00:01:39.1250000,00:01:38.9710000,00:01:38.9200000
822,917,10,4,1.0,00:01:10.8320000,00:01:10.4210000,00:01:10.3050000
822,918,3,3,30.0,00:01:42.3460000,00:01:41.3760000,00:01:41.0250000
822,926,-1,0,0.0,00:01:29.6410000,00:01:27.7960000,00:01:28.0870000
822,927,5,8,10.0,00:01:40.2490000,00:01:40.6500000,00:01:53.1790000
822,928,6,5,8.0,00:01:38.0140000,00:01:37.7630000,00:01:37.1430000
822,929,4,5,12.0,00:01:34.1610000,00:01:33.8970000,00:01:33.3810000
822,930,4,4,12.0,00:01:27.2620000,00:01:26.1970000,00:01:25.6940000
822,931,14,16,0.0,00:01:18.4340000,NULL,NULL
822,932,3,4,15.0,00:01:16.5520000,00:01:15.5060000,00:01:15.1020000
822,933,5,6,10.0,00:01:11.8940000,00:01:09.5980000,00:01:09.3190000
822,934,5,4,10.0,00:01:34.1710000,00:01:33.0200000,00:01:33.1490000
822,936,13,6,0.0,00:01:23.6490000,00:01:23.5550000,00:01:23.2220000
822,937,9,3,2.0,00:01:49.0260000,00:01:49.0440000,00:01:48.5370000
822,938,4,6,12.0,00:01:24.9790000,00:01:24.3130000,00:01:24.1270000
822,939,5,7,10.0,00:01:46.2310000,00:01:45.8870000,00:01:45.6760000
822,940,5,3,10.0,00:01:34.3260000,00:01:33.4160000,00:01:33.0240000
822,941,12,3,0.0,00:01:38.4480000,00:01:38.1940000,00:01:37.9120000
822,943,3,6,15.0,00:01:20.8170000,00:01:20.4580000,00:01:20.4480000
822,944,5,7,10.0,00:01:12.9340000,00:01:12.3740000,00:01:12.0850000
822,945,13,6,0.0,00:01:42.6080000,00:01:41.8680000,00:01:41.6560000
822,948,8,16,4.0,00:01:27.1350000,00:01:25.9610000,NULL
822,949,9,6,2.0,00:01:31.6720000,00:01:30.9310000,00:01:31.1530000
822,950,10,5,1.0,00:01:37.5370000,00:01:36.8310000,00:01:36.2960000
822,951,4,2,12.0,00:01:37.7460000,00:01:37.1400000,00:01:36.5360000
822,952,5,7,10.0,00:01:24.2510000,00:01:24.0230000,00:01:23.5220000
822,953,12,10,0.0,00:01:15.5210000,00:01:15.2730000,NULL
822,954,3,7,15.0,00:01:14.3890000,00:01:13.7910000,00:01:13.6700000
822,955,6,8,8.0,00:01:44.7060000,00:01:44.4770000,00:01:45.2460000
822,956,9,7,2.0,00:01:07.1480000,00:01:06.9110000,00:01:10.4400000
822,957,14,6,0.0,00:01:31.9130000,00:01:31.4780000,00:01:31.5570000
822,958,9,10,2.0,00:01:42.7580000,00:01:24.5060000,00:01:22.1820000
822,959,9,7,2.0,00:01:15.9520000,00:01:15.4900000,00:01:15.5300000
822,960,8,8,4.0,00:01:48.6550000,00:01:47.9180000,00:01:47.6120000
822,961,6,5,8.0,00:01:23.2640000,00:01:22.4990000,00:01:22.3880000
822,962,-1,10,0.0,00:01:46.0860000,00:01:44.7400000,NULL
822,963,5,11,10.0,00:01:35.1660000,00:01:34.5770000,NULL
822,964,10,11,1.0,00:01:32.3830000,00:01:32.3150000,NULL
822,966,8,8,4.0,00:01:20.3380000,00:01:19.9580000,00:01:19.5510000
822,967,11,11,0.0,00:01:12.6800000,00:01:12.4200000,NULL
822,968,-1,11,0.0,00:01:41.1920000,00:01:41.0840000,NULL
822,969,3,3,15.0,00:01:24.5140000,00:01:23.2150000,00:01:22.4810000
822,970,6,3,8.0,00:01:33.6840000,00:01:32.5520000,00:01:31.8650000
822,971,3,1,15.0,00:01:31.0410000,00:01:29.5550000,00:01:28.7690000
822,972,1,3,25.0,00:01:34.0410000,00:01:33.2640000,00:01:33.2890000
822,973,-1,3,0.0,00:01:20.9910000,00:01:20.3000000,00:01:19.3730000
822,974,4,3,12.0,00:01:13.3250000,00:01:12.9010000,00:01:12.2230000
822,975,2,3,18.0,00:01:12.6850000,00:01:12.5630000,00:01:12.1770000
822,976,2,2,18.0,00:01:43.0260000,00:01:41.5020000,00:01:41.0270000
822,977,1,1,25.0,00:01:05.7600000,00:01:04.3160000,00:01:04.2510000
822,978,2,9,18.0,00:01:39.6980000,00:01:28.7320000,00:01:27.3760000
822,979,3,3,15.0,00:01:18.0580000,00:01:17.3620000,00:01:16.5300000
822,980,5,3,10.0,00:01:44.7730000,00:01:43.2490000,00:01:43.0940000
822,981,2,4,18.0,00:01:35.7160000,00:01:35.3960000,00:01:37.8330000
822,982,3,6,15.0,00:01:43.1370000,00:01:41.4090000,00:01:40.8100000
822,983,5,5,10.0,00:01:32.2540000,00:01:30.8030000,00:01:30.7580000
822,984,4,6,12.0,00:01:29.3320000,00:01:28.5430000,00:01:27.6510000
822,986,2,4,18.0,00:01:17.5780000,00:01:17.1610000,00:01:16.9580000
822,987,2,1,18.0,00:01:09.4520000,00:01:08.6380000,00:01:08.3220000
822,988,1,1,25.0,00:01:37.3560000,00:01:36.8220000,00:01:36.2310000
822,989,8,15,4.0,00:01:23.6860000,00:01:22.0890000,NULL
822,990,2,3,18.0,00:01:29.2750000,00:01:28.7940000,00:01:28.1240000
822,991,2,3,18.0,00:01:32.9210000,00:01:32.0630000,00:01:31.6250000
822,992,-1,3,0.0,00:01:43.3550000,00:01:42.6790000,00:01:41.8370000
822,993,2,2,18.0,00:01:17.6740000,00:01:17.1110000,00:01:16.2130000
822,994,5,5,10.0,00:01:12.4340000,00:01:12.0020000,00:01:11.4410000
822,995,2,2,18.0,00:01:11.9500000,00:01:11.5140000,00:01:10.8570000
822,996,7,2,6.0,00:01:31.7760000,00:01:31.2270000,00:01:30.1470000
822,997,-1,1,0.0,00:01:04.1750000,00:01:03.7560000,00:01:03.1300000
822,998,4,4,12.0,00:01:27.0250000,00:01:26.4130000,00:01:26.2170000
822,999,2,2,18.0,00:01:12.9620000,00:01:12.1520000,00:01:11.4160000
822,1000,5,2,10.0,00:01:17.1230000,00:01:32.0810000,00:01:35.9180000
822,1001,4,19,12.0,00:01:42.8050000,00:01:42.1910000,NULL
822,1002,3,4,15.0,00:01:21.3810000,00:01:20.4270000,00:01:19.6560000
822,1003,4,4,12.0,00:01:39.2910000,00:01:37.2540000,00:01:36.7020000
822,1004,2,1,18.0,00:01:32.9640000,00:01:32.7440000,00:01:31.3870000
822,1005,2,2,18.0,00:01:29.2970000,00:01:27.9870000,00:01:28.0590000
822,1007,5,5,10.0,00:01:15.5800000,00:01:15.9230000,00:01:15.1600000
822,1008,5,3,10.0,00:01:08.4920000,00:01:07.7270000,00:01:07.4410000
822,1009,5,2,10.0,00:01:36.7890000,00:01:36.3920000,00:01:34.9560000
822,1010,1,2,26.0,00:01:22.3670000,00:01:21.1930000,00:01:20.5980000
822,1011,2,4,18.0,00:01:29.4980000,00:01:28.8300000,00:01:28.2560000
822,1012,2,1,18.0,00:01:32.6580000,00:01:31.7280000,00:01:31.5470000
822,1013,1,1,25.0,00:01:42.0260000,00:01:41.5000000,00:01:40.4950000
822,1014,2,1,18.0,00:01:16.9790000,00:01:15.9240000,00:01:15.4060000
822,1015,3,2,15.0,00:01:11.5620000,00:01:10.7010000,00:01:10.2520000
822,1016,4,6,13.0,00:01:11.2290000,00:01:11.0950000,00:01:11.1010000
822,1017,2,2,18.0,00:01:30.5500000,00:01:29.4370000,00:01:28.6050000
822,1018,3,3,15.0,00:01:04.0840000,00:01:03.8630000,00:01:03.5370000
822,1019,2,1,18.0,00:01:25.7500000,00:01:25.6720000,00:01:25.0930000
822,1020,-1,3,0.0,00:01:13.0750000,00:01:12.4240000,00:01:12.1290000
822,1021,8,2,4.0,00:01:16.0780000,00:01:15.6690000,00:01:14.5900000
822,1022,3,4,15.0,00:01:45.1410000,00:01:43.9800000,00:01:43.4150000
822,1023,2,3,18.0,00:01:20.1560000,00:01:20.0180000,00:01:19.3540000
822,1024,5,5,10.0,00:01:37.3170000,00:01:37.1420000,00:01:37.1460000
822,1025,2,4,18.0,00:01:33.4130000,00:01:33.2810000,00:01:32.6320000
822,1026,1,3,25.0,00:01:28.8960000,00:01:27.6880000,00:01:27.2930000
822,1027,3,6,15.0,00:01:17.0620000,00:01:15.8520000,00:01:15.3380000
822,1029,-1,4,0.0,00:01:08.5450000,00:01:08.2320000,00:01:07.8740000
822,1030,4,20,12.0,00:01:36.2000000,00:01:35.6740000,00:01:34.9730000
822,1031,1,1,25.0,00:01:04.1110000,00:01:03.0150000,00:01:02.9390000
822,1032,2,4,18.0,00:01:18.7910000,00:01:18.6570000,00:01:20.7010000
822,1033,3,2,15.0,00:01:15.4740000,00:01:14.5300000,00:01:13.5540000
822,1034,11,2,0.0,00:01:25.8010000,00:01:25.0150000,00:01:24.6160000
822,1035,3,1,15.0,00:01:26.7380000,00:01:25.7850000,00:01:25.1540000
822,1036,3,2,16.0,00:01:17.2430000,00:01:16.1520000,00:01:15.6430000
822,1037,2,2,18.0,00:01:42.5340000,00:01:42.1260000,00:01:41.7630000
822,1038,5,2,10.0,00:01:19.7860000,00:01:18.9520000,00:01:18.9560000
822,1039,2,2,18.0,00:01:15.7490000,00:01:15.3220000,00:01:15.2030000
822,1040,1,3,26.0,00:01:32.6560000,00:01:32.4050000,00:01:31.9560000
822,1041,-1,1,0.0,00:01:26.5730000,00:01:25.9710000,00:01:25.2690000
822,1042,2,2,18.0,00:01:16.9450000,00:01:16.4660000,00:01:16.7540000
822,1043,2,1,18.0,00:01:14.2210000,00:01:14.5850000,00:01:13.6090000
822,1044,14,9,0.0,00:02:07.0010000,00:01:53.7670000,00:01:53.2580000
822,1045,8,2,4.0,00:01:28.7670000,00:01:28.0630000,00:01:27.5530000
822,1046,8,1,4.0,00:00:53.9040000,00:00:53.8030000,00:00:53.3770000
822,1047,2,2,18.0,00:01:35.6990000,00:01:35.5270000,00:01:35.2710000
822,1051,-1,6,0.0,00:01:22.0160000,00:01:21.9910000,00:01:21.4780000
822,1052,3,3,16.0,00:01:31.2000000,00:01:30.1860000,00:01:29.5860000
822,1053,-1,8,0.0,00:01:14.6720000,00:01:14.9050000,00:01:14.8980000
822,1054,3,1,16.0,00:01:18.7220000,00:01:18.4580000,00:01:18.3480000
822,1055,3,3,15.0,00:01:18.0050000,00:01:17.1420000,00:01:16.8730000
822,1056,-1,3,0.0,00:01:10.9380000,00:01:10.6950000,00:01:10.6010000
822,1057,12,10,0.0,00:01:42.7010000,00:01:42.1060000,00:01:42.6590000
822,1058,3,5,15.0,00:01:04.5370000,00:01:04.4430000,00:01:04.0350000
822,1059,4,3,12.0,00:01:31.6690000,00:01:30.7350000,00:01:30.3760000
822,1060,2,5,18.0,00:01:04.5630000,00:01:04.3760000,00:01:04.0490000
822,1061,3,3,15.0,00:01:27.4870000,00:01:26.7640000,00:01:26.3280000
822,1062,-1,2,0.0,00:01:16.5690000,00:01:16.7020000,00:01:15.7340000
822,1063,12,13,0.0,00:01:59.8700000,00:01:56.2950000,00:02:02.5020000
822,1064,3,3,15.0,00:01:10.2190000,00:01:09.7690000,00:01:09.2220000
822,1065,3,19,15.0,00:01:20.6850000,00:01:20.0320000,00:01:19.5550000
822,1066,5,16,10.0,00:01:46.3960000,00:01:45.3060000,00:01:44.7100000
822,1067,1,1,26.0,00:01:25.0470000,00:01:23.5790000,00:01:22.9980000
822,1070,15,1,0.0,00:01:16.7270000,00:01:16.8640000,00:01:15.8750000
822,1071,3,1,15.0,00:01:09.0400000,00:01:08.4260000,00:01:08.4690000
822,1072,3,2,15.0,00:01:28.0570000,00:01:28.0540000,00:01:27.6220000
822,1073,6,6,8.0,00:01:23.1170000,00:01:23.2460000,00:01:23.0360000
822,1074,6,6,8.0,00:01:31.9190000,00:01:31.7170000,00:01:31.5600000
822,1075,-1,8,0.0,00:01:29.6830000,00:01:29.4040000,00:01:29.1830000
822,1076,8,12,4.0,00:01:19.2510000,00:01:19.4100000,NULL
822,1077,5,7,10.0,00:01:20.4190000,00:01:20.1920000,00:01:30.4390000
822,1079,6,7,8.0,00:01:20.3550000,00:01:20.0530000,00:01:19.6080000
822,1080,9,12,2.0,00:01:13.5410000,00:01:12.9090000,NULL
822,1081,11,15,0.0,00:01:44.4780000,00:01:44.4440000,NULL
822,1082,7,11,6.0,00:01:33.6890000,00:01:26.7880000,NULL
822,1083,-1,12,0.0,00:01:41.3960000,00:01:44.2320000,NULL
822,1084,11,0,0.0,00:01:06.4420000,00:01:06.3190000,NULL
822,1085,14,11,0.0,00:01:33.0340000,00:01:33.0520000,NULL
822,1086,20,8,0.0,00:01:18.9350000,00:01:18.4450000,00:01:18.1570000
822,1087,-1,13,0.0,00:01:47.8660000,NULL,NULL
822,1088,-1,16,0.0,00:01:11.9610000,NULL,NULL
822,1089,13,15,0.0,00:01:22.2540000,00:01:22.2350000,NULL
822,1091,11,15,0.0,00:01:56.0830000,NULL,NULL
822,1092,15,12,0.0,00:01:31.2260000,00:01:30.7090000,NULL
822,1094,10,6,1.0,00:01:19.5230000,00:01:18.7620000,00:01:18.4010000
822,1095,9,14,2.0,00:01:15.4860000,NULL,NULL
822,1096,15,18,0.0,00:01:25.8920000,NULL,NULL
822,1098,8,12,4.0,00:01:31.5040000,00:01:31.4430000,NULL
822,1099,18,14,0.0,00:01:29.9290000,00:01:29.6680000,NULL
822,1100,11,0,0.0,00:01:18.7140000,NULL,NULL
822,1101,18,13,0.0,00:01:42.5820000,00:01:42.2590000,NULL
822,1104,11,15,0.0,00:01:13.0380000,00:01:12.6250000,NULL
822,1105,19,16,0.0,00:01:13.9770000,NULL,NULL
822,1106,10,14,1.0,00:01:22.3320000,00:01:21.8210000,NULL
822,1107,15,14,0.0,00:01:05.7630000,00:01:05.6800000,NULL
822,1108,12,20,0.0,00:01:29.7980000,NULL,NULL
822,1109,12,7,0.0,00:01:18.7750000,00:01:17.5630000,00:01:17.0340000
822,1110,12,13,0.0,00:01:59.4840000,00:01:54.6940000,NULL
822,1111,14,18,0.0,00:01:22.2600000,NULL,NULL
822,1112,10,14,1.0,00:01:22.2490000,00:01:21.9400000,NULL
822,1113,-1,16,0.0,00:01:32.8090000,NULL,NULL
822,1114,-1,16,0.0,00:01:31.0490000,NULL,NULL
822,1115,8,9,4.0,00:01:26.0380000,00:01:25.2970000,00:01:25.0580000
822,1117,15,9,0.0,00:01:18.4290000,00:01:18.0160000,00:01:18.0320000
822,1118,-1,18,0.0,00:01:10.9550000,NULL,NULL
822,1119,17,7,0.0,00:01:34.3050000,00:01:33.8090000,00:01:33.5250000
822,1120,19,18,0.0,00:01:24.7880000,NULL,NULL
822,1121,19,16,0.0,00:01:30.7560000,NULL,NULL
822,1122,17,16,0.0,00:01:29.1790000,NULL,NULL
822,1123,14,13,0.0,00:01:17.5430000,00:01:17.3400000,NULL
822,1124,14,13,0.0,00:01:29.6020000,00:01:29.5930000,NULL
822,1125,-1,10,0.0,00:01:35.1690000,00:01:34.7690000,00:01:34.6650000
822,1127,18,16,0.0,00:01:16.6260000,NULL,NULL
822,1128,13,17,0.0,00:01:12.5120000,NULL,NULL
822,1129,13,0,0.0,00:01:13.3660000,NULL,NULL
822,1130,16,12,0.0,00:01:12.7580000,00:01:12.2270000,NULL
822,1131,16,18,0.0,00:01:05.8470000,NULL,NULL
822,1132,15,16,0.0,00:01:32.4310000,NULL,NULL
822,1133,16,12,0.0,00:01:17.4870000,00:01:16.3840000,NULL
822,1134,15,14,0.0,00:01:55.5310000,00:01:54.7640000,NULL
822,1135,19,16,0.0,00:01:12.1680000,NULL,NULL
822,1136,16,19,0.0,00:01:21.1010000,NULL,NULL
822,1137,16,16,0.0,00:01:43.6180000,NULL,NULL
822,1138,16,19,0.0,00:01:31.5720000,NULL,NULL
822,1140,14,15,0.0,00:01:17.3930000,00:01:17.8170000,NULL
822,1141,13,11,0.0,00:01:30.6330000,00:01:26.4720000,NULL
822,1142,18,19,0.0,00:01:34.4300000,NULL,NULL
822,1143,11,13,0.0,00:01:21.9270000,00:01:21.7310000,NULL
822,1144,-1,9,0.0,00:01:23.4810000,00:01:23.3410000,00:01:23.2040000
823,880,18,21,0.0,00:01:49.5190000,NULL,NULL
823,881,15,22,0.0,00:01:39.9320000,NULL,NULL
823,882,18,21,0.0,00:01:39.6600000,NULL,NULL
823,883,21,20,0.0,00:01:36.3040000,NULL,NULL
823,884,21,18,0.0,00:01:24.6610000,NULL,NULL
823,885,15,15,0.0,00:01:26.0950000,00:01:19.4080000,NULL
823,886,-1,21,0.0,00:01:27.1100000,NULL,NULL
823,887,18,22,0.0,00:01:35.4810000,NULL,NULL
823,888,18,20,0.0,00:01:33.7340000,NULL,NULL
823,890,14,20,0.0,00:01:23.3330000,NULL,NULL
823,891,16,14,0.0,00:02:00.5640000,00:01:52.0360000,NULL
823,892,18,19,0.0,00:01:26.4060000,NULL,NULL
823,893,16,20,0.0,00:01:48.3200000,NULL,NULL
823,894,15,20,0.0,00:01:40.8710000,NULL,NULL
823,895,-1,19,0.0,00:01:34.8790000,NULL,NULL
823,896,-1,20,0.0,00:01:27.1050000,NULL,NULL
823,897,18,18,0.0,00:01:43.2520000,NULL,NULL
823,899,18,20,0.0,00:01:28.3200000,NULL,NULL
824,880,15,19,0.0,00:01:48.1470000,NULL,NULL
824,881,13,19,0.0,00:01:38.4340000,NULL,NULL
824,882,15,18,0.0,00:01:38.7800000,NULL,NULL
824,883,19,19,0.0,00:01:36.1780000,NULL,NULL
824,884,18,20,0.0,00:01:24.7130000,NULL,NULL
824,885,-1,20,0.0,NULL,NULL,NULL
824,886,17,19,0.0,00:01:26.5080000,NULL,NULL
824,887,16,19,0.0,00:01:34.1080000,NULL,NULL
824,888,-1,19,0.0,00:01:33.0630000,NULL,NULL
824,890,16,21,0.0,00:01:23.7870000,NULL,NULL
824,891,18,15,0.0,00:02:02.1100000,00:01:52.5630000,NULL
824,892,19,21,0.0,00:01:27.0850000,NULL,NULL
824,893,18,21,0.0,00:01:48.8300000,NULL,NULL
824,894,16,22,0.0,00:01:41.1690000,NULL,NULL
824,895,-1,21,0.0,00:01:34.9580000,NULL,NULL
824,896,18,19,0.0,00:01:26.9700000,NULL,NULL
824,897,20,21,0.0,00:01:43.3980000,NULL,NULL
824,899,17,21,0.0,00:01:28.3660000,NULL,NULL
824,900,-1,18,0.0,00:01:34.7940000,NULL,NULL
824,901,-1,19,0.0,00:02:02.7020000,NULL,NULL
824,902,16,19,0.0,00:01:37.3100000,NULL,NULL
824,903,17,19,0.0,00:01:59.3260000,NULL,NULL
824,904,18,18,0.0,00:01:30.1770000,NULL,NULL
824,905,9,21,2.0,00:01:19.3320000,NULL,NULL
824,906,-1,19,0.0,00:01:18.3590000,NULL,NULL
824,907,15,18,0.0,00:01:11.4120000,NULL,NULL
824,908,14,12,0.0,00:01:41.1690000,00:01:38.7090000,NULL
824,909,15,17,0.0,00:01:19.6760000,NULL,NULL
824,910,15,15,0.0,00:01:26.7280000,00:01:27.4190000,NULL
824,911,18,16,0.0,00:02:11.0510000,00:02:12.4700000,NULL
824,912,18,19,0.0,00:01:27.7380000,NULL,NULL
824,913,16,19,0.0,00:01:49.4400000,NULL,NULL
824,914,20,18,0.0,00:01:36.9430000,NULL,NULL
825,900,2,4,18.0,00:01:30.9490000,00:01:43.2470000,00:01:45.7450000
825,901,9,8,2.0,00:02:00.3560000,00:02:02.0940000,00:02:02.2130000
825,902,-1,8,0.0,00:01:35.2880000,00:01:34.9040000,00:01:34.7120000
825,903,13,15,0.0,00:01:57.3690000,00:01:57.6750000,NULL
825,904,12,14,0.0,00:01:28.3890000,NULL,NULL
825,905,10,8,1.0,00:01:17.9780000,00:01:17.6090000,00:01:17.5550000
825,906,9,12,2.0,00:01:16.4460000,00:01:16.3100000,NULL
825,907,7,6,6.0,00:01:10.0810000,00:01:09.4730000,00:01:09.5150000
825,908,7,5,6.0,00:01:42.5070000,00:01:37.3700000,00:01:38.4170000
825,909,9,4,2.0,00:01:18.2600000,00:01:17.7880000,00:01:17.2140000
825,910,12,21,0.0,00:01:26.5780000,00:01:24.5850000,NULL
825,911,12,7,0.0,00:02:11.0810000,00:02:08.9010000,00:02:08.6790000
825,912,10,5,1.0,00:01:26.3370000,00:01:25.9730000,00:01:25.3140000
825,913,10,9,1.0,00:01:47.9760000,00:01:46.7000000,00:01:46.2500000
825,914,14,7,0.0,00:01:34.9300000,00:01:34.2290000,00:01:34.2420000
825,915,5,11,10.0,00:01:39.7350000,00:01:39.0220000,00:01:39.6290000
825,917,9,7,2.0,00:01:11.1340000,00:01:11.2110000,00:01:10.9690000
825,918,11,9,0.0,00:01:42.1040000,00:01:42.1980000,NULL
825,926,-1,17,0.0,00:01:32.0370000,NULL,NULL
825,948,12,14,0.0,00:01:27.2970000,00:01:27.7420000,NULL
825,949,11,22,0.0,00:01:33.1810000,NULL,NULL
825,950,17,17,0.0,00:01:38.6730000,NULL,NULL
825,951,7,17,6.0,00:01:38.9140000,NULL,NULL
825,952,14,15,0.0,00:01:24.6690000,00:01:24.6250000,NULL
825,953,-1,16,0.0,00:01:16.2530000,00:01:16.0580000,NULL
825,955,14,22,0.0,00:01:46.3480000,NULL,NULL
825,956,14,17,0.0,00:01:07.9410000,NULL,NULL
825,957,17,16,0.0,00:01:32.7290000,00:01:37.0600000,NULL
825,958,15,19,0.0,00:01:44.5430000,NULL,NULL
825,959,16,16,0.0,00:01:16.7160000,NULL,NULL
825,960,-1,12,0.0,00:01:48.8000000,00:01:48.4850000,NULL
825,961,17,21,0.0,00:01:24.4360000,NULL,NULL
825,962,10,15,1.0,00:01:46.8250000,NULL,NULL
825,963,-1,14,0.0,00:01:35.5930000,00:01:35.2770000,NULL
825,964,14,17,0.0,00:01:33.0230000,NULL,NULL
825,966,17,14,0.0,00:01:21.2540000,00:01:21.1310000,NULL
825,967,14,18,0.0,00:01:13.4100000,NULL,NULL
825,968,-1,18,0.0,00:01:42.1420000,NULL,NULL
825,969,-1,17,0.0,00:01:26.8470000,NULL,NULL
825,970,8,12,4.0,00:01:34.9420000,00:01:34.1640000,NULL
825,971,-1,20,0.0,00:01:32.9000000,NULL,NULL
825,972,13,13,0.0,00:01:36.4080000,00:01:36.0170000,NULL
825,973,14,11,0.0,00:01:21.9450000,00:01:21.3290000,NULL
825,974,10,11,1.0,00:01:13.5310000,00:01:13.9590000,NULL
825,975,12,18,0.0,00:01:14.3180000,NULL,NULL
825,976,7,12,6.0,00:01:44.0290000,00:01:43.7960000,NULL
825,977,-1,15,0.0,00:01:06.1430000,NULL,NULL
825,978,12,16,0.0,00:01:42.5770000,NULL,NULL
825,979,13,15,0.0,00:01:19.0950000,NULL,NULL
825,980,15,12,0.0,00:01:45.5350000,00:01:45.4000000,NULL
825,981,11,9,0.0,00:01:40.4890000,NULL,NULL
825,982,-1,16,0.0,00:01:43.7560000,NULL,NULL
825,983,12,17,0.0,00:01:33.4340000,NULL,NULL
825,984,8,12,4.0,00:01:30.7740000,00:01:29.9720000,NULL
825,986,8,14,4.0,00:01:19.4430000,NULL,NULL
825,987,-1,13,0.0,00:01:10.5210000,00:01:10.1540000,NULL
825,988,13,14,0.0,00:01:39.3950000,00:01:39.2980000,NULL
825,989,-1,5,0.0,00:01:23.9090000,00:01:23.3000000,00:01:23.1870000
825,990,5,6,10.0,00:01:29.5940000,00:01:29.6230000,00:01:29.3580000
825,991,10,11,1.0,00:01:33.3590000,00:01:32.9860000,NULL
825,992,13,15,0.0,00:01:43.6740000,00:01:44.7590000,NULL
825,993,6,7,8.0,00:01:18.1690000,00:01:17.6180000,00:01:17.6760000
825,994,13,19,0.0,00:01:13.3930000,NULL,NULL
825,995,13,11,0.0,00:01:12.6800000,00:01:12.6060000,NULL
825,996,6,9,8.0,00:01:32.1690000,00:01:31.5100000,00:01:32.9300000
825,997,5,8,10.0,00:01:04.4600000,00:01:04.2910000,00:01:04.0510000
825,998,9,7,2.0,00:01:28.1430000,00:01:27.7300000,00:01:27.2440000
825,999,11,5,0.0,00:01:13.1050000,00:01:12.5230000,00:01:12.2000000
825,1000,7,9,6.0,00:01:18.3140000,00:01:32.9680000,00:01:39.8580000
825,1001,8,9,4.0,00:01:43.8340000,00:01:43.3200000,00:02:04.9330000
825,1002,16,11,0.0,00:01:21.7830000,00:01:21.6690000,NULL
825,1003,18,16,0.0,00:01:39.6440000,NULL,NULL
825,1004,8,5,4.0,00:01:34.0780000,00:01:33.7470000,00:01:33.1810000
825,1005,-1,12,0.0,00:01:30.2190000,00:01:30.2260000,NULL
825,1007,15,16,0.0,00:01:17.5990000,NULL,NULL
825,1008,9,10,2.0,00:01:08.4740000,00:01:08.6590000,NULL
825,1009,10,13,1.0,00:01:37.9340000,00:01:37.3090000,NULL
825,1010,6,7,8.0,00:01:22.5190000,00:01:22.2210000,00:01:22.0990000
825,1011,13,6,0.0,00:01:29.5320000,00:01:29.0170000,00:01:28.7570000
825,1012,13,9,0.0,00:01:34.0360000,00:01:33.1500000,NULL
825,1013,13,12,0.0,00:01:42.3820000,00:01:42.6990000,NULL
825,1014,7,8,6.0,00:01:17.6690000,00:01:17.2720000,00:01:16.9220000
825,1015,14,5,0.0,00:01:11.8650000,00:01:11.3630000,00:01:11.1090000
825,1016,17,0,0.0,00:01:12.1070000,00:01:11.7860000,NULL
825,1017,17,15,0.0,00:01:31.1660000,00:01:31.4400000,NULL
825,1018,19,10,0.0,00:01:04.7780000,00:01:04.4660000,00:01:04.0720000
825,1019,-1,16,0.0,00:01:26.6620000,NULL,NULL
825,1020,8,12,4.0,00:01:13.1030000,00:01:12.7890000,NULL
825,1021,13,14,0.0,00:01:16.1220000,00:01:17.0810000,NULL
825,1022,12,8,0.0,00:01:45.8390000,00:01:44.7380000,00:01:45.0860000
825,1023,-1,11,0.0,00:01:20.6160000,00:01:20.6150000,NULL
825,1024,17,13,0.0,00:01:39.9420000,00:01:39.6500000,NULL
825,1025,9,13,2.0,00:01:33.8890000,00:01:34.0820000,NULL
825,1026,15,19,0.0,NULL,NULL,NULL
825,1027,15,17,0.0,00:01:18.4360000,NULL,NULL
825,1029,11,9,0.0,00:01:08.8750000,00:01:08.8030000,00:01:09.0370000
825,1030,14,14,0.0,00:01:37.7100000,00:01:37.2540000,NULL
825,1031,-1,16,0.0,00:01:05.1640000,NULL,NULL
825,1032,12,15,0.0,00:01:21.1400000,00:01:20.2110000,NULL
825,1033,10,0,1.0,00:01:16.1520000,NULL,NULL
825,1034,-1,14,0.0,00:01:27.1580000,NULL,NULL
825,1035,-1,17,0.0,00:01:28.2360000,NULL,NULL
825,1036,15,16,0.0,00:01:17.9080000,NULL,NULL
825,1037,17,20,0.0,00:01:44.3140000,NULL,NULL
825,1038,-1,15,0.0,00:01:20.8690000,00:01:21.5730000,NULL
825,1039,-1,20,0.0,00:01:17.3480000,NULL,NULL
825,1040,12,18,0.0,00:01:34.6810000,NULL,NULL
825,1041,13,15,0.0,00:01:27.2310000,00:01:27.1250000,NULL
825,1042,16,19,0.0,00:01:18.5080000,NULL,NULL
825,1043,-1,17,0.0,00:01:15.9390000,NULL,NULL
825,1044,17,13,0.0,00:02:08.0070000,NULL,NULL
825,1045,17,18,0.0,00:01:30.1110000,NULL,NULL
825,1046,15,15,0.0,00:00:54.7050000,NULL,NULL
825,1047,18,20,0.0,00:01:37.8630000,NULL,NULL
825,1074,5,7,10.0,00:01:31.9550000,00:01:31.4610000,00:01:31.8080000
825,1075,9,10,2.0,00:01:29.8310000,00:01:29.5460000,00:01:29.5880000
825,1076,14,16,0.0,00:01:20.2540000,NULL,NULL
825,1077,9,8,2.0,00:01:20.1470000,00:01:19.9020000,00:01:29.1640000
825,1079,17,8,0.0,00:01:20.2270000,00:01:19.8100000,00:01:19.6820000
825,1080,-1,13,0.0,00:01:13.0690000,00:01:12.9210000,NULL
825,1081,-1,16,0.0,00:01:44.6430000,NULL,NULL
825,1082,17,5,0.0,00:01:32.9570000,00:01:26.2540000,00:01:22.9600000
825,1083,10,17,1.0,00:01:42.1590000,NULL,NULL
825,1084,8,7,4.0,00:01:06.3660000,00:01:05.8940000,00:01:05.8790000
825,1085,-1,20,0.0,00:01:32.7560000,00:01:32.6490000,NULL
825,1086,16,13,0.0,00:01:18.9930000,00:01:18.8250000,NULL
825,1087,16,12,0.0,00:01:46.5570000,NULL,NULL
825,1088,15,18,0.0,00:01:12.3190000,NULL,NULL
825,1089,16,16,0.0,00:01:22.9080000,NULL,NULL
825,1091,12,9,0.0,00:01:55.1030000,00:01:54.0060000,00:01:51.5730000
825,1092,14,18,0.0,00:01:31.3520000,NULL,NULL
825,1094,17,19,0.0,00:01:20.2930000,00:01:19.8330000,NULL
825,1095,-1,8,0.0,00:01:13.9540000,00:01:11.4100000,00:01:11.6740000
825,1096,17,16,0.0,00:01:25.8340000,NULL,NULL
825,1098,13,17,0.0,00:01:31.8920000,NULL,NULL
825,1099,10,13,1.0,00:01:29.7440000,00:01:29.6340000,NULL
825,1100,17,14,0.0,00:01:18.1590000,00:01:18.1290000,NULL
825,1101,13,16,0.0,00:01:43.4170000,NULL,NULL
825,1104,-1,17,0.0,00:01:13.2700000,NULL,NULL
825,1105,18,17,0.0,00:01:14.0420000,NULL,NULL
825,1106,17,13,0.0,00:01:22.3510000,00:01:21.6780000,NULL
825,1107,18,0,0.0,00:01:05.9710000,NULL,NULL
825,1108,-1,19,0.0,00:01:32.3780000,NULL,NULL
825,1109,17,19,0.0,00:01:19.2060000,NULL,NULL
825,1110,15,16,0.0,00:02:00.0200000,00:01:54.1600000,NULL
825,1111,16,0,0.0,00:01:22.1920000,NULL,NULL
825,1112,18,19,0.0,00:01:22.5920000,NULL,NULL
825,1113,10,6,1.0,00:01:32.2420000,00:01:31.8920000,00:01:31.5750000
825,1114,15,15,0.0,00:01:30.9760000,00:01:30.6650000,NULL
825,1115,14,18,0.0,00:01:27.0460000,NULL,NULL
825,1117,-1,16,0.0,00:01:19.1630000,NULL,NULL
825,1118,-1,12,0.0,00:01:10.6020000,00:01:10.7230000,NULL
825,1119,13,8,0.0,00:01:34.3370000,00:01:33.6640000,00:01:33.5370000
825,1120,20,17,0.0,00:01:24.7640000,NULL,NULL
825,1121,12,15,0.0,00:01:30.6460000,00:01:30.5290000,NULL
825,1122,12,13,0.0,00:01:29.0690000,00:01:29.0200000,NULL
825,1123,10,14,1.0,00:01:17.7090000,00:01:17.4270000,NULL
825,1124,13,18,0.0,00:01:30.1310000,NULL,NULL
825,1125,16,17,0.0,00:01:35.5160000,NULL,NULL
825,1127,12,18,0.0,00:01:16.8540000,NULL,NULL
825,1128,-1,20,0.0,00:01:11.8320000,00:01:11.7250000,NULL
825,1129,12,14,0.0,00:01:13.2170000,00:01:12.9160000,NULL
825,1130,17,16,0.0,00:01:12.9370000,NULL,NULL
825,1131,8,12,4.0,00:01:05.5080000,00:01:05.3470000,NULL
825,1132,12,17,0.0,00:01:32.9050000,NULL,NULL
825,1133,15,15,0.0,00:01:17.8510000,00:01:16.5480000,NULL
825,1134,14,17,0.0,00:01:56.5000000,NULL,NULL
825,1135,18,0,0.0,00:01:11.6300000,00:01:11.2950000,NULL
825,1136,10,13,1.0,00:01:20.8560000,00:01:20.6980000,NULL
825,1138,19,14,0.0,00:01:30.8290000,00:01:30.6530000,NULL
825,1140,7,7,6.0,00:01:17.1250000,00:01:17.0030000,00:01:16.8860000
825,1142,12,12,0.0,00:01:33.9910000,00:01:33.2970000,NULL
825,1143,9,10,2.0,00:01:21.8910000,00:01:21.3870000,00:01:21.5000000
825,1144,16,14,0.0,00:01:23.6320000,00:01:23.8770000,NULL
826,900,9,8,2.0,00:01:33.7770000,00:01:44.3310000,00:01:47.3680000
826,901,10,11,1.0,00:02:01.1750000,00:02:02.3510000,NULL
826,902,11,12,0.0,00:01:35.3950000,00:01:35.1450000,NULL
826,903,10,13,1.0,00:01:57.2610000,00:01:57.2890000,NULL
826,904,14,12,0.0,00:01:28.0740000,00:01:28.0390000,NULL
826,905,-1,9,0.0,00:01:18.6160000,00:01:17.5940000,00:01:18.0900000
826,906,-1,15,0.0,00:01:16.9380000,00:01:16.7130000,NULL
826,907,-1,7,0.0,00:01:09.6780000,00:01:09.4900000,00:01:09.6190000
826,908,9,9,2.0,00:01:41.0320000,00:01:36.8130000,00:01:40.7070000
826,909,-1,8,0.0,00:01:18.5300000,00:01:18.1030000,00:01:17.9650000
826,910,14,10,0.0,00:01:25.3610000,00:01:24.7060000,NULL
826,911,9,11,2.0,00:02:10.4450000,00:02:09.3770000,NULL
826,912,11,21,0.0,00:01:26.2610000,00:01:26.0700000,NULL
826,913,14,10,0.0,00:01:47.6560000,00:01:46.9260000,00:01:47.3620000
826,914,11,12,0.0,00:01:35.2100000,00:01:35.0920000,NULL
826,915,14,5,0.0,00:01:40.0740000,00:01:39.2960000,00:01:39.2770000
826,917,11,17,0.0,00:01:11.4230000,NULL,NULL
826,918,-1,5,0.0,00:01:42.3020000,00:01:42.0820000,00:01:41.9080000
826,926,-1,12,0.0,00:01:30.4020000,00:01:29.0700000,NULL
826,927,9,5,2.0,00:01:40.5460000,00:01:41.6650000,00:01:51.9510000
826,928,-1,12,0.0,00:01:39.0510000,00:01:38.2090000,NULL
826,929,9,17,2.0,00:01:35.8000000,NULL,NULL
826,930,10,8,1.0,00:01:27.8330000,00:01:26.8890000,00:01:26.6290000
826,931,4,5,12.0,00:01:16.8450000,00:01:16.4530000,00:01:16.1820000
826,932,9,8,2.0,00:01:16.4150000,00:01:15.8910000,00:01:16.0790000
826,933,12,15,0.0,00:01:12.0920000,00:01:10.1870000,00:01:09.6940000
826,934,6,7,8.0,00:01:34.4220000,00:01:33.5200000,00:01:33.6360000
826,936,2,7,18.0,00:01:23.5870000,00:01:23.5970000,00:01:23.3320000
826,937,4,12,12.0,00:01:49.4690000,00:01:49.2280000,NULL
826,938,10,18,1.0,00:01:25.7420000,00:01:25.7960000,NULL
826,939,6,4,8.0,00:01:45.3400000,00:01:44.9790000,00:01:44.7450000
826,940,13,20,0.0,00:01:34.6460000,00:01:34.2010000,NULL
826,941,5,11,10.0,00:01:39.5800000,00:01:39.2140000,NULL
826,943,4,4,12.0,00:01:20.8260000,00:01:20.4900000,00:01:20.3980000
826,944,7,6,6.0,00:01:12.7300000,00:01:12.5270000,00:01:12.3220000
826,945,10,9,1.0,00:01:42.5400000,00:01:42.3280000,00:01:41.9330000
826,948,-1,18,0.0,00:01:28.0060000,NULL,NULL
826,949,7,15,6.0,00:01:32.5590000,00:01:32.2410000,NULL
826,950,3,6,15.0,00:01:37.7190000,00:01:36.9480000,00:01:36.3990000
826,951,15,8,0.0,00:01:38.2650000,00:01:37.6060000,00:01:37.4590000
826,952,10,13,1.0,00:01:24.6960000,00:01:24.4450000,NULL
826,953,-1,8,0.0,00:01:15.3840000,00:01:14.7940000,00:01:15.2730000
826,954,12,15,0.0,00:01:14.8290000,00:01:14.4570000,NULL
826,955,-1,6,0.0,00:01:44.6940000,00:01:44.6870000,00:01:44.7170000
826,956,-1,0,0.0,00:01:08.4090000,NULL,NULL
826,957,10,15,1.0,00:01:32.5530000,00:01:32.3060000,NULL
826,958,16,12,0.0,00:01:36.7140000,00:01:25.3010000,NULL
826,959,15,18,0.0,00:01:16.8760000,NULL,NULL
826,960,14,19,0.0,00:01:49.0580000,NULL,NULL
826,961,-1,16,0.0,00:01:23.8250000,NULL,NULL
826,962,9,7,2.0,00:01:45.2910000,00:01:44.4750000,00:01:44.4690000
826,963,14,15,0.0,00:01:35.6950000,00:01:35.3690000,NULL
826,964,13,13,0.0,00:01:32.6450000,00:01:32.6230000,NULL
826,966,18,18,0.0,00:01:21.4540000,NULL,NULL
826,967,13,14,0.0,00:01:13.0710000,00:01:12.7260000,NULL
826,968,-1,17,0.0,00:01:42.0030000,NULL,NULL
826,969,9,9,2.0,00:01:25.9700000,00:01:24.8640000,00:01:24.5120000
826,970,-1,9,0.0,00:01:34.4400000,00:01:34.0340000,00:01:33.7190000
826,971,12,11,0.0,00:01:31.5310000,00:01:30.9230000,NULL
826,972,12,12,0.0,00:01:35.9840000,00:01:35.9680000,NULL
826,973,9,19,2.0,00:01:22.7460000,NULL,NULL
826,974,14,9,0.0,00:01:13.8990000,00:01:13.5160000,NULL
826,975,-1,11,0.0,00:01:13.8020000,00:01:13.6900000,NULL
826,976,-1,11,0.0,00:01:42.9270000,00:01:43.1860000,NULL
826,977,16,14,0.0,00:01:05.9900000,00:01:05.8840000,NULL
826,978,15,12,0.0,00:01:41.7260000,00:01:30.3550000,NULL
826,979,11,16,0.0,00:01:18.7020000,00:01:18.5380000,NULL
826,980,12,19,0.0,00:01:46.0280000,NULL,NULL
826,981,12,8,0.0,00:01:39.1830000,00:01:38.2450000,NULL
826,982,-1,13,0.0,00:01:42.5440000,00:01:42.3380000,NULL
826,1010,10,15,1.0,00:01:22.5110000,00:01:22.7740000,NULL
826,1011,12,15,0.0,00:01:29.8760000,00:01:29.8540000,NULL
826,1012,-1,11,0.0,00:01:33.7830000,00:01:33.2360000,NULL
826,1013,-1,6,0.0,00:01:42.3240000,00:01:42.2210000,00:01:41.6810000
826,1014,9,9,2.0,00:01:17.9140000,00:01:17.2430000,00:01:17.5730000
826,1015,7,7,6.0,00:01:11.6020000,00:01:11.4120000,00:01:11.2710000
826,1016,10,10,1.0,00:01:11.9650000,00:01:11.9210000,NULL
826,1017,14,19,0.0,00:01:31.5640000,NULL,NULL
826,1018,17,16,0.0,00:01:05.3240000,NULL,NULL
826,1019,9,17,2.0,00:01:26.7210000,NULL,NULL
826,1020,3,14,15.0,00:01:13.2780000,00:01:13.1350000,NULL
826,1021,15,13,0.0,00:01:16.7500000,00:01:16.6920000,NULL
826,1022,7,19,6.0,00:01:46.5180000,NULL,NULL
826,1023,-1,12,0.0,00:01:20.7230000,00:01:20.6300000,NULL
826,1024,15,14,0.0,00:01:39.9570000,NULL,NULL
826,1025,12,19,0.0,00:01:39.5440000,NULL,NULL
826,1026,10,14,1.0,00:01:29.7230000,00:01:29.5630000,NULL
826,1027,11,9,0.0,00:01:17.0410000,00:01:16.6570000,00:01:16.4690000
826,1029,10,16,1.0,00:01:09.3200000,NULL,NULL
826,1030,9,13,2.0,00:01:37.6830000,00:01:37.1410000,NULL
826,1031,12,13,0.0,00:01:05.0310000,00:01:04.4310000,NULL
826,1032,10,13,1.0,00:01:19.8240000,00:01:19.7170000,NULL
826,1033,12,17,0.0,00:01:16.2040000,NULL,NULL
826,1034,-1,19,0.0,00:01:26.7740000,00:01:26.7440000,NULL
826,1035,10,16,1.0,00:01:27.8820000,NULL,NULL
826,1036,12,12,0.0,00:01:17.6760000,00:01:17.1920000,NULL
826,1037,11,11,0.0,00:01:43.2670000,00:01:42.7300000,NULL
826,1038,9,11,2.0,00:01:20.3070000,00:01:20.1690000,NULL
826,1039,7,12,6.0,00:01:16.9280000,00:01:16.8540000,NULL
826,1040,8,11,4.0,00:01:33.5110000,00:01:33.2490000,NULL
826,1041,15,13,0.0,00:01:27.2850000,00:01:26.8480000,NULL
826,1042,19,13,0.0,00:01:17.8410000,00:01:17.7280000,NULL
826,1043,4,8,12.0,00:01:15.4120000,00:01:15.0220000,00:01:14.6960000
826,1044,12,16,0.0,00:02:09.0700000,NULL,NULL
826,1045,11,10,0.0,00:01:29.1580000,00:01:28.9440000,00:01:28.6180000
826,1046,7,6,6.0,00:00:54.3460000,00:00:53.8560000,00:00:53.9060000
826,1047,11,7,0.0,00:01:36.4590000,00:01:36.2140000,00:01:35.9630000
827,911,-1,21,0.0,00:02:13.4690000,NULL,NULL
828,900,-1,19,0.0,00:01:35.1570000,NULL,NULL
828,901,14,22,0.0,00:02:04.4070000,NULL,NULL
828,902,-1,20,0.0,00:01:37.8750000,NULL,NULL
828,903,20,20,0.0,00:02:00.6460000,NULL,NULL
828,904,20,19,0.0,00:01:30.3120000,NULL,NULL
828,905,11,22,0.0,00:01:21.7320000,NULL,NULL
828,906,-1,20,0.0,00:01:19.8200000,NULL,NULL
828,907,18,20,0.0,00:01:12.6730000,NULL,NULL
828,908,-1,21,0.0,00:01:49.4210000,NULL,NULL
828,909,18,22,0.0,NULL,NULL,NULL
828,910,-1,19,0.0,00:01:28.6430000,NULL,NULL
828,911,17,22,0.0,00:02:14.4380000,NULL,NULL
828,912,20,22,0.0,00:01:28.5620000,NULL,NULL
828,913,15,22,0.0,00:01:52.2870000,NULL,NULL
828,914,17,17,0.0,00:01:36.8130000,NULL,NULL
828,915,19,16,0.0,00:01:42.6480000,NULL,NULL
828,926,8,15,4.0,00:01:31.3760000,NULL,NULL
828,927,-1,9,0.0,00:01:40.3400000,00:01:41.7480000,00:01:53.2610000
828,928,10,10,1.0,00:01:38.9410000,00:01:38.1270000,00:01:38.1580000
828,929,14,13,0.0,00:01:35.4380000,00:01:35.0340000,NULL
828,930,14,16,0.0,00:01:28.1120000,NULL,NULL
828,931,13,17,0.0,00:01:18.5130000,NULL,NULL
828,932,14,12,0.0,00:01:16.7960000,00:01:16.2620000,NULL
828,933,13,11,0.0,00:01:12.3880000,00:01:10.4260000,NULL
828,934,11,15,0.0,00:01:34.6430000,00:01:34.8680000,NULL
828,936,10,17,1.0,00:01:24.8430000,NULL,NULL
828,937,10,13,1.0,00:01:49.5230000,00:01:49.5860000,NULL
828,938,9,12,2.0,00:01:25.1220000,00:01:24.4570000,00:01:26.2140000
828,939,11,17,0.0,00:01:47.0880000,NULL,NULL
828,940,14,15,0.0,00:01:35.6730000,NULL,NULL
828,941,-1,17,0.0,00:01:40.6600000,NULL,NULL
828,943,12,14,0.0,00:01:21.2990000,00:01:21.5440000,NULL
828,944,16,12,0.0,00:01:13.3460000,00:01:13.2330000,NULL
828,945,14,17,0.0,00:01:43.8380000,NULL,NULL
828,948,-1,15,0.0,00:01:27.4350000,NULL,NULL
828,949,12,17,0.0,00:01:32.8400000,NULL,NULL
828,950,16,15,0.0,00:01:38.3210000,00:01:40.7420000,NULL
828,951,14,22,0.0,00:01:39.5190000,NULL,NULL
828,952,12,19,0.0,00:01:25.2020000,NULL,NULL
828,953,-1,17,0.0,00:01:16.2990000,NULL,NULL
828,954,15,21,0.0,00:01:15.6350000,NULL,NULL
828,955,17,20,0.0,00:01:46.2310000,NULL,NULL
828,956,15,18,0.0,00:01:08.4180000,NULL,NULL
828,958,20,22,0.0,00:01:46.9840000,NULL,NULL
828,959,18,22,0.0,00:01:17.2380000,NULL,NULL
828,960,-1,20,0.0,00:01:49.0710000,NULL,NULL
828,961,16,19,0.0,00:01:24.0870000,NULL,NULL
828,962,17,14,0.0,00:01:46.4270000,00:01:47.8270000,NULL
828,963,12,17,0.0,00:01:35.8160000,NULL,NULL
828,964,15,18,0.0,00:01:33.2220000,NULL,NULL
828,966,11,15,0.0,00:01:21.0620000,00:01:21.5360000,NULL
828,967,-1,20,0.0,00:01:13.6230000,NULL,NULL
828,968,15,22,0.0,00:01:42.6370000,NULL,NULL
828,969,-1,14,0.0,00:01:26.2360000,00:01:26.4650000,NULL
828,970,15,14,0.0,00:01:34.8920000,00:01:35.0460000,NULL
828,971,-1,19,0.0,00:01:32.5430000,NULL,NULL
828,972,15,18,0.0,00:01:37.5070000,NULL,NULL
828,973,11,16,0.0,00:01:22.3320000,NULL,NULL
828,974,-1,19,0.0,00:01:15.2760000,NULL,NULL
828,975,13,19,0.0,00:01:14.4950000,NULL,NULL
828,976,11,17,0.0,00:01:44.7950000,NULL,NULL
828,977,15,19,0.0,00:01:06.8570000,NULL,NULL
828,978,14,18,0.0,00:01:42.6330000,NULL,NULL
828,979,16,20,0.0,00:01:19.9720000,NULL,NULL
828,980,16,17,0.0,00:01:47.2140000,NULL,NULL
828,981,18,11,0.0,00:01:41.7320000,NULL,NULL
828,982,-1,20,0.0,00:01:45.5700000,NULL,NULL
828,983,18,19,0.0,00:01:33.9700000,NULL,NULL
828,984,-1,16,0.0,00:01:31.5970000,NULL,NULL
828,986,-1,12,0.0,00:01:19.1760000,NULL,NULL
828,987,13,17,0.0,00:01:10.8750000,NULL,NULL
828,988,17,19,0.0,00:01:39.9940000,NULL,NULL
828,989,-1,17,0.0,00:01:24.5560000,NULL,NULL
828,990,9,17,2.0,00:01:31.0630000,NULL,NULL
828,991,16,20,0.0,00:01:34.9140000,NULL,NULL
828,992,11,18,0.0,00:01:45.5410000,NULL,NULL
828,993,13,17,0.0,00:01:19.4930000,NULL,NULL
828,994,11,16,0.0,00:01:13.2650000,NULL,NULL
828,995,15,19,0.0,00:01:14.5930000,NULL,NULL
828,996,13,15,0.0,00:01:32.8040000,00:01:32.8200000,NULL
828,997,10,20,1.0,00:01:05.4790000,NULL,NULL
828,998,-1,15,0.0,00:01:28.2490000,00:01:28.3910000,NULL
828,999,9,13,2.0,00:01:13.5620000,00:01:13.7360000,NULL
828,1000,15,14,0.0,00:01:18.6410000,00:01:37.0750000,NULL
828,1001,10,13,1.0,00:01:43.8460000,00:01:44.3010000,NULL
828,1002,15,18,0.0,00:01:22.0480000,NULL,NULL
828,1003,11,14,0.0,00:01:39.3660000,00:01:39.4530000,NULL
828,1004,13,10,0.0,00:01:34.1700000,00:01:33.9950000,00:01:35.1960000
828,1005,12,20,0.0,00:01:31.2130000,NULL,NULL
828,1007,9,10,2.0,00:01:16.7010000,00:01:16.6330000,00:01:16.5130000
828,1008,-1,6,0.0,00:01:08.7540000,00:01:08.5790000,00:01:08.2960000
828,1009,-1,12,0.0,00:01:37.6190000,00:01:37.1320000,NULL
829,918,17,17,0.0,00:01:45.0950000,NULL,NULL
829,928,15,19,0.0,00:01:42.0910000,NULL,NULL
829,929,16,18,0.0,00:01:38.7130000,NULL,NULL
829,930,17,19,0.0,00:01:31.2000000,NULL,NULL
829,931,17,18,0.0,00:01:20.6550000,NULL,NULL
829,932,17,17,0.0,00:01:19.1570000,NULL,NULL
829,933,-1,17,0.0,00:01:15.3680000,NULL,NULL
829,934,13,19,0.0,00:01:37.3640000,NULL,NULL
829,936,16,20,0.0,00:01:27.9490000,NULL,NULL
829,937,16,15,0.0,00:01:52.9480000,NULL,NULL
829,938,15,13,0.0,00:01:27.7310000,NULL,NULL
829,939,15,19,0.0,00:01:51.0210000,NULL,NULL
829,940,19,18,0.0,00:01:38.7830000,NULL,NULL
829,941,14,17,0.0,00:01:43.6930000,NULL,NULL
829,943,16,17,0.0,00:01:24.3860000,NULL,NULL
829,944,17,18,0.0,00:01:16.2830000,NULL,NULL
829,945,18,19,0.0,00:01:46.2970000,NULL,NULL
830,926,-1,11,0.0,00:01:29.2480000,00:01:28.8680000,NULL
830,927,7,6,6.0,00:01:40.7930000,00:01:41.4300000,00:01:51.9810000
830,928,17,13,0.0,00:01:38.3870000,00:01:38.3930000,NULL
830,929,-1,15,0.0,00:01:35.6110000,00:01:35.1030000,NULL
830,930,11,6,0.0,00:01:27.3930000,00:01:26.4410000,00:01:26.2490000
830,931,-1,9,0.0,00:01:16.7500000,00:01:16.5460000,00:01:16.9570000
830,932,15,19,0.0,00:01:16.3610000,00:01:16.2450000,NULL
830,933,8,7,4.0,00:01:11.3070000,00:01:09.6310000,00:01:09.6120000
830,934,-1,13,0.0,00:01:34.8190000,00:01:34.5020000,NULL
830,936,4,9,12.0,00:01:24.0320000,00:01:23.7810000,00:01:23.6790000
830,937,8,18,4.0,00:01:49.8310000,NULL,NULL
830,938,12,20,0.0,NULL,NULL,NULL
830,939,8,8,4.0,00:01:46.4830000,00:01:45.6350000,00:01:45.7980000
830,940,9,17,2.0,00:01:34.5220000,NULL,NULL
830,941,10,9,1.0,00:01:39.4110000,00:01:39.1190000,00:01:38.9240000
830,943,9,8,2.0,00:01:20.9950000,00:01:20.8940000,00:01:20.7100000
830,944,9,9,2.0,00:01:12.8240000,00:01:12.7120000,00:01:12.7390000
830,945,16,11,0.0,00:01:42.8890000,00:01:42.5210000,NULL
830,948,10,5,1.0,00:01:26.9340000,00:01:25.6150000,00:01:25.4340000
830,949,6,10,8.0,00:01:31.8880000,00:01:31.7720000,NULL
830,950,8,9,4.0,00:01:38.1810000,00:01:37.2650000,00:01:37.1940000
830,951,-1,9,0.0,00:01:38.1230000,00:01:37.5100000,00:01:37.5830000
830,952,1,4,25.0,00:01:23.5780000,00:01:23.1780000,00:01:23.0870000
830,953,-1,0,0.0,00:01:22.4670000,NULL,NULL
830,954,4,5,12.0,00:01:14.6010000,00:01:13.7930000,00:01:13.4140000
830,955,8,9,4.0,00:01:44.9390000,00:01:44.3870000,00:01:45.5700000
830,956,2,8,18.0,00:01:07.1310000,00:01:06.8660000,00:01:11.1530000
830,957,2,3,18.0,00:01:31.3050000,00:01:30.6970000,00:01:30.3130000
830,958,5,4,10.0,00:01:40.4240000,00:01:22.6600000,00:01:20.5570000
830,959,3,4,15.0,00:01:15.8750000,00:01:15.1240000,00:01:14.8340000
830,960,11,2,0.0,00:01:48.4070000,00:01:47.1630000,00:01:46.8930000
830,961,7,7,6.0,00:01:23.2290000,00:01:22.8570000,00:01:22.4110000
830,962,6,4,8.0,00:01:45.0360000,00:01:44.1120000,00:01:43.3280000
830,963,2,3,18.0,00:01:35.4430000,00:01:33.7750000,00:01:33.4200000
830,964,2,3,18.0,00:01:32.4870000,00:01:31.4890000,00:01:31.1780000
830,966,4,3,12.0,00:01:19.8740000,00:01:18.9720000,00:01:19.0540000
830,967,3,4,15.0,00:01:11.9570000,00:01:11.8340000,00:01:11.4850000
830,968,4,6,12.0,00:01:40.4240000,00:01:39.9030000,00:01:39.8180000
830,969,5,5,10.0,00:01:24.4820000,00:01:24.0920000,00:01:23.4850000
830,970,3,16,15.0,00:01:35.4330000,NULL,NULL
830,971,-1,6,0.0,00:01:30.9040000,00:01:30.3070000,00:01:29.6870000
830,972,5,7,10.0,00:01:35.3010000,00:01:35.2210000,00:01:35.1610000
830,973,-1,5,0.0,00:01:21.4300000,00:01:20.7220000,00:01:19.7060000
830,974,5,4,10.0,00:01:13.0780000,00:01:12.6970000,00:01:12.4960000
830,975,-1,5,0.0,00:01:13.1770000,00:01:12.7510000,00:01:12.4030000
830,976,-1,5,0.0,00:01:42.5440000,00:01:41.9610000,00:01:41.8790000
830,977,-1,5,0.0,00:01:05.7790000,00:01:04.9480000,00:01:04.9830000
830,978,4,4,12.0,00:01:38.9120000,00:01:29.4310000,00:01:28.1300000
830,979,5,5,10.0,00:01:17.2660000,00:01:17.0280000,00:01:16.7970000
830,980,-1,5,0.0,00:01:44.5350000,00:01:43.9400000,00:01:43.3800000
830,981,10,13,1.0,00:01:37.3440000,00:01:36.1130000,00:01:36.7020000
830,982,-1,2,0.0,00:01:42.0100000,00:01:40.3320000,00:01:39.8140000
830,983,1,3,25.0,00:01:31.9200000,00:01:30.9310000,00:01:30.5410000
830,984,2,4,18.0,00:01:29.1810000,00:01:28.7470000,00:01:28.3320000
830,986,1,2,25.0,00:01:17.6300000,00:01:16.5240000,00:01:16.5740000
830,987,5,4,10.0,00:01:09.8200000,00:01:09.0500000,00:01:08.9250000
830,988,5,6,10.0,00:01:38.0210000,00:01:37.7770000,00:01:37.3280000
830,989,6,4,8.0,00:01:23.4830000,00:01:22.4160000,00:01:21.8790000
830,990,-1,15,0.0,00:01:29.3740000,NULL,NULL
830,991,5,5,10.0,00:01:32.9320000,00:01:32.8090000,00:01:31.7960000
830,992,-1,5,0.0,00:01:42.6420000,00:01:42.9010000,00:01:41.9940000
830,993,3,5,15.0,00:01:17.4110000,00:01:17.2660000,00:01:16.8160000
830,994,9,20,2.0,NULL,NULL,NULL
830,995,3,3,15.0,00:01:12.0080000,00:01:11.4720000,00:01:10.9370000
830,996,2,4,18.0,00:01:31.5310000,00:01:30.8180000,00:01:30.7050000
830,997,1,4,25.0,00:01:04.2730000,00:01:04.0010000,00:01:03.8400000
830,998,-1,5,0.0,00:01:27.3090000,00:01:27.0130000,00:01:26.6020000
830,999,4,4,12.0,00:01:13.1270000,00:01:12.1880000,00:01:11.8220000
830,1000,-1,7,0.0,00:01:16.9400000,00:01:31.1780000,00:01:38.0320000
830,1001,3,7,15.0,00:01:43.1990000,00:01:42.5540000,00:02:02.7690000
830,1002,5,5,10.0,00:01:21.3810000,00:01:20.3330000,00:01:20.6150000
830,1003,2,2,18.0,00:01:38.7510000,00:01:37.2140000,00:01:36.3340000
830,1004,5,19,10.0,00:01:33.0480000,NULL,NULL
830,1005,3,3,15.0,00:01:29.4800000,00:01:28.8490000,00:01:29.0570000
830,1007,1,2,25.0,00:01:15.7560000,00:01:15.6400000,00:01:14.7850000
830,1008,2,5,18.0,00:01:08.2050000,00:01:08.0170000,00:01:07.7780000
830,1009,3,6,15.0,00:01:37.1950000,00:01:36.1440000,00:01:35.5890000
830,1010,3,4,15.0,00:01:22.8760000,00:01:21.6780000,00:01:21.3200000
830,1011,4,5,12.0,00:01:29.5790000,00:01:29.1090000,00:01:28.7520000
830,1012,4,5,12.0,00:01:33.2740000,00:01:32.3690000,00:01:32.0890000
830,1013,4,4,12.0,00:01:41.7270000,00:01:41.3880000,00:01:41.0690000
830,1014,3,4,15.0,00:01:17.2440000,00:01:16.7260000,00:01:16.3570000
830,1015,4,3,12.0,00:01:11.5970000,00:01:10.6180000,00:01:10.6410000
830,1016,5,9,10.0,00:01:11.6190000,00:01:11.8000000,NULL
830,1017,4,4,12.0,00:01:31.3270000,00:01:30.0990000,00:01:29.4090000
830,1018,1,2,26.0,00:01:03.8070000,00:01:03.8350000,00:01:03.4390000
830,1019,5,4,10.0,00:01:25.7000000,00:01:25.8480000,00:01:25.2760000
830,1020,1,2,26.0,00:01:12.5930000,00:01:12.4270000,00:01:12.1130000
830,1021,2,1,19.0,00:01:15.8170000,00:01:15.5730000,00:01:14.5720000
830,1022,-1,5,0.0,00:01:44.6220000,00:01:44.1320000,00:01:43.6900000
830,1023,8,19,4.0,NULL,NULL,NULL
830,1024,3,4,15.0,00:01:38.5400000,00:01:37.0890000,00:01:36.8130000
830,1025,4,9,12.0,00:01:33.3680000,00:01:32.6340000,00:01:32.3100000
830,1026,-1,5,0.0,00:01:28.7540000,00:01:28.4990000,00:01:27.8510000
830,1027,6,4,8.0,00:01:15.9490000,00:01:16.1360000,00:01:14.7580000
830,1029,1,1,25.0,00:01:08.2420000,00:01:07.5030000,00:01:07.5080000
830,1030,2,2,18.0,00:01:36.3900000,00:01:36.2750000,00:01:35.1390000
830,1031,-1,2,0.0,00:01:04.0240000,00:01:04.0000000,00:01:03.4770000
830,1032,3,2,15.0,00:01:18.2970000,00:01:17.9380000,00:01:20.4890000
830,1033,2,7,18.0,00:01:15.4950000,00:01:14.9760000,00:01:14.8490000
830,1034,2,3,19.0,00:01:26.1150000,00:01:26.1440000,00:01:25.3250000
830,1035,1,4,25.0,00:01:27.1540000,00:01:26.7790000,00:01:26.1760000
830,1036,2,3,18.0,00:01:17.2130000,00:01:16.5180000,00:01:16.2920000
830,1037,3,3,15.0,00:01:43.1970000,00:01:42.4730000,00:01:41.7780000
830,1038,-1,5,0.0,00:01:20.1930000,00:01:19.7800000,00:01:19.7950000
830,1039,-1,3,0.0,00:01:16.3350000,00:01:15.4710000,00:01:15.5090000
830,1040,2,2,18.0,00:01:33.6300000,00:01:33.1570000,00:01:31.8670000
830,1041,2,3,19.0,00:01:26.3190000,00:01:25.4670000,00:01:25.5620000
830,1042,3,3,15.0,00:01:16.8790000,00:01:17.0380000,00:01:16.9040000
830,1043,-1,3,0.0,00:01:15.0340000,00:01:14.9740000,00:01:14.1760000
830,1044,6,2,8.0,00:01:57.4850000,00:01:50.2930000,00:01:48.0550000
830,1045,2,3,19.0,00:01:28.8850000,00:01:28.0250000,00:01:27.6780000
830,1046,-1,3,0.0,00:00:54.0370000,00:00:53.6470000,00:00:53.4330000
830,1047,1,1,25.0,00:01:35.9930000,00:01:35.6410000,00:01:35.2460000
830,1051,2,7,19.0,00:01:21.9960000,00:01:21.9840000,00:01:21.2820000
830,1052,2,1,18.0,00:01:30.4990000,00:01:30.3180000,00:01:28.9970000
830,1053,1,3,25.0,00:01:15.1090000,00:01:14.8840000,00:01:14.4980000
830,1054,2,3,18.0,00:01:19.4850000,00:01:18.6500000,00:01:18.7460000
830,1055,2,2,19.0,00:01:18.0900000,00:01:16.9220000,00:01:16.7770000
830,1056,1,2,25.0,00:01:11.1240000,00:01:10.6500000,00:01:10.5760000
830,1057,-1,3,0.0,00:01:41.7600000,00:01:41.6250000,00:01:41.5630000
830,1058,1,1,25.0,00:01:04.4890000,00:01:04.4330000,00:01:03.8410000
830,1059,1,1,26.0,00:01:31.0010000,00:01:31.0800000,00:01:29.9900000
830,1060,1,1,26.0,00:01:04.2490000,00:01:03.9270000,00:01:03.7200000
830,1061,-1,1,0.0,00:01:26.7510000,00:01:26.3150000,00:01:26.2090000
830,1062,9,3,2.0,00:01:16.2140000,00:01:15.6500000,00:01:15.8400000
830,1063,1,1,12.5,00:01:58.7170000,00:01:56.5590000,00:01:59.7650000
830,1064,1,1,25.0,00:01:10.0360000,00:01:09.0710000,00:01:08.8850000
830,1065,-1,1,0.0,00:01:21.0350000,00:01:20.2290000,00:01:19.9660000
830,1066,2,20,18.0,NULL,NULL,NULL
830,1067,2,2,18.0,00:01:24.5920000,00:01:23.7320000,00:01:23.1960000
830,1070,1,3,25.0,00:01:16.7880000,00:01:16.4830000,00:01:16.2250000
830,1071,2,2,18.0,00:01:09.3290000,00:01:08.4990000,00:01:08.3720000
830,1072,2,3,18.0,00:01:28.2850000,00:01:27.9530000,00:01:27.6530000
830,1073,1,1,26.0,00:01:23.3220000,00:01:22.8000000,00:01:22.1090000
830,1074,19,2,0.0,00:01:31.7850000,00:01:30.7570000,00:01:30.6810000
830,1075,1,4,25.0,00:01:28.9280000,00:01:28.9450000,00:01:28.4610000
830,1076,-1,2,0.0,00:01:18.5800000,00:01:18.6110000,00:01:18.1540000
830,1077,1,1,26.0,00:01:19.2950000,00:01:18.7930000,00:01:27.9990000
830,1079,1,2,25.0,00:01:20.0910000,00:01:19.2190000,00:01:19.0730000
830,1080,3,4,15.0,00:01:12.9930000,00:01:12.1170000,00:01:11.6660000
830,1081,1,3,25.0,00:01:42.7220000,00:01:42.2270000,00:01:41.7060000
830,1082,1,1,25.0,00:01:32.2190000,00:01:23.7460000,00:01:21.2990000
830,1083,7,2,6.0,00:01:39.1290000,00:01:40.6550000,00:01:41.0550000
830,1084,2,1,19.0,00:01:05.8520000,00:01:05.3740000,00:01:04.9840000
830,1085,1,2,25.0,00:01:31.8910000,00:01:31.9900000,00:01:31.1760000
830,1086,1,10,25.0,00:01:18.5090000,00:01:17.7030000,00:01:18.8230000
830,1087,1,14,26.0,00:01:44.5810000,00:01:44.7230000,00:01:43.6650000
830,1088,1,1,26.0,00:01:11.3170000,00:01:10.9270000,00:01:10.3420000
830,1089,1,7,25.0,00:01:20.9220000,00:01:21.2650000,00:01:20.3060000
830,1091,7,8,6.0,00:01:53.0570000,00:01:52.7230000,00:01:51.3950000
830,1092,1,1,25.0,00:01:30.2240000,00:01:30.3460000,00:01:29.3040000
830,1094,1,1,25.0,00:01:19.2220000,00:01:18.5660000,00:01:17.7750000
830,1095,6,3,8.0,00:01:13.6250000,00:01:10.8810000,00:01:11.8770000
830,1096,1,1,25.0,00:01:24.7540000,00:01:24.6220000,00:01:23.8240000
830,1098,1,1,25.0,00:01:31.2950000,00:01:30.5030000,00:01:29.7080000
830,1099,2,15,19.0,00:01:28.7610000,00:01:49.9530000,NULL
830,1100,1,1,25.0,00:01:17.3840000,00:01:17.0560000,00:01:16.7320000
830,1101,2,2,18.0,00:01:41.3980000,00:01:40.8220000,00:01:40.3910000
830,1104,1,1,25.0,00:01:12.3860000,00:01:11.9080000,00:01:11.3650000
830,1105,1,1,26.0,00:01:13.6150000,00:01:12.7600000,00:01:12.2720000
830,1106,1,1,25.0,00:01:20.8510000,00:01:19.0920000,00:01:25.8580000
830,1107,1,1,26.0,00:01:05.1160000,00:01:04.9510000,00:01:04.3910000
830,1108,1,1,26.0,00:01:29.4280000,00:01:27.7020000,00:01:26.7200000
830,1109,1,2,26.0,00:01:18.3180000,00:01:17.5470000,00:01:16.6120000
830,1110,1,6,25.0,00:01:58.5150000,00:01:52.7840000,00:01:46.1680000
830,1111,1,1,25.0,00:01:20.9650000,00:01:18.8560000,00:01:10.5670000
830,1112,1,2,25.0,00:01:21.5730000,00:01:20.9370000,00:01:20.3070000
830,1113,5,11,10.0,00:01:32.3980000,00:01:32.1730000,NULL
830,1114,1,1,26.0,00:01:29.8780000,00:01:29.9640000,00:01:28.8770000
830,1115,1,1,26.0,00:01:25.0070000,00:01:24.4830000,00:01:23.7780000
830,1117,1,3,25.0,00:01:18.0990000,00:01:17.6250000,00:01:17.2630000
830,1118,1,1,25.0,00:01:10.4360000,00:01:10.1620000,00:01:10.7270000
830,1119,1,2,25.0,00:01:34.1900000,00:01:33.5720000,00:01:33.1040000
830,1120,1,1,26.0,00:01:24.1600000,00:01:23.7400000,00:01:23.4450000
830,1121,1,1,26.0,00:01:30.0310000,00:01:29.3740000,00:01:29.1790000
830,1122,1,1,25.0,00:01:28.1710000,00:01:28.0330000,00:01:27.4720000
830,1123,-1,1,0.0,00:01:16.8190000,00:01:16.3870000,00:01:15.9150000
830,1124,1,1,26.0,00:01:28.8660000,00:01:28.7400000,00:01:28.1970000
830,1125,1,1,25.0,00:01:34.7420000,00:01:33.7940000,00:01:33.6600000
830,1127,1,1,25.0,00:01:15.7620000,00:01:15.1760000,00:01:14.7460000
830,1128,6,6,8.0,00:01:11.7110000,00:01:10.7450000,00:01:10.5670000
830,1129,1,2,25.0,00:01:12.3600000,00:01:12.5490000,00:01:12.0000000
830,1130,1,2,25.0,00:01:12.3060000,00:01:11.6530000,00:01:11.4030000
830,1131,5,1,10.0,00:01:05.3360000,00:01:04.4690000,00:01:04.3140000
830,1132,2,4,18.0,00:01:31.3420000,00:01:26.7960000,00:01:26.2030000
830,1133,5,3,10.0,00:01:17.0870000,00:01:15.7700000,00:01:15.2730000
830,1134,4,11,12.0,00:01:54.9380000,00:01:53.8370000,00:01:53.1590000
830,1135,2,2,18.0,00:01:11.3930000,00:01:10.8110000,00:01:10.0290000
830,1136,6,7,8.0,00:01:20.2260000,00:01:19.6620000,00:01:20.0220000
830,1137,5,6,10.0,00:01:43.0970000,00:01:42.0420000,00:01:42.0230000
830,1138,2,2,18.0,00:01:30.1570000,00:01:29.6800000,00:01:29.7280000
830,1140,6,2,8.0,00:01:16.8030000,00:01:16.5140000,00:01:16.1710000
830,1141,1,17,26.0,00:01:28.5220000,00:01:27.7710000,NULL
830,1142,5,5,10.0,00:01:33.2990000,00:01:33.0850000,00:01:32.7970000
830,1143,1,2,25.0,00:01:21.5790000,00:01:20.6870000,00:01:20.5200000
830,1144,6,4,8.0,00:01:23.5160000,00:01:22.9980000,00:01:22.9450000
831,926,5,10,10.0,00:01:30.4300000,00:01:28.8000000,NULL
831,927,12,16,0.0,00:01:41.3080000,NULL,NULL
831,928,8,9,4.0,00:01:38.5210000,00:01:38.0170000,00:01:38.0670000
831,929,12,12,0.0,00:01:35.3100000,00:01:34.7370000,NULL
831,930,12,15,0.0,00:01:27.6250000,00:01:28.0050000,NULL
831,931,9,14,2.0,00:01:18.1010000,NULL,NULL
831,932,16,14,0.0,00:01:16.9680000,00:01:16.6200000,NULL
831,933,11,8,0.0,00:01:12.0010000,00:01:09.6520000,00:01:09.7130000
831,934,-1,16,0.0,00:01:34.8880000,NULL,NULL
831,936,11,18,0.0,00:01:24.9970000,NULL,NULL
831,937,11,14,0.0,00:01:49.9520000,NULL,NULL
831,938,13,17,0.0,00:01:25.1210000,00:01:24.8980000,NULL
831,939,10,16,1.0,00:01:46.9650000,NULL,NULL
831,940,-1,16,0.0,00:01:35.7600000,NULL,NULL
831,941,6,12,8.0,00:01:40.0420000,00:01:39.3230000,NULL
831,943,-1,15,0.0,00:01:21.7880000,NULL,NULL
831,944,13,13,0.0,00:01:13.1110000,00:01:12.9890000,NULL
831,945,15,14,0.0,00:01:42.8960000,00:01:43.6140000,NULL
831,948,15,17,0.0,00:01:27.9580000,NULL,NULL
831,949,14,21,0.0,00:01:34.3880000,NULL,NULL
831,950,20,16,0.0,00:01:38.6540000,00:01:42.4300000,NULL
831,951,16,19,0.0,00:01:39.0180000,NULL,NULL
831,952,15,20,0.0,00:01:25.5790000,NULL,NULL
831,953,-1,0,0.0,NULL,NULL,NULL
831,954,18,18,0.0,00:01:16.6630000,NULL,NULL
831,955,12,15,0.0,00:01:45.5490000,00:01:46.0480000,NULL
831,956,13,21,0.0,00:01:08.4460000,NULL,NULL
831,957,15,21,0.0,00:01:33.5440000,NULL,NULL
831,958,17,16,0.0,00:01:37.7720000,00:01:27.0630000,NULL
831,959,-1,21,0.0,00:01:17.1230000,NULL,NULL
831,960,17,16,0.0,00:01:48.9490000,NULL,NULL
831,961,-1,18,0.0,00:01:23.9560000,NULL,NULL
831,962,13,16,0.0,00:01:46.8600000,NULL,NULL
831,963,-1,18,0.0,00:01:35.9490000,NULL,NULL
831,964,19,19,0.0,00:01:33.3320000,NULL,NULL
831,966,15,19,0.0,00:01:21.6920000,NULL,NULL
831,967,9,21,2.0,00:01:13.6810000,NULL,NULL
831,968,16,19,0.0,00:01:42.2470000,NULL,NULL
832,926,9,7,2.0,00:01:29.5970000,00:01:28.6010000,00:01:28.5100000
832,927,8,15,4.0,00:01:39.8140000,00:01:43.7010000,NULL
832,928,13,14,0.0,00:01:38.6220000,00:01:38.5380000,NULL
832,929,-1,9,0.0,00:01:35.3710000,00:01:34.6410000,00:01:34.4620000
832,930,9,5,2.0,00:01:26.7730000,00:01:26.4750000,00:01:26.1360000
832,931,10,0,1.0,00:01:17.2460000,00:01:16.7620000,00:01:16.9310000
832,932,12,11,0.0,00:01:16.6110000,00:01:16.0420000,NULL
832,933,-1,12,0.0,00:01:11.1580000,00:01:10.4650000,NULL
832,934,-1,8,0.0,00:01:34.6410000,00:01:34.0710000,00:01:33.6490000
832,936,-1,12,0.0,00:01:24.6230000,00:01:23.8690000,NULL
832,937,-1,10,0.0,00:01:49.1090000,00:01:49.0650000,00:01:49.7710000
832,938,11,17,0.0,00:01:25.4100000,00:01:25.6180000,NULL
832,939,9,14,2.0,00:01:46.4650000,00:01:46.8940000,NULL
832,940,10,10,1.0,00:01:34.8730000,00:01:34.4530000,NULL
832,943,13,11,0.0,00:01:20.9600000,00:01:20.9420000,NULL
832,944,-1,10,0.0,00:01:13.2670000,00:01:13.0450000,NULL
832,945,11,10,0.0,00:01:42.9110000,00:01:42.4820000,00:01:42.7080000
832,948,9,7,2.0,00:01:27.0570000,00:01:25.3840000,00:01:25.5820000
832,949,-1,11,0.0,00:01:31.7160000,00:01:31.8160000,NULL
832,950,9,8,2.0,00:01:37.6560000,00:01:37.2040000,00:01:36.8810000
832,951,12,11,0.0,00:01:37.7840000,00:01:37.6520000,NULL
832,952,6,8,8.0,00:01:24.4960000,00:01:24.0770000,00:01:23.6430000
832,953,8,6,4.0,00:01:15.4670000,00:01:14.8050000,00:01:14.7490000
832,954,9,20,2.0,00:01:14.7140000,00:01:21.9560000,NULL
832,955,-1,18,0.0,00:01:44.8270000,00:01:45.0000000,NULL
832,956,8,15,4.0,00:01:07.6180000,NULL,NULL
832,957,8,7,4.0,00:01:32.1150000,00:01:31.7080000,00:01:31.9890000
832,958,8,6,4.0,00:01:36.1150000,00:01:24.7340000,00:01:21.1310000
832,959,14,15,0.0,00:01:16.3170000,00:01:15.9890000,NULL
832,960,-1,14,0.0,00:01:48.8760000,00:01:49.0380000,NULL
832,961,15,15,0.0,00:01:23.6610000,00:01:23.4960000,NULL
832,962,14,6,0.0,00:01:45.4990000,00:01:44.4930000,00:01:44.1970000
832,963,11,16,0.0,00:01:35.6050000,00:01:35.3740000,NULL
832,964,17,14,0.0,00:01:32.7890000,00:01:32.6850000,NULL
832,966,16,10,0.0,00:01:20.4570000,00:01:20.1690000,00:01:20.3780000
832,967,6,15,8.0,00:01:12.9500000,00:01:12.9200000,NULL
832,968,-1,21,0.0,00:01:42.3930000,NULL,NULL
832,969,8,8,4.0,00:01:25.5420000,00:01:24.9970000,00:01:24.4870000
832,970,7,11,6.0,00:01:34.5670000,00:01:34.1500000,NULL
832,971,-1,16,0.0,00:01:32.1180000,NULL,NULL
832,972,10,14,1.0,00:01:35.8270000,00:01:35.9480000,NULL
832,973,7,12,6.0,00:01:21.9410000,00:01:21.3710000,NULL
832,974,6,6,8.0,00:01:13.5260000,00:01:13.3970000,00:01:13.1620000
832,975,-1,13,0.0,00:01:14.0510000,00:01:13.7560000,NULL
832,976,8,15,4.0,00:01:43.4890000,00:01:43.3470000,NULL
832,977,-1,10,0.0,00:01:05.6750000,00:01:05.5440000,00:01:05.7260000
832,978,-1,13,0.0,00:01:41.1140000,00:01:31.3680000,NULL
832,979,7,9,6.0,00:01:18.9480000,00:01:18.3110000,00:01:18.9120000
832,980,10,13,1.0,00:01:45.3740000,00:01:45.4390000,NULL
832,981,14,15,0.0,00:01:39.7880000,00:01:38.5260000,NULL
832,982,4,10,12.0,00:01:42.1760000,00:01:41.8260000,00:01:42.0560000
832,983,-1,14,0.0,00:01:32.6500000,00:01:32.4020000,NULL
832,984,-1,19,0.0,00:01:30.5650000,00:01:30.4130000,NULL
832,986,-1,8,0.0,00:01:18.4050000,00:01:17.7530000,00:01:17.7940000
832,987,11,8,0.0,00:01:10.2270000,00:01:09.7680000,00:01:09.8050000
832,988,-1,12,0.0,00:01:38.8100000,00:01:38.7250000,NULL
832,989,10,9,1.0,00:01:23.5290000,00:01:23.0610000,00:01:23.5770000
832,990,11,10,0.0,00:01:29.8930000,00:01:29.8020000,00:01:29.9860000
832,991,9,9,2.0,00:01:33.3150000,00:01:32.9700000,00:01:32.8190000
832,992,5,9,10.0,00:01:43.4260000,00:01:43.4640000,00:01:43.3510000
832,993,7,9,6.0,00:01:18.4800000,00:01:17.8030000,00:01:17.7900000
832,994,10,8,1.0,00:01:12.9500000,00:01:12.2860000,00:01:12.1300000
832,995,8,9,4.0,00:01:12.6890000,00:01:12.0970000,00:01:12.1680000
832,996,8,7,4.0,00:01:32.3940000,00:01:32.0160000,00:01:32.1260000
832,997,12,9,0.0,00:01:04.9480000,00:01:04.5610000,00:01:04.7250000
832,998,-1,16,0.0,00:01:28.4560000,NULL,NULL
832,999,12,8,0.0,00:01:13.3240000,00:01:13.0320000,00:01:12.6920000
832,1000,9,5,2.0,00:01:17.8290000,00:01:30.7710000,00:01:36.7430000
832,1001,11,14,0.0,00:01:44.4890000,NULL,NULL
832,1002,8,7,4.0,00:01:21.7320000,00:01:21.5520000,00:01:21.0410000
832,1003,8,12,4.0,00:01:39.1030000,00:01:38.7160000,NULL
832,1004,17,11,0.0,00:01:34.6260000,NULL,NULL
832,1005,10,13,1.0,00:01:30.2360000,00:01:30.4900000,NULL
832,1007,-1,8,0.0,00:01:16.8130000,00:01:16.1880000,00:01:16.0840000
832,1008,12,15,0.0,00:01:09.2690000,NULL,NULL
832,1009,6,11,8.0,00:01:37.7570000,00:01:36.9820000,NULL
832,1010,-1,18,0.0,00:01:23.0840000,NULL,NULL
832,1011,-1,7,0.0,00:01:29.5280000,00:01:29.0550000,00:01:28.8130000
832,1012,14,14,0.0,00:01:33.6860000,00:01:33.5230000,NULL
832,1013,7,9,6.0,00:01:41.9360000,00:01:42.3980000,NULL
832,1014,8,12,4.0,00:01:17.7600000,00:01:17.5990000,NULL
832,1015,6,9,8.0,00:01:11.8720000,00:01:11.6080000,00:01:11.4170000
832,1016,11,11,0.0,00:01:11.7500000,00:01:11.5720000,00:01:13.9810000
832,1017,6,6,8.0,00:01:31.0730000,00:01:30.3190000,00:01:29.5220000
832,1018,8,19,4.0,00:01:04.4530000,00:01:13.6010000,NULL
832,1019,6,13,8.0,00:01:26.2030000,00:01:26.5780000,NULL
832,1020,5,7,10.0,00:01:13.2210000,00:01:12.6320000,00:01:12.8970000
832,1021,5,8,10.0,00:01:16.4930000,00:01:16.3080000,00:01:15.8520000
832,1022,-1,15,0.0,00:01:46.5070000,NULL,NULL
832,1023,-1,7,0.0,00:01:20.4130000,00:01:20.2020000,00:01:20.4550000
832,1024,12,7,0.0,00:01:38.8820000,00:01:37.9820000,00:01:37.8180000
832,1025,6,5,8.0,00:01:34.1840000,00:01:33.8070000,00:01:33.2220000
832,1026,5,7,10.0,00:01:29.0180000,00:01:28.5770000,00:01:28.3040000
832,1027,13,7,0.0,00:01:17.0440000,00:01:16.2670000,00:01:16.0140000
832,1029,3,20,15.0,NULL,NULL,NULL
832,1030,10,8,1.0,00:01:37.3580000,00:01:36.3080000,00:01:36.4590000
832,1031,5,8,10.0,00:01:04.5370000,00:01:03.9710000,00:01:03.9710000
832,1032,9,3,3.0,00:01:18.5900000,00:01:18.8360000,00:01:20.6710000
832,1033,9,9,2.0,00:01:15.2810000,00:01:15.2670000,00:01:15.0270000
832,1034,13,7,0.0,00:01:26.7150000,00:01:26.1490000,00:01:25.9650000
832,1035,13,12,0.0,00:01:27.4500000,00:01:27.0830000,NULL
832,1036,6,7,8.0,00:01:17.4380000,00:01:16.8760000,00:01:17.0440000
832,1037,-1,7,0.0,00:01:43.3220000,00:01:42.4780000,00:01:42.4380000
832,1038,2,3,18.0,00:01:20.0990000,00:01:19.7050000,00:01:19.6950000
832,1039,-1,9,0.0,00:01:16.9930000,00:01:16.5220000,00:01:17.8700000
832,1040,-1,6,0.0,00:01:33.9670000,00:01:32.7570000,00:01:32.5500000
832,1041,5,10,10.0,00:01:27.3780000,00:01:26.3610000,00:01:26.7090000
832,1042,6,7,8.0,00:01:17.6270000,00:01:17.1830000,00:01:17.5200000
832,1043,7,10,6.0,00:01:15.5280000,00:01:15.0270000,00:01:14.9110000
832,1044,5,15,10.0,00:02:07.4890000,00:01:55.4100000,NULL
832,1045,5,15,10.0,00:01:28.9750000,NULL,NULL
832,1046,4,8,12.0,00:00:54.4500000,00:00:53.8180000,00:00:54.0100000
832,1047,6,6,8.0,00:01:36.5170000,00:01:36.1920000,00:01:35.8150000
832,1051,7,5,6.0,00:01:22.3040000,00:01:22.2410000,00:01:21.8400000
832,1052,8,8,4.0,00:01:31.6530000,00:01:30.0090000,00:01:30.2150000
832,1053,5,11,10.0,00:01:15.4060000,00:01:15.1990000,NULL
832,1054,11,5,0.0,00:01:19.3090000,00:01:18.8130000,00:01:19.0390000
832,1055,7,6,6.0,00:01:18.2050000,00:01:17.6560000,00:01:17.6200000
832,1056,2,4,18.0,00:01:11.3240000,00:01:10.8060000,00:01:10.6110000
832,1057,8,5,4.0,00:01:42.1210000,00:01:41.7400000,00:01:41.5760000
832,1058,6,12,8.0,00:01:04.8590000,00:01:04.8000000,NULL
832,1059,11,5,0.0,00:01:32.0790000,00:01:31.1460000,00:01:30.8400000
832,1060,5,10,10.0,00:01:04.5960000,00:01:04.5590000,NULL
832,1061,6,10,8.0,00:01:27.3370000,00:01:26.8480000,00:01:27.0070000
832,1062,3,15,15.0,00:01:16.6490000,NULL,NULL
832,1063,10,11,0.5,00:02:01.1840000,00:01:58.1370000,NULL
832,1064,7,6,6.0,00:01:10.0220000,00:01:09.8700000,00:01:09.5370000
832,1065,6,6,8.0,00:01:21.1180000,00:01:20.7500000,00:01:20.4620000
832,1066,3,2,15.0,00:01:47.9240000,00:01:46.5210000,00:01:42.5100000
832,1067,8,19,4.0,00:01:25.1770000,NULL,NULL
832,1070,6,6,8.0,00:01:17.5170000,00:01:17.2480000,00:01:16.7610000
832,1071,6,3,8.0,00:01:09.0460000,00:01:09.0310000,00:01:08.8260000
832,1072,8,15,4.0,00:01:28.2370000,00:01:53.6520000,NULL
832,1073,3,5,15.0,00:01:23.6240000,00:01:23.1740000,00:01:22.9920000
832,1074,2,3,18.0,00:01:31.5670000,00:01:30.7870000,00:01:30.6870000
832,1075,3,3,15.0,00:01:28.8550000,00:01:28.6860000,00:01:28.4020000
832,1076,-1,9,0.0,00:01:18.9830000,00:01:18.4690000,00:01:19.4080000
832,1077,-1,4,0.0,00:01:19.3050000,00:01:18.9900000,NULL
832,1079,4,3,12.0,00:01:19.8920000,00:01:19.4530000,00:01:19.1660000
832,1080,2,2,18.0,00:01:12.6160000,00:01:12.0740000,00:01:11.6010000
832,1081,-1,4,0.0,00:01:42.9570000,00:01:42.0880000,00:01:41.8140000
832,1082,2,3,19.0,00:01:32.7810000,00:01:25.1970000,00:01:22.0960000
832,1083,1,1,25.0,00:01:40.1900000,00:01:41.6020000,00:01:40.9830000
832,1084,-1,3,0.0,00:01:05.6600000,00:01:05.5760000,00:01:05.0660000
832,1085,5,19,11.0,00:01:32.2970000,00:01:31.0810000,NULL
832,1086,4,2,12.0,00:01:18.4340000,00:01:17.9460000,00:01:17.4210000
832,1087,3,1,15.0,00:01:45.0500000,00:01:45.4180000,00:01:44.2970000
832,1088,8,3,4.0,00:01:11.7670000,00:01:10.8140000,00:01:10.4340000
832,1089,4,18,12.0,00:01:21.3480000,00:01:20.8780000,00:01:20.4290000
832,1091,3,4,15.0,00:01:54.5590000,00:01:53.2190000,00:01:49.5830000
832,1092,-1,3,0.0,00:01:30.3360000,00:01:30.4440000,00:01:29.3610000
832,1094,5,5,10.0,00:01:19.5660000,00:01:18.5600000,00:01:18.3510000
832,1095,3,7,15.0,00:01:14.6800000,00:01:10.8900000,00:01:12.3570000
832,1096,4,4,12.0,00:01:25.0900000,00:01:24.5210000,00:01:24.2420000
832,1098,4,4,12.0,00:01:30.9930000,00:01:30.5150000,00:01:30.1540000
832,1099,6,4,8.0,00:01:29.4110000,00:01:28.9570000,00:01:28.9310000
832,1100,12,5,0.0,00:01:17.9280000,00:01:17.3490000,00:01:17.2700000
832,1101,5,4,10.0,00:01:42.1970000,00:01:41.3690000,00:01:41.0160000
832,1104,8,4,4.0,00:01:12.7170000,00:01:12.2100000,00:01:11.6300000
832,1105,5,2,10.0,00:01:13.4110000,00:01:12.7900000,00:01:12.7340000
832,1106,5,11,10.0,00:01:22.2480000,00:01:19.8560000,00:01:29.2940000
832,1107,6,3,8.0,00:01:05.3390000,00:01:04.9750000,00:01:04.5810000
832,1108,10,5,1.0,00:01:29.8650000,00:01:28.2650000,00:01:27.1480000
832,1109,8,11,4.0,00:01:18.3930000,00:01:17.7030000,NULL
832,1110,-1,4,0.0,00:01:58.6880000,00:01:51.7110000,00:01:47.1520000
832,1111,5,6,10.0,00:01:21.3210000,00:01:19.9290000,00:01:11.7540000
832,1112,3,1,15.0,00:01:21.9650000,00:01:20.9910000,00:01:20.2940000
832,1113,1,1,25.0,00:01:32.3390000,00:01:31.4390000,00:01:30.9840000
832,1114,6,6,8.0,00:01:30.6510000,00:01:30.0670000,00:01:29.8500000
832,1115,-1,12,0.0,00:01:25.8080000,00:01:25.3280000,NULL
832,1117,4,2,12.0,00:01:18.7550000,00:01:18.3820000,00:01:17.2330000
832,1118,6,7,8.0,00:01:10.6240000,00:01:10.2540000,00:01:11.9890000
832,1119,6,12,8.0,00:01:33.8510000,00:01:33.3380000,00:01:32.7700000
832,1120,18,16,0.0,00:01:24.7380000,NULL,NULL
832,1121,3,4,15.0,00:01:29.9090000,00:01:29.5730000,00:01:29.5070000
832,1123,1,2,25.0,00:01:16.7310000,00:01:16.1890000,00:01:16.1850000
832,1124,3,4,15.0,00:01:29.5130000,00:01:29.0990000,00:01:28.6820000
832,1125,5,7,10.0,00:01:34.9700000,00:01:34.3680000,00:01:34.2970000
832,1127,5,4,10.0,00:01:16.0150000,00:01:15.5120000,00:01:15.2330000
832,1128,3,3,15.0,00:01:11.5430000,00:01:11.0750000,00:01:10.5180000
832,1129,-1,12,0.0,00:01:13.0380000,00:01:12.7280000,NULL
832,1130,6,6,8.0,00:01:12.4030000,00:01:11.8740000,00:01:11.7360000
832,1131,3,4,15.0,00:01:05.2630000,00:01:05.0160000,00:01:04.8510000
832,1132,5,7,11.0,00:01:30.5570000,00:01:26.8430000,00:01:26.5090000
832,1133,6,4,8.0,00:01:17.2440000,00:01:15.8850000,00:01:15.6960000
832,1134,6,7,8.0,00:01:55.1690000,00:01:54.1120000,00:01:54.4770000
832,1135,5,10,10.0,00:01:11.3270000,00:01:10.9140000,NULL
832,1136,4,5,12.0,00:01:20.1490000,00:01:19.7990000,00:01:19.4670000
832,1137,18,3,0.0,00:01:43.3570000,00:01:42.5030000,00:01:41.8050000
832,1138,7,10,6.0,00:01:30.6700000,00:01:30.1080000,NULL
832,1140,1,1,25.0,00:01:16.7780000,00:01:16.5150000,00:01:15.9460000
832,1141,-1,0,0.0,00:01:30.3030000,00:01:29.4060000,NULL
832,1142,3,2,15.0,00:01:33.4840000,00:01:32.7110000,00:01:32.4100000
832,1143,6,7,8.0,00:01:21.4470000,00:01:21.1990000,00:01:21.0410000
832,1144,2,3,18.0,00:01:23.4870000,00:01:22.9850000,00:01:22.8240000
833,927,15,19,0.0,00:01:46.6770000,NULL,NULL
833,928,16,20,0.0,00:01:42.8420000,NULL,NULL
833,929,17,19,0.0,00:01:39.7220000,NULL,NULL
833,930,18,20,0.0,00:01:32.0380000,NULL,NULL
833,931,16,19,0.0,00:01:20.9040000,NULL,NULL
833,932,-1,16,0.0,00:01:19.1330000,NULL,NULL
833,933,14,16,0.0,00:01:14.0710000,NULL,NULL
833,934,12,20,0.0,00:01:39.3770000,NULL,NULL
833,936,15,19,0.0,00:01:27.4160000,NULL,NULL
833,937,15,17,0.0,00:01:53.0990000,NULL,NULL
833,938,16,14,0.0,00:01:27.9120000,NULL,NULL
833,941,13,18,0.0,00:01:43.8040000,NULL,NULL
833,945,19,20,0.0,00:01:47.4340000,NULL,NULL
834,939,14,20,0.0,00:01:51.5230000,NULL,NULL
834,940,18,19,0.0,00:01:47.1140000,NULL,NULL
834,943,15,16,0.0,00:01:24.1360000,NULL,NULL
834,944,18,17,0.0,00:01:16.1510000,NULL,NULL
835,948,11,13,0.0,00:01:27.2410000,00:01:27.6010000,NULL
835,949,-1,19,0.0,00:01:33.4380000,NULL,NULL
835,950,22,19,0.0,00:01:39.5280000,NULL,NULL
835,951,13,18,0.0,00:01:39.0090000,NULL,NULL
835,952,13,17,0.0,00:01:24.9030000,NULL,NULL
835,953,-1,18,0.0,00:01:16.5860000,NULL,NULL
835,954,-1,16,0.0,00:01:15.4590000,NULL,NULL
835,955,15,21,0.0,00:01:46.3940000,NULL,NULL
835,956,12,19,0.0,00:01:07.9650000,NULL,NULL
835,957,-1,18,0.0,00:01:32.9050000,NULL,NULL
835,958,12,17,0.0,00:01:43.9650000,NULL,NULL
835,959,19,14,0.0,00:01:16.6360000,00:01:16.6650000,NULL
835,960,15,13,0.0,00:01:48.9010000,00:01:48.8880000,NULL
835,961,-1,20,0.0,00:01:24.2300000,NULL,NULL
835,962,15,18,0.0,00:01:46.9600000,NULL,NULL
835,963,10,19,1.0,00:01:35.9990000,NULL,NULL
835,964,12,16,0.0,00:01:32.7960000,00:01:32.8070000,NULL
835,967,-1,16,0.0,00:01:13.2590000,00:01:13.2580000,NULL
835,968,17,15,0.0,00:01:41.7750000,00:01:41.8200000,NULL
835,969,-1,19,0.0,00:01:28.2440000,NULL,NULL
835,970,13,20,0.0,00:01:35.2790000,NULL,NULL
835,971,13,10,0.0,00:01:31.4580000,00:01:30.8990000,00:01:31.0740000
835,972,-1,16,0.0,00:01:36.4620000,NULL,NULL
835,973,15,17,0.0,00:01:22.4010000,NULL,NULL
835,974,11,16,0.0,00:01:14.6960000,NULL,NULL
835,975,11,15,0.0,00:01:13.9900000,00:01:14.2930000,NULL
835,977,11,16,0.0,00:01:06.3450000,NULL,NULL
835,978,-1,11,0.0,00:01:41.4040000,00:01:30.1930000,NULL
835,979,12,10,0.0,00:01:18.6990000,00:01:18.4150000,NULL
835,980,13,14,0.0,00:01:45.4470000,00:01:44.6850000,NULL
835,981,-1,17,0.0,00:01:40.6460000,NULL,NULL
835,982,6,11,8.0,00:01:42.4720000,00:01:42.1070000,NULL
835,983,15,12,0.0,00:01:32.5760000,00:01:32.1000000,NULL
835,984,12,18,0.0,00:01:30.5160000,00:01:30.0220000,NULL
836,948,16,21,0.0,00:01:29.6420000,NULL,NULL
836,949,13,16,0.0,00:01:32.8060000,NULL,NULL
836,950,18,21,0.0,NULL,NULL,NULL
836,951,18,20,0.0,00:01:39.3990000,NULL,NULL
836,952,16,21,0.0,00:01:25.7450000,NULL,NULL
836,953,14,20,0.0,00:01:17.4520000,NULL,NULL
836,954,17,17,0.0,00:01:15.5990000,NULL,NULL
836,955,-1,17,0.0,00:01:45.7500000,NULL,NULL
836,956,10,12,1.0,00:01:07.5650000,00:01:07.7000000,NULL
836,957,-1,20,0.0,00:01:33.1510000,NULL,NULL
836,958,19,20,0.0,00:01:47.3430000,NULL,NULL
836,959,17,17,0.0,00:01:16.7170000,NULL,NULL
836,960,-1,15,0.0,00:01:48.5540000,00:01:49.3200000,NULL
836,961,-1,13,0.0,00:01:23.7600000,00:01:23.3150000,NULL
836,962,16,19,0.0,00:01:47.6670000,NULL,NULL
836,963,15,21,0.0,00:01:36.5870000,NULL,NULL
836,964,22,21,0.0,00:01:33.5610000,NULL,NULL
836,966,-1,16,0.0,00:01:21.3630000,00:01:21.7850000,NULL
836,967,15,19,0.0,00:01:13.4270000,NULL,NULL
836,968,14,16,0.0,00:01:41.8860000,00:01:41.9950000,NULL
836,971,11,13,0.0,00:01:31.9950000,00:01:31.4140000,NULL
836,972,16,17,0.0,00:01:37.3320000,NULL,NULL
836,973,8,15,4.0,00:01:22.3270000,00:01:21.8030000,NULL
836,974,-1,18,0.0,00:01:15.1590000,NULL,NULL
836,975,15,20,0.0,00:01:14.8100000,NULL,NULL
836,976,10,14,1.0,00:01:44.3170000,00:01:44.6030000,NULL
836,977,14,20,0.0,00:01:07.0110000,NULL,NULL
836,978,17,17,0.0,00:01:42.5930000,NULL,NULL
836,979,15,18,0.0,00:01:19.8390000,NULL,NULL
836,980,-1,18,0.0,00:01:47.6790000,NULL,NULL
836,981,16,12,0.0,00:01:41.8750000,NULL,NULL
836,982,12,19,0.0,00:01:45.0590000,NULL,NULL
836,983,17,18,0.0,00:01:33.4830000,NULL,NULL
836,984,15,17,0.0,00:01:31.8850000,NULL,NULL
836,986,14,13,0.0,00:01:19.3330000,NULL,NULL
836,987,14,15,0.0,00:01:10.6780000,NULL,NULL
836,988,14,18,0.0,00:01:39.9300000,NULL,NULL
837,948,-1,22,0.0,00:01:29.6270000,NULL,NULL
837,949,17,20,0.0,00:01:34.1900000,NULL,NULL
837,950,21,20,0.0,00:01:40.2640000,NULL,NULL
837,951,-1,21,0.0,00:01:39.4630000,NULL,NULL
837,952,17,22,0.0,00:01:25.9390000,NULL,NULL
837,953,15,19,0.0,00:01:17.2950000,NULL,NULL
837,954,19,19,0.0,00:01:17.0520000,NULL,NULL
837,955,18,16,0.0,00:01:45.6650000,NULL,NULL
837,956,16,20,0.0,00:01:08.0260000,NULL,NULL
837,957,-1,19,0.0,00:01:33.0980000,NULL,NULL
837,958,21,21,0.0,00:01:50.1890000,NULL,NULL
837,959,20,19,0.0,00:01:16.9770000,NULL,NULL
838,949,10,12,1.0,00:01:32.4720000,00:01:31.9340000,NULL
838,969,13,18,0.0,00:01:26.8580000,NULL,NULL
838,970,-1,15,0.0,00:01:35.0230000,NULL,NULL
838,971,-1,17,0.0,00:01:32.3130000,NULL,NULL
838,972,14,20,0.0,00:01:37.0700000,NULL,NULL
838,973,-1,20,0.0,00:01:22.5320000,NULL,NULL
838,974,-1,12,0.0,00:01:13.4760000,00:01:13.2490000,NULL
838,975,14,16,0.0,00:01:14.1820000,NULL,NULL
838,976,12,18,0.0,00:01:45.0300000,NULL,NULL
838,977,12,13,0.0,00:01:06.3160000,00:01:05.7410000,NULL
838,978,11,8,0.0,00:01:40.0110000,00:01:30.1050000,00:01:29.4180000
838,979,10,8,1.0,00:01:18.4790000,00:01:18.0000000,00:01:17.8940000
838,980,14,20,0.0,00:01:45.4410000,NULL,NULL
838,981,-1,18,0.0,00:01:38.7670000,00:01:37.4710000,00:01:39.1570000
838,982,7,9,6.0,00:01:42.2220000,00:01:41.2270000,00:01:41.3980000
838,983,7,7,6.0,00:01:32.8380000,00:01:31.8480000,00:01:31.5820000
838,984,14,9,0.0,00:01:30.6540000,00:01:29.7780000,NULL
838,986,12,19,0.0,00:01:18.5780000,NULL,NULL
838,987,-1,12,0.0,00:01:10.2860000,00:01:10.1160000,NULL
838,988,12,13,0.0,00:01:38.7770000,00:01:38.8080000,NULL
838,989,9,11,2.0,00:01:24.0730000,00:01:23.8530000,NULL
838,990,8,14,4.0,00:01:30.4790000,00:01:30.5250000,NULL
838,991,13,14,0.0,00:01:33.8240000,00:01:33.5050000,NULL
838,992,9,16,2.0,00:01:44.4890000,NULL,NULL
838,993,-1,11,0.0,00:01:18.8850000,00:01:18.3230000,NULL
838,994,14,12,0.0,00:01:12.4630000,00:01:12.4400000,NULL
838,995,16,15,0.0,00:01:12.9980000,00:01:12.8650000,NULL
838,996,12,17,0.0,00:01:33.1620000,NULL,NULL
838,997,15,15,0.0,00:01:05.2710000,NULL,NULL
838,998,11,17,0.0,00:01:29.0960000,NULL,NULL
838,999,13,19,0.0,00:01:14.4010000,NULL,NULL
838,1000,-1,16,0.0,00:01:18.7820000,NULL,NULL
838,1001,15,18,0.0,00:01:45.3070000,NULL,NULL
838,1002,12,17,0.0,00:01:22.0850000,NULL,NULL
838,1003,12,18,0.0,00:01:39.8640000,NULL,NULL
838,1004,16,15,0.0,00:01:35.9770000,NULL,NULL
838,1005,15,19,0.0,00:01:31.0410000,NULL,NULL
838,1007,8,15,4.0,00:01:16.9660000,NULL,NULL
838,1008,14,20,0.0,00:01:09.6010000,NULL,NULL
838,1009,14,18,0.0,00:01:38.5770000,NULL,NULL
839,960,16,17,0.0,00:01:49.0500000,NULL,NULL
839,962,18,21,0.0,00:01:48.2960000,NULL,NULL
839,963,16,20,0.0,00:01:36.4510000,NULL,NULL
839,964,21,20,0.0,00:01:33.3530000,NULL,NULL
839,966,21,20,0.0,00:01:21.8810000,NULL,NULL
839,967,12,22,0.0,00:01:13.4320000,NULL,NULL
839,968,13,20,0.0,00:01:42.2860000,NULL,NULL
839,969,10,13,1.0,00:01:26.0090000,00:01:25.5680000,NULL
839,970,10,17,1.0,00:01:35.4960000,NULL,NULL
839,971,10,14,1.0,00:01:31.7740000,00:01:31.6840000,NULL
839,972,7,10,6.0,00:01:35.3720000,00:01:35.7290000,00:01:35.4300000
839,973,5,10,10.0,00:01:21.9010000,00:01:21.1480000,00:01:21.2720000
839,974,12,15,0.0,00:01:14.1010000,NULL,NULL
839,975,6,9,8.0,00:01:13.5200000,00:01:13.3200000,00:01:13.1350000
839,976,6,7,8.0,00:01:43.0510000,00:01:42.7510000,00:01:42.1860000
839,977,8,9,4.0,00:01:06.0330000,00:01:05.5500000,00:01:05.6740000
839,978,8,7,4.0,00:01:39.7380000,00:01:29.7010000,00:01:29.0740000
839,979,9,11,2.0,00:01:18.8430000,00:01:18.4950000,NULL
839,980,9,9,2.0,00:01:45.2770000,00:01:45.0060000,00:01:45.3690000
839,981,6,3,8.0,00:01:38.7750000,00:01:37.5800000,00:01:37.7190000
839,982,10,14,1.0,00:01:43.6260000,00:01:42.7600000,NULL
839,983,10,6,1.0,00:01:32.5270000,00:01:31.6510000,00:01:31.4780000
839,984,6,5,8.0,00:01:30.1150000,00:01:29.1990000,00:01:29.1110000
839,986,5,6,10.0,00:01:18.3360000,00:01:17.8270000,00:01:17.4370000
839,987,-1,10,0.0,00:01:10.1680000,00:01:09.8300000,NULL
839,988,8,9,4.0,00:01:38.8960000,00:01:38.3920000,00:01:38.3970000
839,989,12,14,0.0,00:01:24.5030000,00:01:24.7860000,NULL
839,990,10,8,1.0,00:01:30.3380000,00:01:30.0090000,00:01:29.8740000
839,991,11,12,0.0,00:01:33.5850000,00:01:33.0570000,NULL
839,992,-1,7,0.0,00:01:43.0210000,00:01:42.9670000,00:01:42.5230000
839,993,-1,13,0.0,00:01:18.8130000,00:01:18.6960000,NULL
839,994,6,6,8.0,00:01:13.0280000,00:01:12.1880000,00:01:12.0610000
839,995,9,8,2.0,00:01:12.5770000,00:01:12.1410000,00:01:12.0840000
839,996,-1,11,0.0,00:01:32.7860000,00:01:32.0750000,NULL
839,997,6,11,8.0,00:01:05.1480000,00:01:04.8450000,NULL
839,998,7,10,6.0,00:01:28.2790000,00:01:27.8430000,00:01:28.1940000
839,999,8,15,4.0,00:01:13.7200000,NULL,NULL
839,1000,13,18,0.0,00:01:19.1420000,NULL,NULL
839,1001,6,3,8.0,00:01:44.0030000,00:01:43.3020000,00:02:01.8510000
839,1002,6,8,8.0,00:01:21.5700000,00:01:21.3150000,00:01:21.0990000
839,1003,-1,9,0.0,00:01:38.9120000,00:01:38.5340000,00:01:38.3650000
839,1004,9,6,2.0,00:01:34.2900000,00:01:33.5960000,00:01:33.4130000
839,1005,9,11,2.0,00:01:29.8990000,00:01:29.5380000,00:01:30.1260000
839,1007,11,11,0.0,00:01:16.2520000,00:01:16.8440000,NULL
839,1008,15,18,0.0,00:01:09.2640000,00:01:08.7700000,NULL
839,1009,-1,9,0.0,00:01:36.9360000,00:01:36.8140000,00:01:36.5400000
839,1031,8,14,4.0,00:01:04.9330000,00:01:04.6430000,NULL
839,1032,-1,5,0.0,00:01:19.6870000,00:01:18.7640000,00:01:20.9220000
839,1033,14,14,0.0,00:01:15.7190000,00:01:15.7420000,NULL
839,1034,6,9,8.0,00:01:26.3960000,00:01:26.2520000,00:01:26.2090000
839,1035,8,14,4.0,00:01:27.2780000,00:01:27.0110000,NULL
839,1036,13,15,0.0,00:01:17.7650000,00:01:17.5670000,NULL
839,1037,5,6,10.0,00:01:43.5050000,00:01:42.5340000,00:01:42.3960000
839,1038,8,12,4.0,00:01:20.7470000,00:01:20.2340000,NULL
839,1039,-1,10,0.0,00:01:16.8250000,00:01:16.2970000,NULL
839,1040,7,7,6.0,00:01:33.5570000,00:01:33.1960000,00:01:32.6240000
839,1041,-1,7,0.0,00:01:27.0860000,00:01:26.3640000,00:01:26.2420000
839,1042,8,11,4.0,00:01:17.7750000,00:01:17.6140000,NULL
839,1043,-1,12,0.0,00:01:15.3520000,00:01:15.2010000,NULL
839,1044,11,7,0.0,00:02:06.1150000,00:01:53.6570000,00:01:52.6220000
839,1045,9,7,2.0,00:01:29.2030000,00:01:28.9370000,00:01:28.4190000
839,1046,2,11,18.0,00:00:54.3090000,00:00:53.9950000,NULL
839,1047,9,10,2.0,00:01:36.7830000,00:01:36.3590000,NULL
839,1051,5,9,10.0,00:01:22.5650000,00:01:22.0120000,00:01:22.0280000
839,1052,13,16,0.0,00:01:31.7240000,NULL,NULL
839,1053,9,9,2.0,00:01:15.3850000,00:01:15.1170000,00:01:15.2100000
839,1054,7,6,6.0,00:01:19.0920000,00:01:18.5860000,00:01:19.0420000
839,1055,9,5,2.0,00:01:18.2810000,00:01:17.7430000,00:01:17.5800000
839,1056,9,11,2.0,00:01:11.7400000,00:01:11.4860000,NULL
839,1057,-1,12,0.0,00:01:42.4260000,00:01:42.2730000,NULL
839,1058,14,17,0.0,00:01:05.2170000,NULL,NULL
839,1059,14,11,0.0,00:01:32.1390000,00:01:31.7360000,NULL
839,1060,-1,17,0.0,00:01:05.0510000,NULL,NULL
839,1061,9,9,2.0,00:01:27.4150000,00:01:27.3400000,NULL
839,1062,1,8,25.0,00:01:17.3670000,00:01:16.7660000,00:01:16.6530000
839,1063,7,8,3.0,00:02:01.8240000,00:01:57.3540000,00:02:03.5130000
839,1064,9,8,2.0,00:01:10.1790000,00:01:09.9190000,00:01:09.9330000
839,1065,10,12,1.0,00:01:21.5000000,00:01:21.1030000,NULL
839,1066,14,9,0.0,00:01:48.0990000,00:01:46.0700000,00:01:45.8650000
839,1067,10,12,1.0,00:01:25.4220000,00:01:24.8420000,NULL
839,1070,13,19,0.0,00:01:18.1260000,00:01:18.4050000,NULL
839,1071,8,8,4.0,00:01:09.4300000,00:01:09.1890000,NULL
839,1072,4,9,12.0,00:01:28.7520000,00:01:28.5740000,00:01:28.6470000
839,1073,9,9,2.0,00:01:23.7640000,00:01:23.4200000,00:01:23.3890000
839,1074,7,11,6.0,00:01:32.0410000,00:01:31.7820000,NULL
839,1075,6,5,8.0,00:01:30.0930000,00:01:29.5840000,00:01:29.0680000
839,1076,7,8,6.0,00:01:19.6050000,00:01:19.1360000,00:01:19.0610000
839,1077,14,16,0.0,00:01:22.3380000,NULL,NULL
839,1079,7,12,6.0,00:01:20.8800000,00:01:20.6380000,NULL
839,1080,12,10,0.0,00:01:12.8480000,00:01:12.5280000,00:01:13.0470000
839,1081,10,13,1.0,00:01:43.9030000,00:01:43.5850000,NULL
839,1082,6,7,8.0,00:01:33.0120000,00:01:26.1350000,00:01:23.5290000
839,1083,-1,15,0.0,00:01:41.7300000,00:01:45.1900000,NULL
839,1084,5,6,10.0,00:01:06.4680000,00:01:05.9930000,00:01:05.7260000
839,1085,8,10,4.0,00:01:33.3460000,00:01:33.0480000,NULL
839,1086,9,5,2.0,00:01:18.8660000,00:01:18.2160000,00:01:18.0180000
839,1087,7,16,6.0,00:01:46.0390000,00:01:45.4750000,00:01:45.1800000
839,1088,9,12,2.0,00:01:11.7480000,00:01:11.6050000,NULL
839,1089,11,14,0.0,00:01:22.1660000,00:01:22.1300000,NULL
839,1091,-1,17,0.0,00:01:56.3370000,NULL,NULL
839,1092,4,5,12.0,00:01:30.6960000,00:01:30.3570000,00:01:30.1650000
839,1094,8,10,4.0,00:01:19.9450000,00:01:19.0810000,00:01:19.0100000
839,1095,8,16,4.0,00:01:14.6630000,00:01:11.5870000,00:01:12.4250000
839,1096,7,8,6.0,00:01:25.7350000,00:01:25.0070000,00:01:24.8300000
839,1098,-1,9,0.0,00:01:31.5080000,00:01:30.9140000,00:01:30.9840000
839,1099,8,6,4.0,00:01:29.7070000,00:01:29.2550000,00:01:29.0780000
839,1100,14,11,0.0,00:01:17.7700000,00:01:17.7680000,NULL
839,1101,15,0,0.0,00:01:42.6220000,00:01:41.7980000,NULL
839,1104,3,3,15.0,00:01:12.9670000,00:01:12.2480000,00:01:11.5530000
839,1105,8,6,4.0,00:01:13.4330000,00:01:13.0010000,00:01:13.0830000
839,1106,8,6,4.0,00:01:22.1140000,00:01:20.4060000,00:01:27.9450000
839,1107,14,12,0.0,00:01:05.7290000,00:01:05.4530000,NULL
839,1108,-1,13,0.0,00:01:29.7000000,00:01:28.9560000,NULL
839,1109,-1,12,0.0,00:01:18.8540000,00:01:17.8410000,NULL
839,1110,8,14,4.0,00:01:59.6340000,00:01:56.3720000,NULL
839,1111,10,16,1.0,00:01:22.1100000,NULL,NULL
839,1112,-1,18,0.0,00:01:22.5480000,NULL,NULL
839,1113,-1,8,0.0,00:01:32.3690000,00:01:32.0890000,00:01:31.6730000
839,1114,9,14,2.0,00:01:30.9600000,00:01:30.5860000,NULL
839,1115,7,8,6.0,00:01:25.7110000,00:01:24.9280000,00:01:24.7630000
839,1117,10,15,1.0,00:01:19.0800000,NULL,NULL
839,1118,10,14,1.0,00:01:10.7630000,00:01:10.5620000,NULL
839,1119,4,16,12.0,00:01:34.8340000,NULL,NULL
839,1120,12,12,0.0,00:01:24.5650000,00:01:24.3910000,NULL
839,1121,17,19,0.0,00:01:30.7930000,NULL,NULL
839,1122,13,17,0.0,00:01:29.4750000,NULL,NULL
839,1123,16,15,0.0,00:01:17.6170000,00:01:17.6970000,NULL
839,1124,15,15,0.0,00:01:29.8110000,00:01:29.8160000,NULL
839,1125,11,13,0.0,00:01:35.3560000,00:01:35.2230000,NULL
839,1127,14,12,0.0,00:01:16.3610000,00:01:15.9060000,NULL
839,1128,-1,11,0.0,00:01:11.8870000,00:01:11.2850000,NULL
839,1129,10,18,1.0,00:01:13.4350000,NULL,NULL
839,1130,10,8,1.0,00:01:12.6910000,00:01:12.1090000,00:01:12.1250000
839,1131,12,10,0.0,00:01:05.5740000,00:01:05.2740000,00:01:05.8830000
839,1132,16,18,0.0,00:01:34.5570000,NULL,NULL
839,1133,18,19,0.0,00:01:18.0490000,NULL,NULL
839,1134,9,9,2.0,00:01:55.4170000,00:01:54.4600000,00:01:54.8100000
839,1135,15,15,0.0,00:01:11.9950000,NULL,NULL
839,1136,14,15,0.0,00:01:20.7640000,00:01:20.7660000,NULL
839,1137,15,0,0.0,00:01:44.5040000,NULL,NULL
839,1138,13,15,0.0,00:01:30.9580000,00:01:30.7690000,NULL
839,1140,13,0,0.0,00:01:17.6170000,NULL,NULL
839,1141,2,4,18.0,00:01:29.1710000,00:01:26.2060000,00:01:24.4750000
839,1142,17,11,0.0,00:01:33.9680000,00:01:33.2210000,NULL
839,1143,-1,20,0.0,00:01:22.7140000,NULL,NULL
840,969,-1,20,0.0,00:01:27.1430000,NULL,NULL
840,970,-1,10,0.0,00:01:33.9860000,00:01:34.0900000,00:01:34.2200000
840,971,-1,12,0.0,00:01:31.7480000,00:01:31.1680000,NULL
840,972,11,11,0.0,00:01:36.2790000,00:01:35.9640000,NULL
840,973,16,18,0.0,00:01:22.4110000,NULL,NULL
840,974,15,17,0.0,00:01:14.8930000,NULL,NULL
840,975,9,17,2.0,00:01:14.2090000,NULL,NULL
840,976,3,8,15.0,00:01:43.6130000,00:01:42.2840000,00:01:42.7530000
840,977,10,18,1.0,00:01:06.6080000,NULL,NULL
840,978,16,15,0.0,00:01:42.5730000,NULL,NULL
840,979,14,17,0.0,00:01:19.1020000,NULL,NULL
840,980,11,15,0.0,00:01:46.9150000,NULL,NULL
840,981,7,2,6.0,00:01:37.6530000,00:01:37.0020000,00:01:37.0320000
840,982,8,18,4.0,00:01:44.7280000,NULL,NULL
840,983,8,13,4.0,00:01:33.0000000,00:01:32.3070000,NULL
840,984,-1,15,0.0,00:01:31.4090000,NULL,NULL
840,986,6,11,8.0,00:01:18.9020000,00:01:19.1590000,NULL
840,987,16,16,0.0,00:01:10.7760000,NULL,NULL
840,988,18,15,0.0,00:01:39.5030000,00:01:39.6460000,NULL
840,989,14,13,0.0,00:01:24.4640000,00:01:24.2300000,NULL
840,990,14,20,0.0,00:01:31.5030000,NULL,NULL
840,991,14,18,0.0,00:01:34.2850000,NULL,NULL
840,992,8,10,4.0,00:01:44.3590000,00:01:43.5850000,NULL
840,993,11,18,0.0,00:01:20.2250000,NULL,NULL
840,994,17,17,0.0,00:01:13.3230000,NULL,NULL
840,995,-1,17,0.0,00:01:13.5900000,NULL,NULL
840,996,17,19,0.0,00:01:33.7290000,NULL,NULL
840,997,14,14,0.0,00:01:05.2640000,00:01:05.2860000,NULL
840,998,12,19,0.0,NULL,NULL,NULL
840,999,-1,18,0.0,00:01:14.2060000,NULL,NULL
840,1000,17,15,0.0,00:01:18.5600000,NULL,NULL
840,1001,13,17,0.0,00:01:45.1340000,NULL,NULL
840,1002,9,10,2.0,00:01:21.8380000,00:01:21.4940000,00:01:21.6270000
840,1003,14,20,0.0,00:01:41.3340000,NULL,NULL
840,1004,15,14,0.0,00:01:36.4370000,NULL,NULL
840,1005,17,14,0.0,00:01:30.3170000,00:01:30.7140000,NULL
840,1007,12,17,0.0,00:01:17.6890000,NULL,NULL
840,1008,18,19,0.0,00:01:09.4410000,NULL,NULL
840,1009,13,20,0.0,00:01:38.6820000,NULL,NULL
840,1010,9,16,2.0,00:01:23.0170000,NULL,NULL
840,1011,14,18,0.0,00:01:30.2170000,NULL,NULL
840,1012,12,16,0.0,00:01:34.2920000,NULL,NULL
840,1013,9,13,2.0,00:01:42.6300000,NULL,NULL
840,1014,-1,16,0.0,00:01:18.4710000,NULL,NULL
840,1015,16,17,0.0,00:01:12.8460000,NULL,NULL
840,1016,9,17,2.0,00:01:12.2660000,NULL,NULL
840,1017,13,17,0.0,00:01:31.7260000,NULL,NULL
840,1018,14,14,0.0,00:01:04.8320000,NULL,NULL
840,1019,13,18,0.0,00:01:26.7620000,NULL,NULL
840,1020,4,15,12.0,00:01:13.2560000,00:01:13.4500000,NULL
840,1021,17,18,0.0,00:01:17.5420000,NULL,NULL
840,1022,10,16,1.0,00:01:46.0000000,00:01:45.0470000,NULL
840,1023,12,9,0.0,00:01:20.6430000,00:01:20.4980000,NULL
840,1024,13,16,0.0,00:01:39.9790000,NULL,NULL
840,1025,11,14,0.0,00:01:34.2870000,00:01:34.2330000,NULL
840,1026,9,12,2.0,00:01:29.5940000,00:01:29.3450000,NULL
840,1027,12,16,0.0,00:01:18.0650000,NULL,NULL
840,1029,19,17,0.0,00:01:09.5360000,NULL,NULL
840,1030,-1,12,0.0,00:01:37.5280000,00:01:37.1030000,NULL
840,1031,-1,9,0.0,00:01:04.3090000,00:01:03.9550000,00:01:04.0290000
840,1032,7,12,6.0,00:01:19.6970000,00:01:19.6450000,NULL
840,1033,4,3,12.0,00:01:14.8950000,00:01:15.1760000,00:01:14.3770000
840,1034,9,6,2.0,00:01:26.2430000,00:01:26.5010000,00:01:25.8390000
840,1035,6,6,8.0,00:01:27.1870000,00:01:26.6740000,00:01:26.4280000
840,1036,4,5,12.0,00:01:17.3160000,00:01:16.6660000,00:01:16.5890000
840,1037,9,9,2.0,00:01:43.2650000,00:01:42.4910000,00:01:42.6030000
840,1038,3,8,15.0,00:01:20.4000000,00:01:19.9240000,00:01:20.0490000
840,1039,-1,6,0.0,00:01:16.7010000,00:01:16.2710000,00:01:16.3560000
840,1040,-1,12,0.0,00:01:33.8520000,00:01:33.3640000,NULL
840,1042,-1,12,0.0,00:01:17.6670000,00:01:17.6260000,NULL
840,1043,13,15,0.0,00:01:15.8220000,00:01:15.4940000,NULL
840,1044,9,1,2.0,00:02:07.4670000,00:01:53.3720000,00:01:47.7650000
840,1045,-1,13,0.0,00:01:28.6790000,00:01:29.5570000,NULL
840,1046,3,10,15.0,00:00:54.5950000,00:00:53.8400000,00:00:54.2000000
840,1047,10,8,1.0,00:01:36.5020000,00:01:36.1430000,00:01:36.0460000
840,1051,6,12,8.0,00:01:22.5510000,00:01:22.4600000,NULL
840,1052,10,10,1.0,00:01:31.2610000,00:01:30.6240000,00:01:30.6010000
840,1053,8,10,4.0,00:01:15.5220000,00:01:15.1380000,NULL
840,1054,14,17,0.0,00:01:19.9130000,NULL,NULL
840,1055,11,11,0.0,00:01:18.2410000,00:01:17.9740000,NULL
840,1056,8,13,4.0,00:01:11.9790000,00:01:11.6000000,NULL
840,1057,-1,19,0.0,NULL,NULL,NULL
840,1058,8,9,4.0,00:01:04.8210000,00:01:04.6630000,00:01:04.7080000
840,1059,10,19,1.0,NULL,NULL,NULL
840,1060,13,9,0.0,00:01:04.9270000,00:01:04.5470000,00:01:04.6180000
840,1061,8,14,4.0,00:01:28.0170000,00:01:27.6650000,NULL
840,1062,-1,12,0.0,00:01:17.0380000,00:01:16.8930000,NULL
840,1063,20,19,0.0,00:02:01.5970000,00:01:58.2310000,NULL
840,1064,12,12,0.0,00:01:10.4380000,00:01:10.3670000,NULL
840,1065,7,9,6.0,00:01:21.4150000,00:01:21.0200000,NULL
840,1066,11,7,0.0,00:01:48.3220000,00:01:46.3600000,00:01:44.9560000
840,1067,9,8,2.0,00:01:25.5110000,00:01:24.6010000,00:01:24.3050000
840,1070,14,20,0.0,00:01:20.8730000,NULL,NULL
840,1071,-1,14,0.0,00:01:09.6630000,NULL,NULL
840,1072,11,18,0.0,00:01:29.3680000,NULL,NULL
840,1073,13,13,0.0,00:01:24.0610000,00:01:24.0660000,NULL
840,1074,12,19,0.0,00:01:33.0320000,NULL,NULL
840,1075,13,13,0.0,00:01:30.2560000,00:01:31.0090000,NULL
840,1076,12,19,0.0,NULL,NULL,NULL
840,1077,10,15,1.0,00:01:20.3420000,00:01:28.1190000,NULL
840,1079,15,17,0.0,00:01:21.4180000,NULL,NULL
840,1080,14,18,0.0,00:01:13.6780000,NULL,NULL
840,1081,16,19,0.0,00:01:45.3710000,NULL,NULL
840,1082,10,17,1.0,00:01:35.5320000,NULL,NULL
840,1083,11,20,0.0,00:01:43.4300000,NULL,NULL
840,1084,13,12,0.0,00:01:06.8470000,NULL,NULL
840,1085,10,15,1.0,00:01:33.4390000,NULL,NULL
840,1086,11,14,0.0,00:01:19.2050000,00:01:19.1370000,NULL
840,1087,11,9,0.0,00:01:46.2560000,00:01:46.6110000,NULL
840,1088,10,10,1.0,00:01:11.5680000,00:01:11.4160000,NULL
840,1089,-1,12,0.0,00:01:22.7480000,NULL,NULL
840,1091,6,11,8.0,00:01:55.6290000,00:01:54.2110000,NULL
840,1092,12,19,0.0,00:01:31.4190000,NULL,NULL
840,1094,15,20,0.0,00:01:20.5200000,NULL,NULL
840,1095,10,15,1.0,00:01:14.3980000,00:01:12.2100000,NULL
840,1096,8,14,4.0,00:01:25.7410000,00:01:25.3590000,NULL
840,1098,6,8,8.0,00:01:31.1840000,00:01:31.1270000,00:01:30.8360000
840,1099,-1,5,0.0,00:01:29.3350000,00:01:28.9620000,00:01:28.9450000
840,1100,4,6,12.0,00:01:17.8730000,00:01:17.6160000,00:01:17.3080000
840,1101,7,9,6.0,00:01:42.5240000,00:01:41.5760000,00:01:41.6110000
840,1104,-1,14,0.0,00:01:12.7220000,00:01:12.6230000,NULL
840,1105,6,5,8.0,00:01:13.7660000,00:01:13.0820000,00:01:12.9940000
840,1106,9,16,2.0,00:01:22.6770000,00:01:21.4840000,NULL
840,1107,9,6,2.0,00:01:05.7100000,00:01:05.1210000,00:01:04.8930000
840,1108,14,12,0.0,00:01:29.4480000,00:01:28.9350000,NULL
840,1109,10,14,1.0,00:01:18.7820000,00:01:18.1440000,NULL
840,1110,9,10,2.0,00:01:59.6630000,00:01:52.1930000,00:01:48.8410000
840,1111,11,11,0.0,00:01:21.5700000,00:01:20.1210000,NULL
840,1112,16,20,0.0,00:01:22.8600000,NULL,NULL
840,1113,-1,0,0.0,00:01:33.3970000,NULL,NULL
840,1114,-1,17,0.0,00:01:31.1810000,NULL,NULL
840,1115,11,16,0.0,00:01:26.3450000,NULL,NULL
840,1117,17,0,0.0,00:01:19.2270000,NULL,NULL
840,1118,5,3,10.0,00:01:10.5510000,00:01:10.3750000,00:01:11.3440000
840,1119,5,19,10.0,00:01:34.5040000,00:01:34.1990000,NULL
840,1120,10,13,1.0,00:01:24.4050000,00:01:24.4220000,NULL
840,1121,10,12,1.0,00:01:29.9650000,00:01:30.2000000,NULL
840,1122,-1,10,0.0,00:01:28.2500000,00:01:28.5780000,00:01:28.5720000
840,1123,6,9,8.0,00:01:17.3760000,00:01:16.7800000,00:01:17.0720000
840,1124,12,16,0.0,00:01:30.0240000,NULL,NULL
840,1125,15,11,0.0,00:01:35.3340000,00:01:34.8380000,NULL
840,1127,9,13,2.0,00:01:16.4580000,00:01:15.9920000,NULL
840,1128,14,13,0.0,00:01:11.7280000,00:01:11.5630000,NULL
840,1129,7,9,6.0,00:01:13.0880000,00:01:12.6590000,00:01:12.7010000
840,1130,14,14,0.0,00:01:12.8810000,00:01:12.3720000,NULL
840,1131,13,17,0.0,00:01:05.8190000,NULL,NULL
840,1132,7,8,6.0,00:01:31.4100000,00:01:26.9380000,00:01:26.5850000
840,1133,10,8,1.0,00:01:17.4050000,00:01:16.0750000,00:01:16.2440000
840,1134,11,15,0.0,00:01:56.0720000,00:01:55.7160000,NULL
840,1135,13,8,0.0,00:01:11.5180000,00:01:10.6610000,00:01:10.8570000
840,1136,19,17,0.0,00:01:21.0130000,NULL,NULL
840,1137,19,13,0.0,00:01:43.3700000,00:01:43.4040000,NULL
840,1138,14,17,0.0,00:01:31.0940000,NULL,NULL
840,1140,11,14,0.0,00:01:17.4070000,00:01:17.2940000,NULL
840,1141,-1,10,0.0,00:01:30.5800000,00:01:26.3340000,NULL
840,1142,15,18,0.0,00:01:34.4840000,NULL,NULL
840,1143,-1,15,0.0,00:01:22.0110000,00:01:21.9110000,NULL
840,1144,14,13,0.0,00:01:23.7290000,00:01:23.7840000,NULL
841,969,12,16,0.0,00:01:26.4190000,NULL,NULL
841,970,-1,18,0.0,00:01:34.9630000,NULL,NULL
841,1010,15,14,0.0,00:01:22.4310000,00:01:22.7140000,NULL
841,1011,11,16,0.0,00:01:30.0260000,NULL,NULL
841,1013,12,17,0.0,00:01:42.1400000,00:01:42.3810000,00:01:42.4240000
841,1014,16,18,0.0,00:01:18.6640000,NULL,NULL
841,1015,19,18,0.0,00:01:11.9760000,00:01:12.1850000,NULL
841,1016,13,12,0.0,00:01:12.1220000,00:01:12.1360000,NULL
841,1017,16,10,0.0,00:01:31.1800000,00:01:30.4080000,00:01:33.4200000
841,1018,10,7,1.0,00:01:04.4500000,00:01:04.1940000,00:01:04.1790000
841,1019,-1,11,0.0,00:01:26.4490000,00:01:26.5190000,NULL
841,1020,13,11,0.0,00:01:13.1700000,00:01:12.7860000,NULL
841,1021,18,17,0.0,00:01:16.8940000,00:01:16.8040000,NULL
841,1022,18,18,0.0,00:01:45.6370000,NULL,NULL
841,1023,9,10,2.0,00:01:20.6570000,00:01:20.5170000,NULL
841,1024,10,10,1.0,00:01:39.2720000,00:01:38.6970000,NULL
841,1025,15,12,0.0,00:01:34.7550000,00:01:34.0370000,NULL
841,1026,14,11,0.0,00:01:29.6040000,00:01:29.2540000,NULL
841,1027,14,15,0.0,00:01:17.7940000,00:01:17.2690000,NULL
841,1029,5,12,10.0,00:01:09.1750000,00:01:08.9190000,NULL
841,1030,16,16,0.0,00:01:38.1140000,NULL,NULL
841,1031,9,18,2.0,00:01:05.1750000,NULL,NULL
841,1032,14,19,0.0,00:01:21.8310000,NULL,NULL
841,1033,17,19,0.0,00:01:16.5060000,NULL,NULL
841,1034,14,15,0.0,00:01:27.1640000,NULL,NULL
841,1035,17,19,0.0,00:01:28.4330000,NULL,NULL
841,1036,16,20,0.0,00:01:18.6970000,NULL,NULL
841,1037,-1,18,0.0,00:01:43.9500000,NULL,NULL
841,1038,16,18,0.0,00:01:21.2060000,NULL,NULL
841,1039,-1,17,0.0,00:01:17.2200000,NULL,NULL
841,1040,11,17,0.0,00:01:34.5940000,NULL,NULL
841,1041,10,14,1.0,00:01:27.5320000,00:01:26.9360000,NULL
841,1042,15,17,0.0,00:01:18.3230000,NULL,NULL
841,1043,10,20,1.0,00:01:16.2080000,NULL,NULL
841,1044,-1,10,0.0,00:02:07.3410000,00:01:53.4310000,00:01:57.2260000
841,1045,16,16,0.0,00:01:29.4910000,NULL,NULL
841,1046,13,14,0.0,00:00:54.5230000,00:00:54.3770000,NULL
841,1047,16,14,0.0,00:01:37.0750000,00:01:38.2480000,NULL
841,1051,15,18,0.0,00:01:23.2620000,NULL,NULL
841,1052,12,12,0.0,00:01:30.9980000,00:01:30.7080000,NULL
841,1053,14,17,0.0,00:01:16.1220000,NULL,NULL
841,1054,12,12,0.0,00:01:19.4100000,00:01:19.2160000,NULL
841,1055,15,14,0.0,00:01:18.5490000,00:01:18.3560000,NULL
841,1056,10,10,1.0,00:01:11.6580000,00:01:11.4090000,00:01:11.7790000
841,1057,11,20,0.0,NULL,NULL,NULL
841,1058,15,15,0.0,00:01:05.0920000,00:01:04.9130000,NULL
841,1059,15,13,0.0,00:01:32.7220000,00:01:31.8130000,NULL
841,1060,14,15,0.0,00:01:04.7820000,00:01:05.0830000,NULL
841,1061,13,15,0.0,00:01:27.5950000,00:01:27.6170000,NULL
841,1062,13,0,0.0,00:01:17.7760000,00:01:17.5830000,NULL
841,1063,13,14,0.0,00:02:02.3060000,NULL,NULL
841,1064,14,7,0.0,00:01:10.0500000,00:01:10.0330000,00:01:09.5900000
841,1065,13,7,0.0,00:01:21.1970000,00:01:20.7260000,00:01:20.8080000
841,1066,16,17,0.0,00:01:51.0230000,NULL,NULL
841,1067,11,16,0.0,00:01:26.4300000,NULL,NULL
841,1070,11,11,0.0,00:01:17.8970000,00:01:18.2900000,NULL
841,1071,14,13,0.0,00:01:09.3420000,00:01:10.2270000,NULL
841,1072,9,10,2.0,00:01:28.8990000,00:01:28.6160000,00:01:28.7540000
841,1073,-1,14,0.0,00:01:24.1180000,00:01:24.2510000,NULL
842,983,14,15,0.0,00:01:32.5470000,00:01:32.5580000,NULL
842,984,13,14,0.0,00:01:31.3170000,NULL,NULL
842,987,12,19,0.0,00:01:10.6860000,NULL,NULL
842,988,16,17,0.0,00:01:39.7240000,NULL,NULL
842,989,-1,20,0.0,00:01:25.2950000,NULL,NULL
842,990,4,5,12.0,00:01:30.1210000,00:01:29.8360000,00:01:29.3290000
842,991,18,17,0.0,00:01:34.1010000,NULL,NULL
842,992,12,17,0.0,00:01:44.4960000,NULL,NULL
842,993,-1,12,0.0,00:01:18.5500000,00:01:18.4630000,NULL
842,994,7,10,6.0,00:01:12.9410000,00:01:12.3130000,00:01:12.2210000
842,995,11,16,0.0,00:01:13.0470000,NULL,NULL
842,996,-1,14,0.0,00:01:32.4470000,00:01:32.4600000,NULL
842,997,11,12,0.0,00:01:05.0110000,00:01:04.8740000,NULL
842,998,13,14,0.0,00:01:28.3990000,00:01:28.3430000,NULL
842,999,14,16,0.0,00:01:13.7490000,NULL,NULL
842,1000,6,6,8.0,00:01:18.5770000,00:01:31.2860000,00:01:37.5910000
842,1001,9,10,2.0,00:01:44.2210000,00:01:43.8440000,NULL
842,1002,14,9,0.0,00:01:21.8340000,00:01:21.6670000,00:01:21.3500000
842,1003,13,15,0.0,00:01:39.6140000,00:01:39.6910000,NULL
842,1004,-1,17,0.0,00:01:34.3830000,NULL,NULL
842,1005,11,7,0.0,00:01:30.1370000,00:01:29.8100000,00:01:30.0930000
842,1007,10,20,1.0,00:01:16.8280000,NULL,NULL
842,1008,13,9,0.0,00:01:09.0460000,00:01:08.6160000,00:01:09.0290000
842,1009,-1,17,0.0,00:01:38.1660000,NULL,NULL
842,1010,11,17,0.0,00:01:23.0200000,NULL,NULL
842,1011,8,13,4.0,00:01:29.9000000,00:01:29.5260000,NULL
842,1012,6,6,9.0,00:01:33.8630000,00:01:32.9480000,00:01:32.9300000
842,1013,-1,0,0.0,NULL,NULL,NULL
842,1014,6,6,8.0,00:01:17.8620000,00:01:16.9320000,00:01:16.7080000
842,1015,5,8,11.0,00:01:11.7400000,00:01:11.4570000,00:01:11.0410000
842,1016,8,5,4.0,00:01:12.0230000,00:01:11.1960000,00:01:11.0790000
842,1017,10,9,1.0,00:01:31.1520000,00:01:30.4210000,00:01:30.1840000
842,1018,7,8,6.0,00:01:04.4120000,00:01:03.9880000,00:01:04.1990000
842,1019,4,5,12.0,00:01:26.2730000,00:01:26.0380000,00:01:25.5900000
842,1020,14,4,0.0,00:01:12.9910000,00:01:12.3850000,00:01:12.5220000
842,1021,6,6,8.0,00:01:16.7160000,00:01:16.3930000,00:01:15.4500000
842,1022,9,13,2.0,00:01:46.4350000,NULL,NULL
842,1023,11,17,0.0,00:01:20.5080000,00:01:21.1250000,NULL
842,1024,8,11,4.0,00:01:39.0850000,00:01:38.6990000,NULL
842,1025,14,16,0.0,00:01:34.4560000,00:01:33.9500000,NULL
842,1026,7,9,6.0,00:01:29.4110000,00:01:28.7790000,00:01:28.8360000
842,1027,9,10,2.0,00:01:17.0650000,00:01:16.6790000,00:01:16.5860000
842,1029,2,6,18.0,00:01:08.9090000,00:01:08.7700000,00:01:08.8370000
842,1030,18,11,0.0,00:01:37.1980000,00:01:37.0890000,NULL
842,1031,7,12,6.0,00:01:04.6030000,00:01:04.3050000,NULL
842,1032,15,7,0.0,00:01:20.1920000,00:01:18.7440000,00:01:21.0280000
842,1033,-1,10,0.0,00:01:15.7670000,00:01:15.5080000,NULL
842,1034,7,11,6.0,00:01:26.3430000,00:01:26.5010000,NULL
842,1035,11,7,0.0,00:01:27.1540000,00:01:26.5230000,00:01:26.5340000
842,1036,9,10,2.0,00:01:17.3560000,00:01:16.8000000,00:01:17.1360000
842,1037,8,12,4.0,00:01:43.2620000,00:01:42.7450000,NULL
842,1038,1,10,25.0,00:01:20.1450000,00:01:19.9090000,00:01:20.1770000
842,1039,-1,16,0.0,00:01:17.1250000,NULL,NULL
842,1040,9,9,2.0,00:01:33.7340000,00:01:33.1390000,00:01:33.0000000
842,1041,6,12,8.0,00:01:27.0720000,00:01:26.7760000,NULL
842,1042,5,9,10.0,00:01:17.2090000,00:01:17.3670000,00:01:17.8030000
842,1043,-1,4,0.0,00:01:15.1830000,00:01:14.6810000,00:01:14.5020000
842,1044,13,19,0.0,00:02:05.5790000,00:01:58.5560000,NULL
842,1045,6,8,8.0,00:01:28.9710000,00:01:29.0080000,00:01:28.4480000
842,1046,11,9,0.0,00:00:54.2070000,00:00:53.9410000,00:00:54.1540000
842,1047,8,9,4.0,00:01:36.5450000,00:01:36.2820000,00:01:36.2420000
842,1051,11,2,0.0,00:01:22.5350000,00:01:21.7280000,00:01:21.6400000
842,1052,17,5,0.0,00:01:30.8480000,00:01:30.5130000,00:01:29.8090000
842,1053,7,5,6.0,00:01:15.5480000,00:01:14.9270000,00:01:14.7900000
842,1054,10,9,1.0,00:01:19.4640000,00:01:19.0520000,00:01:19.4750000
842,1055,10,12,1.0,00:01:18.1900000,00:01:17.9820000,NULL
842,1056,6,6,8.0,00:01:11.5600000,00:01:11.1790000,00:01:10.9000000
842,1057,3,4,15.0,00:01:42.2880000,00:01:41.9320000,00:01:41.5650000
842,1058,-1,6,0.0,00:01:04.7650000,00:01:04.4290000,00:01:04.2360000
842,1059,7,6,6.0,00:01:31.8980000,00:01:31.3530000,00:01:30.8680000
842,1060,9,6,2.0,00:01:04.8410000,00:01:04.4120000,00:01:04.1070000
842,1061,11,11,0.0,00:01:27.6000000,00:01:27.2730000,NULL
842,1062,5,5,11.0,00:01:16.8740000,00:01:16.3940000,00:01:16.4830000
842,1063,6,6,4.0,00:02:00.3870000,00:01:56.4400000,00:02:01.1640000
842,1064,4,4,12.0,00:01:10.2740000,00:01:09.5410000,00:01:09.4780000
842,1065,-1,0,0.0,00:01:21.4400000,00:01:20.5560000,00:01:20.2600000
842,1066,13,11,0.0,00:01:47.8280000,00:01:46.6410000,NULL
842,1067,6,4,8.0,00:01:24.7040000,00:01:23.8170000,00:01:23.3260000
842,1070,4,5,12.0,00:01:16.9080000,00:01:16.9550000,00:01:16.4560000
842,1071,7,7,6.0,00:01:09.3470000,00:01:08.9030000,00:01:08.7770000
842,1072,6,6,8.0,00:01:28.4010000,00:01:28.3140000,00:01:28.1250000
842,1073,5,12,10.0,00:01:23.4890000,00:01:24.0430000,NULL
842,1074,-1,10,0.0,00:01:32.0960000,00:01:31.6350000,00:01:32.3380000
842,1075,8,9,4.0,00:01:29.8910000,00:01:29.4180000,00:01:29.2540000
842,1076,9,11,2.0,00:01:19.5800000,00:01:19.2260000,NULL
842,1077,12,17,0.0,00:01:20.7320000,NULL,NULL
842,1079,13,14,0.0,00:01:20.7190000,00:01:20.8610000,NULL
842,1080,11,17,0.0,00:01:13.6600000,NULL,NULL
842,1081,5,6,10.0,00:01:43.2680000,00:01:43.1290000,00:01:42.8450000
842,1082,14,15,0.0,00:01:34.4920000,NULL,NULL
842,1083,-1,11,0.0,00:01:41.6800000,00:01:43.7020000,NULL
842,1084,15,14,0.0,00:01:06.5890000,00:01:06.1600000,NULL
842,1085,12,14,0.0,00:01:33.4390000,NULL,NULL
842,1086,12,0,0.0,00:01:19.5270000,NULL,NULL
842,1087,9,0,2.0,00:01:46.1830000,00:01:45.8270000,NULL
842,1088,11,11,0.0,00:01:11.7050000,00:01:11.5120000,NULL
842,1089,8,5,4.0,00:01:22.0100000,00:01:22.0620000,00:01:22.6480000
842,1091,10,7,1.0,00:01:55.6060000,00:01:53.5460000,00:01:51.2110000
842,1092,18,17,0.0,00:01:31.3220000,NULL,NULL
842,1094,11,14,0.0,00:01:20.2560000,00:01:19.6720000,NULL
842,1095,14,10,0.0,00:01:14.3710000,00:01:11.6750000,NULL
842,1096,14,17,0.0,00:01:25.8590000,NULL,NULL
842,1098,9,20,2.0,00:01:32.1810000,NULL,NULL
842,1099,9,9,2.0,00:01:29.8900000,00:01:29.4110000,00:01:29.3570000
842,1100,13,9,0.0,00:01:18.3120000,00:01:17.5740000,00:01:17.6750000
842,1101,14,17,0.0,00:01:44.8530000,NULL,NULL
842,1104,7,7,6.0,00:01:13.0330000,00:01:12.1690000,00:01:11.9330000
842,1105,10,10,1.0,00:01:13.4710000,00:01:13.1860000,00:01:12.8160000
842,1106,12,15,0.0,00:01:22.8860000,NULL,NULL
842,1107,10,9,1.0,00:01:05.5150000,00:01:05.3080000,00:01:05.1700000
842,1108,18,10,0.0,00:01:29.5330000,00:01:28.7510000,00:01:27.6890000
842,1109,-1,15,0.0,00:01:18.7430000,00:01:18.2170000,NULL
842,1110,11,12,0.0,00:01:59.5110000,00:01:53.6710000,NULL
842,1111,3,12,15.0,00:01:21.7350000,00:01:20.1280000,NULL
842,1112,15,17,0.0,00:01:22.5450000,NULL,NULL
842,1113,6,12,8.0,00:01:32.4520000,00:01:32.2740000,NULL
842,1114,10,12,1.0,00:01:30.8430000,00:01:30.5090000,NULL
842,1115,12,7,0.0,00:01:25.5660000,00:01:24.9180000,00:01:24.5530000
842,1117,11,11,0.0,00:01:18.9450000,00:01:18.5210000,NULL
842,1118,7,15,6.0,00:01:10.7930000,00:01:10.5670000,NULL
842,1119,11,4,0.0,00:01:34.2720000,00:01:33.4940000,00:01:33.2390000
842,1120,13,10,0.0,00:01:24.6000000,00:01:24.0780000,00:01:24.5480000
842,1121,18,20,0.0,00:01:30.9480000,NULL,NULL
842,1122,-1,18,0.0,00:01:29.4790000,NULL,NULL
842,1123,13,17,0.0,00:01:17.9820000,NULL,NULL
842,1124,16,17,0.0,00:01:30.1190000,NULL,NULL
842,1125,13,15,0.0,00:01:35.2870000,00:01:35.4630000,NULL
842,1127,16,15,0.0,00:01:16.0150000,00:01:16.3810000,NULL
842,1128,10,10,1.0,00:01:11.7140000,00:01:10.8960000,00:01:11.3110000
842,1129,9,15,2.0,00:01:13.2890000,00:01:12.9400000,NULL
842,1130,9,7,2.0,00:01:12.6510000,00:01:12.0790000,00:01:11.8570000
842,1131,10,13,1.0,00:01:05.5980000,00:01:05.3590000,NULL
842,1132,-1,19,0.0,00:01:39.8040000,NULL,NULL
842,1133,-1,0,0.0,00:01:18.1660000,NULL,NULL
842,1134,13,12,0.0,00:01:54.9110000,00:01:54.6350000,NULL
842,1135,9,9,2.0,00:01:11.7180000,00:01:10.8150000,00:01:10.9770000
842,1136,15,14,0.0,00:01:20.7480000,00:01:20.7380000,NULL
842,1137,12,18,0.0,00:01:43.0880000,00:01:43.1790000,NULL
842,1138,17,18,0.0,00:01:31.3120000,NULL,NULL
842,1140,10,8,1.0,00:01:17.1490000,00:01:17.0480000,00:01:16.8920000
842,1141,3,13,15.0,00:01:29.4200000,00:01:29.6140000,NULL
842,1142,-1,3,0.0,00:01:33.6910000,00:01:32.8790000,00:01:32.6640000
842,1143,5,11,10.0,00:01:21.8430000,00:01:21.4370000,NULL
842,1144,7,5,6.0,00:01:23.5480000,00:01:23.0860000,00:01:22.9840000
843,986,-1,17,0.0,00:01:18.6830000,NULL,NULL
843,987,-1,18,0.0,00:01:10.6250000,NULL,NULL
843,988,15,20,0.0,00:01:40.4710000,NULL,NULL
843,989,15,16,0.0,00:01:24.5320000,NULL,NULL
843,990,17,11,0.0,00:01:30.4120000,00:01:30.1050000,NULL
843,991,20,15,0.0,00:01:34.0130000,00:01:33.7950000,NULL
843,992,10,19,1.0,00:01:57.3540000,NULL,NULL
843,993,12,20,0.0,NULL,NULL,NULL
843,994,-1,15,0.0,00:01:13.1790000,NULL,NULL
843,995,-1,12,0.0,00:01:12.5870000,00:01:12.6350000,NULL
843,996,14,20,0.0,00:01:33.0250000,NULL,NULL
843,997,-1,19,0.0,00:01:05.3660000,NULL,NULL
843,998,-1,0,0.0,NULL,NULL,NULL
843,999,10,17,1.0,00:01:14.0450000,NULL,NULL
843,1000,11,8,0.0,00:01:18.4290000,00:01:32.5900000,00:01:38.1280000
843,1001,14,11,0.0,00:01:44.1530000,00:01:43.8650000,NULL
843,1002,-1,16,0.0,00:01:21.9340000,NULL,NULL
843,1003,17,17,0.0,00:01:39.8090000,NULL,NULL
843,1004,-1,20,0.0,00:01:35.0370000,NULL,NULL
843,1005,13,6,0.0,00:01:30.2480000,00:01:29.8480000,00:01:30.0230000
843,1007,14,14,0.0,00:01:16.6820000,00:01:17.1840000,NULL
843,1008,11,16,0.0,00:01:09.2800000,NULL,NULL
843,1009,12,16,0.0,00:01:37.9940000,NULL,NULL
844,989,13,18,0.0,00:01:24.6360000,NULL,NULL
844,990,12,19,0.0,00:01:31.4200000,NULL,NULL
844,991,19,19,0.0,00:01:34.4540000,NULL,NULL
844,992,6,13,8.0,00:01:43.7520000,00:01:44.0740000,NULL
844,993,10,14,1.0,00:01:18.6610000,00:01:18.9100000,NULL
844,994,-1,14,0.0,00:01:12.8290000,00:01:12.7140000,NULL
844,995,10,13,1.0,00:01:12.9450000,00:01:12.6610000,NULL
844,996,10,8,1.0,00:01:32.5380000,00:01:32.0550000,00:01:32.6350000
844,997,9,18,2.0,00:01:04.9670000,00:01:04.9790000,NULL
844,998,-1,9,0.0,00:01:27.9620000,00:01:27.7900000,00:01:27.8790000
844,999,15,9,0.0,00:01:13.0770000,00:01:12.9950000,00:01:12.7170000
844,1000,-1,17,0.0,00:01:18.8170000,NULL,NULL
844,1001,-1,12,0.0,00:01:43.6540000,00:01:44.0620000,NULL
844,1002,11,15,0.0,00:01:21.8890000,NULL,NULL
844,1003,9,13,2.0,00:01:39.2060000,00:01:38.7470000,NULL
844,1004,7,7,6.0,00:01:33.9240000,00:01:33.4880000,00:01:33.4190000
844,1005,-1,10,0.0,00:01:29.7060000,00:01:29.8640000,NULL
844,1007,7,9,6.0,00:01:16.8620000,00:01:16.3200000,00:01:16.1890000
844,1008,7,7,6.0,00:01:08.6670000,00:01:08.3350000,00:01:08.4920000
844,1009,7,8,6.0,00:01:37.1240000,00:01:36.5800000,00:01:36.2370000
844,1010,5,5,10.0,00:01:22.0170000,00:01:21.7390000,00:01:21.4420000
844,1011,3,1,16.0,00:01:28.4950000,00:01:28.0460000,00:01:27.8660000
844,1012,5,4,10.0,00:01:32.7120000,00:01:32.3240000,00:01:31.8650000
844,1013,5,8,11.0,00:01:41.4260000,00:01:41.9950000,NULL
844,1014,5,5,10.0,00:01:17.3880000,00:01:16.7140000,00:01:16.5880000
844,1015,-1,15,0.0,00:01:12.1490000,NULL,NULL
844,1016,3,3,15.0,00:01:11.2140000,00:01:11.2050000,00:01:10.9200000
844,1017,3,3,15.0,00:01:30.6470000,00:01:29.6990000,00:01:28.9650000
844,1018,2,1,18.0,00:01:04.1380000,00:01:03.3780000,00:01:03.0030000
844,1019,3,3,15.0,00:01:25.5330000,00:01:25.5460000,00:01:25.1720000
844,1020,-1,10,0.0,00:01:12.2290000,00:01:12.3440000,NULL
844,1021,4,4,12.0,00:01:16.3370000,00:01:15.7920000,00:01:15.0430000
844,1022,1,1,25.0,00:01:43.5870000,00:01:42.9380000,00:01:42.5190000
844,1023,1,1,25.0,00:01:20.1260000,00:01:19.5530000,00:01:19.3070000
844,1024,2,1,18.0,00:01:38.0140000,00:01:36.6500000,00:01:36.2170000
844,1025,3,1,15.0,00:01:33.6130000,00:01:32.4340000,00:01:31.6280000
844,1026,6,2,8.0,00:01:28.4050000,00:01:28.1790000,00:01:27.2530000
844,1027,4,1,13.0,00:01:16.3640000,00:01:16.2190000,00:01:15.0240000
844,1029,18,14,0.0,00:01:08.4960000,00:01:07.8880000,00:01:07.7280000
844,1030,3,3,15.0,00:01:36.4780000,00:01:35.5430000,00:01:35.2190000
844,1031,2,7,18.0,00:01:04.5000000,00:01:04.0410000,00:01:03.9230000
844,1032,-1,14,0.0,00:01:20.8710000,00:01:19.6280000,NULL
844,1033,11,6,0.0,00:01:15.7930000,00:01:15.0060000,00:01:14.8170000
844,1034,3,4,15.0,00:01:26.5500000,00:01:26.2030000,00:01:25.4270000
844,1035,4,8,12.0,00:01:27.4270000,00:01:26.7090000,00:01:26.6140000
844,1036,-1,9,0.0,00:01:17.2560000,00:01:16.9530000,00:01:17.0870000
844,1037,14,13,0.0,00:01:43.6560000,00:01:42.9960000,NULL
844,1038,-1,13,0.0,00:01:20.4430000,00:01:20.2730000,NULL
844,1039,8,5,4.0,00:01:16.6980000,00:01:16.3240000,00:01:16.2700000
844,1040,6,10,8.0,00:01:34.0710000,00:01:33.2390000,NULL
844,1041,7,4,6.0,00:01:26.8570000,00:01:26.2400000,00:01:26.0350000
844,1042,4,4,12.0,00:01:17.4210000,00:01:17.3670000,00:01:17.0900000
844,1043,5,7,10.0,00:01:15.1230000,00:01:15.0170000,00:01:14.6160000
844,1044,4,12,12.0,00:02:04.4640000,00:01:56.6960000,NULL
844,1045,10,12,1.0,00:01:29.1370000,00:01:29.1650000,NULL
844,1046,-1,4,0.0,00:00:54.2490000,00:00:53.8250000,00:00:53.6130000
844,1047,13,12,0.0,00:01:35.8810000,00:01:35.9320000,00:01:36.0650000
844,1051,8,13,4.0,00:01:22.7420000,00:01:22.4630000,NULL
844,1052,6,4,8.0,00:01:30.6910000,00:01:30.0100000,00:01:29.6780000
844,1053,4,4,12.0,00:01:15.4130000,00:01:14.8080000,00:01:14.7400000
844,1054,6,8,8.0,00:01:19.3730000,00:01:18.7690000,00:01:19.3060000
844,1055,4,4,12.0,00:01:18.0410000,00:01:17.7170000,00:01:17.5100000
844,1056,-1,1,0.0,00:01:11.1130000,00:01:10.5970000,00:01:10.3460000
844,1057,4,1,12.0,00:01:42.2410000,00:01:41.6590000,00:01:41.2180000
844,1058,7,7,6.0,00:01:04.7450000,00:01:04.6460000,00:01:04.4720000
844,1059,16,7,0.0,00:01:32.2090000,00:01:31.5670000,00:01:30.9870000
844,1060,8,12,4.0,00:01:04.9060000,00:01:04.6000000,NULL
844,1061,2,4,18.0,00:01:27.0510000,00:01:26.9190000,00:01:26.8280000
844,1062,-1,7,0.0,00:01:17.0840000,00:01:16.5740000,00:01:16.4960000
844,1063,8,9,2.0,00:02:00.7280000,00:01:57.7210000,NULL
844,1064,5,5,10.0,00:01:09.8290000,00:01:09.4370000,00:01:09.5270000
844,1065,4,5,12.0,00:01:21.2190000,00:01:20.7670000,00:01:20.5100000
844,1066,15,19,0.0,00:01:48.4700000,NULL,NULL
844,1067,4,3,12.0,00:01:24.8690000,00:01:24.0150000,00:01:23.2650000
844,1070,5,8,10.0,00:01:16.7480000,00:01:17.0340000,00:01:16.8370000
844,1071,5,6,10.0,00:01:09.1550000,00:01:08.8590000,00:01:08.9600000
844,1072,7,4,6.0,00:01:28.3100000,00:01:28.4590000,00:01:28.0540000
844,1073,10,7,1.0,00:01:23.4670000,00:01:23.2020000,00:01:23.1220000
844,1074,1,1,26.0,00:01:31.4710000,00:01:30.9320000,00:01:30.5580000
844,1075,2,2,19.0,00:01:29.0390000,00:01:28.7800000,00:01:28.2250000
844,1076,1,1,26.0,00:01:18.8810000,00:01:18.6060000,00:01:17.8680000
844,1077,6,2,8.0,00:01:18.7960000,00:01:19.5840000,00:01:28.7780000
844,1079,-1,1,0.0,00:01:19.8610000,00:01:19.9690000,00:01:18.7500000
844,1080,4,1,12.0,00:01:12.5690000,00:01:11.8640000,00:01:11.3760000
844,1081,-1,1,0.0,00:01:42.8650000,00:01:42.0460000,00:01:41.3590000
844,1082,5,19,10.0,00:01:33.0080000,NULL,NULL
844,1083,4,3,12.0,00:01:39.8460000,00:01:41.2470000,00:01:41.2980000
844,1084,1,2,25.0,00:01:05.4190000,00:01:05.2870000,00:01:05.0130000
844,1085,-1,1,0.0,00:01:31.7270000,00:01:31.2160000,00:01:30.8720000
844,1086,6,3,8.0,00:01:18.8060000,00:01:17.7680000,00:01:17.5670000
844,1087,6,15,8.0,00:01:45.5720000,00:01:44.5510000,00:01:44.5530000
844,1088,3,2,15.0,00:01:11.4430000,00:01:10.9880000,00:01:10.3630000
844,1089,2,1,18.0,00:01:21.2800000,00:01:21.2080000,00:01:20.1610000
844,1091,2,1,18.0,00:01:54.1290000,00:01:52.3430000,00:01:49.4120000
844,1092,3,2,15.0,00:01:30.4020000,00:01:30.4860000,00:01:29.3140000
844,1094,6,7,8.0,00:01:19.5050000,00:01:19.1090000,00:01:18.5550000
844,1095,4,5,12.0,00:01:14.4860000,00:01:10.9500000,NULL
844,1096,2,3,18.0,00:01:25.2110000,00:01:24.5170000,00:01:24.0920000
844,1098,-1,3,0.0,00:01:31.0940000,00:01:30.2820000,00:01:30.0000000
844,1099,7,12,6.0,00:01:29.3760000,00:01:28.9030000,00:01:28.4200000
844,1100,-1,7,0.0,00:01:18.2180000,00:01:17.3900000,00:01:17.3690000
844,1101,3,1,15.0,00:01:41.2690000,00:01:41.0370000,00:01:40.2030000
844,1104,6,6,8.0,00:01:12.9120000,00:01:12.1030000,00:01:11.4710000
844,1105,11,19,0.0,00:01:14.0790000,NULL,NULL
844,1106,4,10,12.0,00:01:21.8430000,00:01:20.6150000,NULL
844,1107,2,2,18.0,00:01:05.5770000,00:01:05.0870000,00:01:04.4390000
844,1108,9,4,2.0,00:01:29.1430000,00:01:28.3610000,00:01:27.1360000
844,1109,7,6,6.0,00:01:18.4400000,00:01:17.5800000,00:01:16.9920000
844,1110,3,1,15.0,00:01:58.3000000,00:01:52.0170000,00:01:46.9880000
844,1111,-1,9,0.0,00:01:22.0190000,00:01:19.6000000,00:01:12.6650000
844,1112,4,3,12.0,00:01:21.7880000,00:01:20.9770000,00:01:20.3610000
844,1113,4,3,12.0,00:01:32.4060000,00:01:32.0120000,00:01:31.0630000
844,1114,4,4,12.0,00:01:30.3930000,00:01:29.9400000,00:01:29.5420000
844,1115,5,5,10.0,00:01:25.4520000,00:01:25.0790000,00:01:24.4240000
844,1117,3,1,15.0,00:01:18.4010000,00:01:17.9010000,00:01:17.1660000
844,1118,-1,0,0.0,00:01:10.4720000,00:01:10.3030000,00:01:11.0210000
844,1119,2,1,18.0,00:01:33.6170000,00:01:32.7750000,00:01:32.7260000
844,1120,2,2,18.0,00:01:24.4590000,00:01:23.9690000,00:01:23.5840000
844,1121,4,2,12.0,00:01:30.2430000,00:01:29.1650000,00:01:29.4070000
844,1122,3,2,16.0,00:01:28.3180000,00:01:28.1120000,00:01:27.7910000
844,1123,2,4,19.0,00:01:16.9840000,00:01:16.3040000,00:01:16.4350000
844,1124,4,8,12.0,00:01:29.3380000,00:01:29.1960000,00:01:28.7860000
844,1125,4,6,12.0,00:01:34.7970000,00:01:34.3990000,00:01:34.2890000
844,1127,3,3,15.0,00:01:15.8230000,00:01:15.3280000,00:01:14.9700000
844,1128,1,1,25.0,00:01:11.5840000,00:01:10.8250000,00:01:10.2700000
844,1129,-1,11,0.0,00:01:13.1070000,00:01:12.6910000,NULL
844,1130,5,5,10.0,00:01:12.2570000,00:01:12.0380000,00:01:11.7310000
844,1131,11,6,0.0,00:01:05.5090000,00:01:05.1040000,00:01:05.0440000
844,1132,14,11,0.0,00:01:30.4960000,00:01:27.0970000,NULL
844,1133,4,6,12.0,00:01:17.4370000,00:01:15.8910000,00:01:15.9050000
844,1134,3,1,15.0,00:01:55.3490000,00:01:54.1930000,00:01:53.7540000
844,1135,3,6,15.0,00:01:11.3700000,00:01:10.6890000,00:01:10.5820000
844,1136,1,4,25.0,00:01:20.0740000,00:01:20.0070000,00:01:19.4610000
844,1137,2,1,18.0,00:01:42.7750000,00:01:42.0560000,00:01:41.3650000
844,1138,5,9,10.0,00:01:30.7860000,00:01:29.7470000,NULL
844,1140,3,4,16.0,00:01:16.9720000,00:01:16.6410000,00:01:16.2650000
844,1141,5,6,10.0,00:01:29.8390000,00:01:26.0970000,00:01:24.5250000
844,1142,4,4,12.0,00:01:33.4460000,00:01:33.0160000,00:01:32.7830000
844,1143,2,5,18.0,00:01:21.2780000,00:01:21.0000000,00:01:20.8520000
844,1144,3,19,15.0,00:01:23.3020000,00:01:23.8330000,NULL
845,989,-1,19,0.0,00:01:24.9220000,NULL,NULL
845,990,15,18,0.0,00:01:31.4140000,NULL,NULL
845,991,15,16,0.0,00:01:34.0620000,NULL,NULL
845,992,-1,11,0.0,00:01:44.2610000,00:01:43.8860000,NULL
845,993,14,19,0.0,00:01:19.6950000,NULL,NULL
845,994,16,13,0.0,00:01:12.7060000,00:01:12.5210000,NULL
845,995,17,18,0.0,00:01:13.6430000,NULL,NULL
845,996,15,18,0.0,00:01:33.6360000,NULL,NULL
845,997,13,17,0.0,00:01:05.3220000,NULL,NULL
845,998,14,18,0.0,00:01:29.2520000,NULL,NULL
845,999,-1,12,0.0,00:01:13.7080000,00:01:13.7020000,NULL
845,1000,16,20,0.0,00:01:19.3010000,NULL,NULL
845,1001,12,16,0.0,00:01:44.9980000,NULL,NULL
845,1002,10,12,1.0,00:01:21.8130000,00:01:21.7320000,NULL
845,1003,19,19,0.0,00:01:41.2630000,NULL,NULL
845,1004,18,13,0.0,00:01:35.6120000,NULL,NULL
845,1005,16,17,0.0,00:01:30.3720000,NULL,NULL
845,1007,13,19,0.0,00:01:17.8860000,NULL,NULL
845,1008,16,14,0.0,00:01:09.2590000,00:01:10.3810000,NULL
845,1009,15,19,0.0,00:01:38.6350000,NULL,NULL
846,1010,12,8,0.0,00:01:22.7020000,00:01:22.4230000,00:01:22.3040000
846,1011,6,9,8.0,00:01:29.3810000,00:01:29.2580000,00:01:29.0430000
846,1012,18,15,0.0,00:01:34.1480000,00:01:33.9670000,NULL
846,1013,8,7,4.0,00:01:42.3710000,00:01:42.0840000,00:01:41.8860000
846,1014,-1,10,0.0,00:01:17.6110000,00:01:17.3380000,NULL
846,1015,11,12,0.0,00:01:11.8450000,00:01:11.7240000,NULL
846,1016,-1,8,0.0,00:01:11.7800000,00:01:11.7350000,00:01:11.8630000
846,1017,9,5,2.0,00:01:30.9890000,00:01:30.0190000,00:01:29.4180000
846,1018,6,5,8.0,00:01:04.3610000,00:01:04.2110000,00:01:04.0990000
846,1019,11,8,0.0,00:01:26.0790000,00:01:26.3850000,00:01:26.2240000
846,1020,-1,19,0.0,00:01:13.3330000,NULL,NULL
846,1021,9,7,2.0,00:01:16.6970000,00:01:16.0600000,00:01:15.8000000
846,1022,11,11,0.0,00:01:46.1540000,00:01:44.8470000,NULL
846,1023,10,16,1.0,00:01:20.6460000,00:01:21.0680000,NULL
846,1024,7,9,6.0,00:01:38.6060000,00:01:37.5720000,00:01:38.3290000
846,1025,8,7,4.0,00:01:34.2010000,00:01:33.7250000,00:01:33.3010000
846,1026,11,8,0.0,00:01:28.8730000,00:01:28.5710000,00:01:28.4640000
846,1027,-1,8,0.0,00:01:17.0920000,00:01:16.4470000,00:01:16.3220000
846,1029,8,10,4.0,00:01:08.8910000,00:01:08.8680000,NULL
846,1030,8,6,4.0,00:01:37.5450000,00:01:36.7640000,00:01:36.4360000
846,1031,3,3,16.0,00:01:04.6060000,00:01:03.8190000,00:01:03.6260000
846,1032,5,9,10.0,00:01:18.5040000,00:01:18.4480000,00:01:20.9250000
846,1033,13,8,0.0,00:01:15.4440000,00:01:15.0850000,00:01:14.9660000
846,1034,5,5,10.0,00:01:26.8550000,00:01:26.4200000,00:01:25.7820000
846,1035,9,10,2.0,00:01:27.2170000,00:01:26.8850000,00:01:26.7780000
846,1036,10,8,1.0,00:01:17.5770000,00:01:17.1660000,00:01:17.0840000
846,1037,7,10,6.0,00:01:43.5140000,00:01:42.7220000,00:01:42.6570000
846,1038,4,6,12.0,00:01:20.3440000,00:01:19.9620000,00:01:19.8200000
846,1039,6,11,8.0,00:01:16.8950000,00:01:16.6400000,NULL
846,1040,15,8,0.0,00:01:33.8040000,00:01:33.0810000,00:01:32.8470000
846,1041,-1,8,0.0,00:01:26.8290000,00:01:26.3160000,00:01:26.4580000
846,1042,13,8,0.0,00:01:17.5470000,00:01:17.3210000,00:01:17.5250000
846,1043,8,9,4.0,00:01:15.2740000,00:01:15.0510000,00:01:14.8140000
846,1044,8,14,5.0,00:02:07.1670000,00:01:54.9450000,NULL
846,1045,4,9,12.0,00:01:29.4640000,00:01:28.8770000,00:01:28.5420000
846,1046,10,19,1.0,00:00:54.1940000,00:00:54.6930000,NULL
846,1047,5,4,10.0,00:01:36.0160000,00:01:35.8490000,00:01:35.4970000
846,1051,9,4,2.0,00:01:22.8390000,00:01:22.2160000,00:01:21.7310000
846,1052,4,7,12.0,00:01:30.9020000,00:01:30.0990000,00:01:29.9740000
846,1053,3,7,15.0,00:01:15.0090000,00:01:14.7180000,00:01:14.8750000
846,1054,5,7,10.0,00:01:18.7940000,00:01:18.4810000,00:01:19.1160000
846,1055,8,9,4.0,00:01:17.8210000,00:01:17.6960000,00:01:18.0100000
846,1056,3,5,15.0,00:01:11.3210000,00:01:11.0310000,00:01:10.6200000
846,1057,5,9,10.0,00:01:42.1670000,00:01:41.8130000,00:01:41.7470000
846,1058,5,3,10.0,00:01:04.5840000,00:01:04.2980000,00:01:04.1200000
846,1059,5,8,10.0,00:01:31.7330000,00:01:31.5420000,00:01:31.2520000
846,1060,3,2,15.0,00:01:04.3450000,00:01:04.4150000,00:01:03.7680000
846,1061,4,5,12.0,00:01:27.4440000,00:01:27.2200000,00:01:26.8970000
846,1062,-1,6,0.0,00:01:17.0810000,00:01:16.3850000,00:01:16.4890000
846,1063,14,15,0.0,00:01:58.3010000,00:01:56.0250000,NULL
846,1064,10,13,1.0,00:01:10.4890000,00:01:10.4060000,NULL
846,1065,2,3,18.0,00:01:20.9160000,00:01:20.0590000,00:01:19.9890000
846,1066,7,1,7.0,00:01:47.2380000,00:01:45.8270000,00:01:41.9930000
846,1067,7,7,6.0,00:01:25.1380000,00:01:24.6420000,00:01:23.9540000
846,1070,10,18,1.0,00:01:17.5690000,00:01:17.4730000,00:01:36.8300000
846,1071,10,5,1.0,00:01:09.3650000,00:01:09.0300000,00:01:08.9800000
846,1072,10,7,1.0,00:01:28.3380000,00:01:28.3440000,00:01:28.1800000
846,1073,7,3,6.0,00:01:23.5530000,00:01:23.2560000,00:01:22.9310000
846,1074,15,13,0.0,00:01:32.2390000,00:01:32.0080000,NULL
846,1075,7,11,6.0,00:01:29.9570000,00:01:29.6510000,NULL
846,1076,5,4,10.0,00:01:19.2800000,00:01:19.0660000,00:01:18.7030000
846,1077,3,5,15.0,00:01:20.1680000,00:01:19.2940000,00:01:29.1310000
846,1079,8,11,4.0,00:01:20.8380000,00:01:20.4710000,NULL
846,1080,6,5,9.0,00:01:12.9270000,00:01:12.2660000,00:01:11.8490000
846,1081,9,11,2.0,00:01:44.2370000,00:01:43.3980000,NULL
846,1082,15,14,0.0,00:01:34.0660000,NULL,NULL
846,1083,6,6,8.0,00:01:41.5150000,00:01:41.8210000,00:01:42.0840000
846,1084,7,10,6.0,00:01:06.3300000,00:01:25.8470000,NULL
846,1085,7,5,6.0,00:01:32.6720000,00:01:32.7770000,00:01:32.0320000
846,1086,7,4,6.0,00:01:18.6530000,00:01:18.1210000,00:01:17.7690000
846,1087,12,17,0.0,00:01:45.7450000,00:01:45.6030000,00:01:46.1780000
846,1088,7,7,6.0,00:01:11.5560000,00:01:11.1160000,00:01:11.1740000
846,1089,7,3,6.0,00:01:22.1300000,00:01:21.8310000,00:01:21.5840000
846,1091,4,6,12.0,00:01:55.9140000,00:01:53.9420000,00:01:50.5840000
846,1092,10,10,1.0,00:01:30.8810000,00:01:30.4730000,00:01:31.0030000
846,1094,9,8,2.0,00:01:19.8570000,00:01:19.1190000,00:01:18.7210000
846,1095,-1,6,0.0,00:01:13.1060000,00:01:11.3770000,00:01:12.2630000
846,1096,6,7,9.0,00:01:25.3870000,00:01:24.9030000,00:01:24.7690000
846,1098,17,11,0.0,00:01:31.6520000,00:01:31.3810000,NULL
846,1099,17,19,0.0,00:01:30.4470000,NULL,NULL
846,1100,6,13,8.0,00:01:18.2430000,00:01:18.1190000,NULL
846,1101,9,7,2.0,00:01:42.1540000,00:01:41.4850000,00:01:41.2810000
846,1104,9,10,2.0,00:01:12.8770000,00:01:12.3770000,00:01:12.2540000
846,1105,17,3,0.0,00:01:13.2950000,00:01:12.7760000,00:01:12.7920000
846,1106,13,7,0.0,00:01:21.9980000,00:01:19.3470000,00:01:28.0460000
846,1107,4,4,12.0,00:01:05.6170000,00:01:05.0380000,00:01:04.6580000
846,1108,2,2,18.0,00:01:28.9170000,00:01:28.0420000,00:01:26.9610000
846,1109,2,3,18.0,00:01:18.6970000,00:01:17.3280000,00:01:16.6940000
846,1110,7,7,6.0,00:01:59.9810000,00:01:52.2520000,00:01:47.6690000
846,1111,7,2,6.0,00:01:21.2760000,00:01:19.7690000,00:01:11.1040000
846,1112,8,9,4.0,00:01:21.9950000,00:01:21.5810000,00:01:20.9790000
846,1113,2,4,18.0,00:01:32.4830000,00:01:31.9510000,00:01:31.2700000
846,1114,2,3,18.0,00:01:30.0630000,00:01:30.2960000,00:01:29.4930000
846,1115,3,10,15.0,00:01:25.1310000,00:01:24.6850000,NULL
846,1117,5,17,10.0,00:01:21.5540000,NULL,NULL
846,1118,2,6,19.0,00:01:10.6230000,00:01:10.0210000,00:01:11.9870000
846,1119,-1,15,0.0,00:01:34.7030000,NULL,NULL
846,1120,5,5,10.0,00:01:24.3680000,00:01:23.9200000,00:01:23.8160000
846,1121,6,7,8.0,00:01:30.1430000,00:01:29.9410000,00:01:29.6140000
846,1122,8,6,4.0,00:01:28.8050000,00:01:28.4790000,00:01:28.1320000
846,1123,3,3,15.0,00:01:17.4300000,00:01:16.7500000,00:01:16.3150000
846,1124,5,3,10.0,00:01:29.5360000,00:01:28.9400000,00:01:28.4890000
846,1125,2,4,18.0,00:01:34.8420000,00:01:34.4600000,00:01:34.1650000
846,1127,2,2,18.0,00:01:15.9150000,00:01:15.3710000,00:01:14.8370000
846,1128,4,4,12.0,00:01:11.7600000,00:01:10.7320000,00:01:10.5420000
846,1129,2,3,18.0,00:01:12.9590000,00:01:12.2010000,00:01:12.0210000
846,1130,2,1,19.0,00:01:12.3860000,00:01:11.8720000,00:01:11.3830000
846,1131,20,2,0.0,00:01:05.4500000,00:01:05.1030000,00:01:04.7180000
846,1132,3,3,15.0,00:01:31.5960000,00:01:26.5590000,00:01:26.0300000
846,1133,2,1,18.0,00:01:17.7550000,00:01:15.5400000,00:01:15.2270000
846,1134,5,4,10.0,00:01:55.5820000,00:01:54.3580000,00:01:53.9810000
846,1135,1,1,26.0,00:01:11.3770000,00:01:10.4960000,00:01:09.6730000
846,1136,3,1,16.0,00:01:19.9110000,00:01:19.7270000,00:01:19.3270000
846,1137,4,15,13.0,00:01:43.6090000,NULL,NULL
846,1138,1,1,25.0,00:01:30.0020000,00:01:30.0070000,00:01:29.5250000
846,1140,2,3,18.0,00:01:16.5050000,00:01:16.3010000,00:01:16.2600000
846,1141,6,1,8.0,00:01:30.9440000,00:01:24.8440000,00:01:23.4050000
846,1142,6,6,9.0,00:01:33.5920000,00:01:33.0990000,00:01:33.0080000
846,1143,10,3,2.0,00:01:21.5780000,00:01:20.9830000,00:01:20.7720000
846,1144,1,1,25.0,00:01:23.6820000,00:01:23.0980000,00:01:22.5950000
847,1010,16,19,0.0,00:01:24.3600000,NULL,NULL
847,1011,15,19,0.0,00:01:31.7590000,NULL,NULL
847,1012,16,17,0.0,00:01:35.2530000,NULL,NULL
847,1013,15,16,0.0,00:01:45.0620000,NULL,NULL
847,1014,17,19,0.0,00:01:19.0720000,NULL,NULL
847,1015,15,19,0.0,00:01:13.4770000,NULL,NULL
847,1016,16,18,0.0,00:01:13.6170000,NULL,NULL
847,1017,19,20,0.0,00:01:32.7890000,NULL,NULL
847,1018,18,0,0.0,00:01:05.9040000,NULL,NULL
847,1019,14,19,0.0,00:01:27.7890000,NULL,NULL
847,1020,11,17,0.0,00:01:14.7210000,NULL,NULL
847,1021,16,15,0.0,00:01:17.0310000,NULL,NULL
847,1022,15,14,0.0,00:01:47.5480000,NULL,NULL
847,1023,14,14,0.0,00:01:21.8000000,NULL,NULL
847,1024,-1,18,0.0,00:01:40.8670000,NULL,NULL
847,1025,-1,17,0.0,00:01:35.3560000,NULL,NULL
847,1026,16,18,0.0,00:01:30.3640000,NULL,NULL
847,1027,16,19,0.0,00:01:18.8230000,NULL,NULL
847,1029,12,18,0.0,00:01:10.1260000,NULL,NULL
847,1030,17,18,0.0,00:01:38.7170000,NULL,NULL
847,1031,-1,17,0.0,00:01:05.1670000,NULL,NULL
847,1032,16,11,0.0,00:01:20.3820000,00:01:19.6360000,NULL
847,1033,18,12,0.0,00:01:15.5850000,00:01:15.6980000,NULL
847,1034,12,20,0.0,00:01:26.7320000,00:01:27.0920000,NULL
847,1035,18,15,0.0,00:01:27.7570000,00:01:27.4550000,NULL
847,1036,17,18,0.0,00:01:18.0990000,NULL,NULL
847,1037,-1,15,0.0,00:01:43.6300000,00:01:43.4680000,NULL
847,1038,14,19,0.0,00:01:21.5870000,NULL,NULL
847,1039,11,18,0.0,00:01:17.2320000,NULL,NULL
847,1040,18,13,0.0,00:01:34.0200000,00:01:33.5830000,NULL
847,1041,-1,17,0.0,00:01:27.5640000,NULL,NULL
847,1042,14,14,0.0,00:01:17.9310000,00:01:17.7880000,NULL
847,1043,-1,13,0.0,00:01:15.7600000,00:01:15.3230000,NULL
847,1044,16,0,0.0,00:02:10.0170000,NULL,NULL
847,1045,12,14,0.0,00:01:29.2940000,00:01:31.2180000,NULL
847,1046,9,2,3.0,00:00:54.1600000,00:00:53.8190000,00:00:53.4030000
847,1047,15,16,0.0,00:01:38.0450000,NULL,NULL
847,1051,17,15,0.0,00:01:22.8630000,00:01:22.7560000,NULL
847,1052,14,15,0.0,00:01:31.3160000,00:01:33.4300000,NULL
847,1053,-1,12,0.0,00:01:15.8260000,00:01:15.2610000,NULL
847,1054,16,11,0.0,00:01:19.7970000,00:01:19.1090000,NULL
847,1055,14,15,0.0,00:01:18.4450000,00:01:19.1540000,NULL
847,1056,14,15,0.0,00:01:12.0160000,00:01:11.8300000,NULL
847,1057,-1,15,0.0,00:01:42.7280000,00:01:42.7580000,NULL
847,1058,-1,10,0.0,00:01:05.0330000,00:01:04.6710000,NULL
847,1059,12,14,0.0,00:01:33.0600000,00:01:32.0650000,NULL
847,1060,11,8,0.0,00:01:04.9070000,00:01:04.5530000,00:01:04.5910000
847,1061,12,12,0.0,00:01:27.6710000,00:01:27.0800000,00:01:26.9710000
847,1062,8,17,4.0,00:01:17.9440000,NULL,NULL
847,1063,2,2,9.0,00:01:59.8640000,00:01:56.9500000,00:02:00.0860000
847,1064,17,11,0.0,00:01:10.3820000,00:01:10.3320000,NULL
847,1065,9,14,2.0,00:01:21.8900000,00:01:21.3920000,NULL
847,1066,10,3,1.0,00:01:48.3030000,00:01:46.4350000,00:01:42.9830000
847,1067,15,13,0.0,00:01:25.4170000,00:01:25.0070000,NULL
847,1070,16,16,0.0,00:01:17.9580000,00:01:18.1720000,NULL
847,1071,13,17,0.0,00:01:09.9530000,NULL,NULL
847,1072,-1,14,0.0,00:01:28.9260000,00:01:29.0540000,NULL
847,1073,-1,17,0.0,00:01:24.4230000,NULL,NULL
847,1074,4,9,12.0,00:01:32.2690000,00:01:31.2520000,00:01:32.2160000
847,1075,5,6,10.0,00:01:29.6800000,00:01:29.6180000,00:01:29.1040000
847,1076,3,6,15.0,00:01:19.4050000,00:01:19.0760000,00:01:18.9330000
847,1077,4,11,12.0,00:01:20.3830000,00:01:20.7570000,NULL
847,1079,3,4,15.0,00:01:20.2180000,00:01:19.4700000,00:01:19.3930000
847,1080,5,6,10.0,00:01:12.7870000,00:01:12.6170000,00:01:12.1120000
847,1081,3,5,15.0,00:01:43.7540000,00:01:43.2810000,00:01:42.7120000
847,1082,4,8,12.0,00:01:33.1600000,00:01:24.9500000,00:01:23.5570000
847,1083,-1,8,0.0,00:01:40.0280000,00:01:41.7250000,00:01:42.1610000
847,1084,4,4,12.0,00:01:06.2350000,00:01:05.6970000,00:01:05.4310000
847,1085,3,6,15.0,00:01:33.1090000,00:01:32.6330000,00:01:32.1310000
847,1086,3,1,15.0,00:01:18.4070000,00:01:18.1540000,00:01:17.3770000
847,1087,4,5,12.0,00:01:45.6500000,00:01:45.4610000,00:01:45.7760000
847,1088,2,6,18.0,00:01:11.5610000,00:01:10.8240000,00:01:11.1470000
847,1089,3,2,15.0,00:01:21.7850000,00:01:21.7470000,00:01:21.5420000
847,1091,14,0,0.0,00:01:54.6330000,00:01:54.0120000,NULL
847,1092,8,8,4.0,00:01:30.8650000,00:01:30.4650000,00:01:30.3890000
847,1094,4,2,13.0,00:01:19.5830000,00:01:18.5650000,00:01:18.0790000
847,1095,1,1,26.0,00:01:14.4270000,00:01:11.3180000,00:01:12.0590000
847,1096,5,6,10.0,00:01:25.5450000,00:01:24.9400000,00:01:24.5110000
847,1098,7,6,6.0,00:01:31.0570000,00:01:30.5070000,00:01:30.3400000
847,1099,4,3,12.0,00:01:29.5920000,00:01:29.1320000,00:01:28.8570000
847,1100,-1,2,0.0,00:01:17.6540000,00:01:17.5130000,00:01:16.9680000
847,1101,8,11,5.0,00:01:42.0730000,00:01:41.6540000,NULL
847,1104,5,8,10.0,00:01:12.7690000,00:01:12.1510000,00:01:11.9640000
847,1105,3,12,15.0,00:01:13.3260000,00:01:13.4470000,NULL
847,1106,-1,4,0.0,00:01:21.7980000,00:01:20.0980000,00:01:27.8930000
847,1107,7,11,6.0,00:01:05.6860000,00:01:05.4280000,NULL
847,1108,5,6,10.0,00:01:29.4120000,00:01:28.7820000,00:01:27.1550000
847,1109,6,18,8.0,00:01:19.0270000,NULL,NULL
847,1110,6,8,8.0,00:01:59.0350000,00:01:52.6050000,00:01:47.8050000
847,1111,17,3,0.0,00:01:21.3450000,00:01:19.6200000,00:01:11.2940000
847,1112,5,4,10.0,00:01:22.1480000,00:01:21.3820000,00:01:20.6710000
847,1113,16,2,0.0,00:01:32.3310000,00:01:31.7430000,00:01:31.0560000
847,1114,7,8,6.0,00:01:30.8110000,00:01:30.2680000,00:01:30.2190000
847,1115,4,2,12.0,00:01:25.3340000,00:01:24.8270000,00:01:24.2190000
847,1117,6,8,8.0,00:01:18.8930000,00:01:17.6730000,00:01:17.6740000
847,1118,-1,8,0.0,00:01:10.3400000,00:01:10.3160000,00:01:11.5900000
847,1119,8,3,4.0,00:01:34.1370000,00:01:33.3510000,00:01:33.1120000
847,1120,3,4,15.0,00:01:24.3370000,00:01:24.0130000,00:01:23.7880000
847,1121,5,3,10.0,00:01:30.3500000,00:01:29.9220000,00:01:29.4850000
847,1122,6,7,8.0,00:01:28.7490000,00:01:28.4480000,00:01:28.3160000
847,1123,17,7,0.0,00:01:17.0620000,00:01:16.9010000,00:01:16.7240000
847,1124,7,9,6.0,00:01:29.7990000,00:01:29.1400000,00:01:29.0080000
847,1125,6,8,8.0,00:01:35.0840000,00:01:34.6090000,00:01:34.4330000
847,1127,7,6,7.0,00:01:16.1070000,00:01:15.6710000,00:01:15.2340000
847,1128,5,5,10.0,00:01:11.4920000,00:01:10.9290000,00:01:10.5430000
847,1129,3,1,15.0,00:01:13.0130000,00:01:11.7420000,00:01:12.0000000
847,1130,4,4,12.0,00:01:12.4560000,00:01:11.8120000,00:01:11.7030000
847,1131,1,3,25.0,00:01:05.5850000,00:01:05.0160000,00:01:04.8400000
847,1132,-1,1,0.0,00:01:30.1060000,00:01:26.7230000,00:01:25.8190000
847,1133,8,17,5.0,00:01:17.9680000,NULL,NULL
847,1134,-1,6,0.0,00:01:55.3530000,00:01:54.0950000,00:01:54.1840000
847,1135,7,4,6.0,00:01:11.0490000,00:01:10.5520000,00:01:10.2440000
847,1136,7,3,6.0,00:01:20.1690000,00:01:19.8770000,00:01:19.4400000
847,1137,3,5,15.0,00:01:43.1390000,00:01:42.3290000,00:01:41.8740000
847,1138,4,4,12.0,00:01:30.8110000,00:01:30.1530000,00:01:29.8670000
847,1140,5,5,10.0,00:01:17.1940000,00:01:16.9370000,00:01:16.3560000
847,1141,4,2,12.0,00:01:29.1210000,00:01:26.3070000,00:01:23.5780000
847,1142,1,1,25.0,00:01:33.1860000,00:01:32.7790000,00:01:32.3120000
847,1143,4,1,12.0,00:01:21.2410000,00:01:21.0690000,00:01:20.5750000
847,1144,5,6,10.0,00:01:23.6780000,00:01:23.2830000,00:01:23.1320000
848,1010,14,13,0.0,00:01:22.7570000,00:01:22.6360000,NULL
848,1011,9,12,2.0,00:01:29.5140000,00:01:29.5130000,NULL
848,1013,11,11,0.0,00:01:42.1540000,00:01:42.4940000,NULL
848,1014,11,11,0.0,00:01:17.7960000,00:01:17.4450000,NULL
848,1015,8,10,4.0,00:01:12.0070000,00:01:11.4290000,00:01:11.6530000
848,1016,-1,13,0.0,00:01:12.0200000,00:01:12.1930000,NULL
848,1017,15,11,0.0,00:01:31.4450000,00:01:30.4610000,NULL
848,1018,15,18,0.0,00:01:04.7080000,00:01:04.6650000,NULL
848,1019,12,9,0.0,00:01:26.4820000,00:01:26.4030000,00:01:26.3450000
848,1020,6,16,8.0,00:01:13.4610000,NULL,NULL
848,1021,10,12,1.0,00:01:16.9120000,00:01:16.6870000,NULL
848,1022,5,17,10.0,00:01:45.5280000,00:01:45.7990000,NULL
848,1023,6,8,8.0,00:01:20.3820000,00:01:20.0210000,NULL
848,1024,6,6,8.0,00:01:39.1060000,00:01:37.8650000,00:01:37.4110000
848,1025,5,0,10.0,00:01:39.1970000,NULL,NULL
848,1026,4,6,12.0,00:01:29.3510000,00:01:28.1560000,00:01:27.8510000
848,1027,5,5,10.0,00:01:16.1750000,00:01:16.5740000,00:01:15.3360000
848,1029,14,5,0.0,00:01:08.5030000,00:01:08.1170000,00:01:07.9350000
848,1030,6,5,8.0,00:01:36.1020000,00:01:36.7180000,00:01:35.6820000
848,1031,13,4,0.0,00:01:04.6610000,00:01:03.7460000,00:01:03.8680000
848,1032,4,6,12.0,00:01:20.8820000,00:01:19.0140000,00:01:21.0110000
848,1033,5,13,10.0,00:01:15.7220000,00:01:15.7150000,NULL
848,1034,8,12,4.0,00:01:26.5650000,00:01:26.5450000,NULL
848,1035,5,9,10.0,00:01:27.1530000,00:01:26.6420000,00:01:26.6690000
848,1036,8,6,4.0,00:01:17.4190000,00:01:17.1630000,00:01:17.0290000
848,1037,6,5,8.0,00:01:43.4180000,00:01:42.1930000,00:01:42.2640000
848,1038,15,9,0.0,00:01:21.1040000,00:01:20.0640000,00:01:20.0900000
848,1039,3,4,15.0,00:01:16.5270000,00:01:15.9140000,00:01:15.9540000
848,1040,10,15,1.0,00:01:33.9190000,00:01:33.1530000,00:01:33.0080000
848,1041,-1,5,0.0,00:01:27.1260000,00:01:26.2850000,00:01:26.0470000
848,1042,12,6,0.0,00:01:17.4350000,00:01:17.4110000,00:01:17.4370000
848,1043,15,6,0.0,00:01:15.4020000,00:01:14.7450000,00:01:14.5720000
848,1044,7,4,6.0,00:01:59.4310000,00:01:52.2820000,00:01:50.4480000
848,1045,3,4,15.0,00:01:28.7320000,00:01:28.7490000,00:01:28.2740000
848,1046,6,12,8.0,00:00:54.6200000,00:00:54.0260000,NULL
848,1047,4,5,12.0,00:01:36.1060000,00:01:35.6540000,00:01:35.5710000
848,1074,13,14,0.0,00:01:32.7260000,00:01:32.6640000,NULL
848,1075,14,16,0.0,00:01:30.4920000,NULL,NULL
848,1076,10,20,1.0,00:01:20.1350000,NULL,NULL
848,1077,11,18,0.0,NULL,NULL,NULL
848,1079,18,18,0.0,00:01:21.6450000,NULL,NULL
848,1080,-1,16,0.0,00:01:13.6110000,NULL,NULL
848,1081,12,17,0.0,00:01:44.7190000,NULL,NULL
848,1082,13,12,0.0,00:01:34.0470000,00:01:26.8580000,NULL
848,1083,-1,16,0.0,00:01:42.0780000,NULL,NULL
848,1084,12,15,0.0,00:01:06.5160000,00:01:06.2300000,NULL
848,1085,13,13,0.0,00:01:33.4230000,00:01:33.3070000,NULL
848,1086,17,17,0.0,00:01:19.2560000,NULL,NULL
848,1087,10,6,1.0,00:01:45.6720000,00:01:45.6750000,00:01:45.8370000
848,1088,12,15,0.0,00:01:11.6950000,00:01:11.8020000,NULL
848,1091,-1,18,0.0,00:01:56.9850000,NULL,NULL
848,1092,-1,16,0.0,00:01:31.3110000,NULL,NULL
848,1094,12,17,0.0,00:01:20.8590000,NULL,NULL
848,1095,15,19,0.0,00:01:14.3240000,00:01:11.6310000,NULL
848,1096,13,19,0.0,00:01:26.0280000,NULL,NULL
848,1098,10,15,1.0,00:01:31.4610000,NULL,NULL
848,1099,-1,17,0.0,00:01:29.9940000,NULL,NULL
848,1100,-1,8,0.0,00:01:17.9620000,00:01:17.7610000,00:01:17.6090000
848,1101,12,12,0.0,00:01:42.1710000,00:01:41.8180000,NULL
848,1104,14,13,0.0,00:01:12.7060000,00:01:12.5270000,NULL
848,1105,16,18,0.0,00:01:14.0630000,NULL,NULL
848,1106,7,9,6.0,00:01:21.9380000,00:01:18.7250000,NULL
848,1107,11,10,0.0,00:01:05.6730000,00:01:05.3870000,00:01:05.8230000
848,1108,8,8,4.0,00:01:29.4660000,00:01:28.0670000,00:01:27.5300000
848,1109,11,16,0.0,00:01:18.9170000,NULL,NULL
848,1110,14,15,0.0,00:02:00.3140000,NULL,NULL
848,1111,8,4,4.0,00:01:20.9390000,00:01:19.3990000,00:01:11.4190000
848,1112,7,6,6.0,00:01:21.6610000,00:01:21.2720000,00:01:20.7600000
848,1113,11,14,0.0,00:01:32.6680000,00:01:33.7190000,NULL
848,1114,-1,13,0.0,00:01:30.9410000,00:01:30.5370000,NULL
848,1115,13,13,0.0,00:01:26.1180000,00:01:25.7070000,NULL
848,1117,9,14,2.0,00:01:18.8280000,00:01:19.1470000,NULL
848,1118,-1,13,0.0,00:01:10.6210000,00:01:10.8400000,NULL
848,1119,12,5,0.0,00:01:34.6340000,00:01:33.5880000,00:01:33.3230000
848,1120,14,14,0.0,00:01:24.2980000,00:01:24.4390000,NULL
848,1121,15,13,0.0,00:01:30.3970000,00:01:30.2210000,NULL
848,1122,11,12,0.0,00:01:29.1070000,00:01:28.9800000,NULL
848,1123,11,12,0.0,00:01:17.1300000,00:01:17.1670000,NULL
848,1124,-1,14,0.0,00:01:29.9630000,00:01:29.7140000,NULL
848,1125,12,14,0.0,00:01:35.3840000,00:01:35.2410000,NULL
848,1127,-1,14,0.0,00:01:16.5240000,00:01:16.2000000,NULL
848,1128,9,9,2.0,00:01:11.6230000,00:01:11.2160000,00:01:10.9480000
848,1129,-1,10,0.0,00:01:12.8960000,00:01:12.4850000,00:01:12.7960000
848,1130,18,0,0.0,00:01:13.1530000,NULL,NULL
848,1131,15,16,0.0,00:01:05.7360000,NULL,NULL
848,1132,9,9,2.0,00:01:31.1350000,00:01:26.9330000,00:01:26.6400000
848,1133,14,13,0.0,00:01:17.2800000,00:01:16.4290000,NULL
848,1134,12,10,0.0,00:01:55.7220000,00:01:54.4730000,NULL
848,1135,14,19,0.0,NULL,NULL,NULL
848,1136,9,9,2.0,00:01:20.5420000,00:01:20.3140000,00:01:20.2990000
848,1137,7,9,6.0,00:01:42.8990000,00:01:42.8400000,00:01:42.8590000
848,1138,-1,11,0.0,00:01:30.6790000,00:01:30.4740000,NULL
848,1140,-1,9,0.0,00:01:17.1890000,00:01:16.9880000,00:01:17.0650000
848,1141,-1,7,0.0,00:01:29.0720000,00:01:25.8890000,00:01:24.6570000
848,1142,-1,17,0.0,00:01:34.4250000,NULL,NULL
848,1143,15,16,0.0,00:01:22.3900000,NULL,NULL
848,1144,11,18,0.0,00:01:23.8210000,NULL,NULL
849,1031,11,20,0.0,00:01:05.7570000,NULL,NULL
849,1032,17,18,0.0,00:01:21.7590000,NULL,NULL
849,1033,19,15,0.0,00:01:16.1050000,00:01:16.5440000,NULL
849,1034,15,18,0.0,00:01:27.7050000,NULL,NULL
849,1035,19,18,0.0,00:01:28.4300000,NULL,NULL
849,1036,18,19,0.0,00:01:18.5320000,NULL,NULL
849,1037,16,19,0.0,00:01:44.1380000,NULL,NULL
849,1038,11,20,0.0,00:01:21.7170000,NULL,NULL
849,1039,-1,19,0.0,00:01:17.3200000,NULL,NULL
849,1040,16,20,0.0,00:01:35.0660000,NULL,NULL
849,1041,14,18,0.0,00:01:27.8120000,NULL,NULL
849,1042,18,20,0.0,00:01:18.7770000,NULL,NULL
849,1043,11,19,0.0,00:01:15.9870000,NULL,NULL
849,1044,-1,0,0.0,00:02:21.6110000,NULL,NULL
849,1045,14,20,0.0,00:01:30.1820000,NULL,NULL
849,1046,-1,16,0.0,00:00:54.7960000,NULL,NULL
849,1047,17,18,0.0,00:01:38.4430000,NULL,NULL
849,1051,-1,17,0.0,00:01:23.2130000,NULL,NULL
849,1052,18,17,0.0,00:01:31.9360000,NULL,NULL
849,1053,-1,14,0.0,00:01:15.6530000,00:01:15.5930000,NULL
849,1054,18,18,0.0,00:01:20.2850000,NULL,NULL
849,1055,16,19,0.0,00:01:19.2190000,NULL,NULL
849,1056,15,18,0.0,00:01:12.3660000,NULL,NULL
849,1057,16,16,0.0,00:01:43.1280000,NULL,NULL
849,1058,17,16,0.0,00:01:05.1750000,NULL,NULL
849,1059,18,16,0.0,00:01:33.0620000,NULL,NULL
849,1060,16,18,0.0,00:01:05.1950000,NULL,NULL
849,1061,14,17,0.0,00:01:28.2540000,NULL,NULL
849,1062,7,18,6.0,00:01:18.0360000,NULL,NULL
849,1063,9,10,1.0,00:02:00.9660000,00:01:58.0560000,NULL
849,1064,16,0,0.0,00:01:10.0930000,00:01:11.1610000,NULL
849,1065,11,13,0.0,00:01:21.9250000,NULL,NULL
849,1066,19,18,0.0,00:01:48.2520000,NULL,NULL
849,1067,17,15,0.0,00:01:26.0860000,NULL,NULL
849,1070,17,13,0.0,00:01:18.7560000,NULL,NULL
849,1071,16,16,0.0,00:01:09.8970000,NULL,NULL
849,1072,12,16,0.0,00:01:29.1770000,NULL,NULL
849,1073,-1,16,0.0,00:01:24.3380000,NULL,NULL
849,1074,16,20,0.0,00:01:33.6340000,NULL,NULL
849,1075,-1,18,0.0,00:01:31.8170000,NULL,NULL
849,1076,16,18,0.0,00:01:21.3720000,NULL,NULL
849,1077,16,19,0.0,00:01:21.9710000,NULL,NULL
849,1079,16,19,0.0,00:01:21.9150000,NULL,NULL
849,1080,15,19,0.0,00:01:14.4030000,NULL,NULL
849,1081,15,18,0.0,00:01:45.3670000,NULL,NULL
849,1082,16,18,0.0,00:01:35.6600000,NULL,NULL
849,1083,12,10,0.0,00:01:41.9980000,00:01:43.2730000,00:02:03.0950000
849,1084,-1,17,0.0,00:01:07.0030000,NULL,NULL
849,1085,-1,18,0.0,00:01:33.7940000,NULL,NULL
849,1086,18,19,0.0,00:01:19.5700000,NULL,NULL
849,1087,18,11,0.0,00:01:46.4010000,NULL,NULL
849,1088,18,20,0.0,00:01:13.3530000,NULL,NULL
849,1089,15,10,0.0,00:01:22.5870000,NULL,NULL
849,1091,-1,19,0.0,00:01:57.5320000,NULL,NULL
849,1092,9,20,2.0,00:01:31.5110000,NULL,NULL
849,1094,18,18,0.0,00:01:21.1670000,NULL,NULL
849,1095,16,18,0.0,00:01:15.0950000,NULL,NULL
849,1096,19,20,0.0,00:01:26.0540000,NULL,NULL
850,1046,17,20,0.0,00:00:55.4260000,NULL,NULL
850,1047,19,17,0.0,00:01:38.1730000,NULL,NULL
851,1046,16,17,0.0,00:00:54.8920000,NULL,NULL
852,1051,13,8,0.0,00:01:22.4580000,00:01:22.0580000,00:01:21.8810000
852,1052,9,13,2.0,00:01:30.6070000,00:01:31.2030000,NULL
852,1053,12,20,0.0,NULL,NULL,NULL
852,1054,15,14,0.0,00:01:19.6840000,00:01:19.4630000,NULL
852,1055,-1,16,0.0,00:01:18.5560000,NULL,NULL
852,1056,16,16,0.0,00:01:12.0960000,NULL,NULL
852,1057,7,7,6.0,00:01:42.5210000,00:01:41.6540000,00:01:42.2110000
852,1058,10,11,1.0,00:01:04.6080000,00:01:04.6310000,00:01:04.5140000
852,1059,13,0,0.0,NULL,NULL,NULL
852,1060,12,7,0.0,00:01:04.9670000,00:01:04.5180000,00:01:04.2730000
852,1061,10,16,1.0,00:01:28.0430000,NULL,NULL
852,1062,6,16,8.0,00:01:17.9190000,NULL,NULL
852,1063,15,16,0.0,00:02:02.4130000,NULL,NULL
852,1064,-1,14,0.0,00:01:10.4620000,00:01:11.3140000,NULL
852,1065,-1,0,0.0,00:01:21.9730000,NULL,NULL
852,1066,17,12,0.0,00:01:48.8540000,00:01:46.7510000,NULL
852,1067,14,9,0.0,00:01:25.4090000,00:01:24.0540000,00:01:24.3680000
852,1070,-1,17,0.0,00:01:17.3300000,00:01:16.7010000,00:01:17.1580000
852,1071,15,15,0.0,00:01:09.3500000,00:01:09.4830000,NULL
852,1072,14,8,0.0,00:01:28.5030000,00:01:28.2220000,00:01:28.4420000
852,1073,4,8,12.0,00:01:23.4280000,00:01:23.4040000,00:01:23.2200000
852,1074,8,16,4.0,00:01:32.7500000,NULL,NULL
852,1075,-1,19,0.0,NULL,NULL,NULL
852,1076,15,13,0.0,00:01:19.7420000,00:01:19.4240000,NULL
852,1077,7,12,6.0,00:01:20.4740000,NULL,NULL
852,1079,10,13,1.0,00:01:20.7070000,00:01:20.6390000,NULL
852,1080,17,11,0.0,00:01:13.1100000,00:01:12.7970000,NULL
852,1081,13,8,0.0,00:01:43.5950000,00:01:43.3760000,00:01:43.0560000
852,1082,-1,20,0.0,00:01:36.5750000,NULL,NULL
852,1083,14,13,0.0,00:01:41.8930000,00:01:44.3110000,NULL
852,1084,16,16,0.0,00:01:06.4630000,00:01:06.8510000,NULL
852,1085,-1,8,0.0,00:01:33.3940000,00:01:32.8360000,00:01:32.7800000
852,1086,19,16,0.0,00:01:19.2400000,NULL,NULL
852,1087,13,0,0.0,00:01:46.6920000,NULL,NULL
852,1088,-1,9,0.0,00:01:11.4270000,00:01:11.4280000,00:01:12.5560000
852,1089,14,20,0.0,00:01:22.0200000,NULL,NULL
852,1091,-1,10,0.0,00:01:55.3140000,00:01:53.8480000,00:01:51.9830000
852,1092,13,13,0.0,00:01:31.1300000,00:01:30.8080000,NULL
852,1094,-1,13,0.0,00:01:19.9070000,00:01:19.5890000,NULL
852,1095,17,0,0.0,00:01:16.2640000,NULL,NULL
852,1096,11,11,0.0,00:01:25.6300000,00:01:25.2190000,NULL
852,1098,11,14,0.0,00:01:31.4000000,00:01:32.5100000,NULL
852,1099,11,16,0.0,00:01:29.9390000,NULL,NULL
852,1100,10,12,1.0,00:01:18.4710000,00:01:18.0990000,NULL
852,1101,10,8,1.0,00:01:42.2340000,00:01:41.5690000,00:01:41.5810000
852,1104,15,9,0.0,00:01:12.6420000,00:01:12.2490000,00:01:12.0820000
852,1105,12,15,0.0,00:01:13.8620000,00:01:14.4770000,NULL
852,1106,14,19,0.0,00:01:22.7460000,NULL,NULL
852,1107,19,16,0.0,00:01:05.7840000,NULL,NULL
852,1108,16,16,0.0,00:01:30.0250000,NULL,NULL
852,1109,15,17,0.0,00:01:18.9190000,NULL,NULL
852,1110,10,11,1.0,00:01:59.0440000,00:01:53.1480000,NULL
852,1111,15,17,0.0,00:01:21.7810000,00:01:20.2300000,NULL
852,1112,-1,11,0.0,00:01:21.8520000,00:01:21.5940000,NULL
852,1113,-1,15,0.0,00:01:31.9910000,NULL,NULL
852,1114,12,9,0.0,00:01:30.7330000,00:01:30.2040000,00:01:30.3030000
852,1115,15,11,0.0,00:01:26.0580000,00:01:25.3010000,NULL
852,1117,12,18,0.0,00:01:18.8900000,NULL,NULL
852,1118,9,16,2.0,00:01:10.8370000,NULL,NULL
852,1119,18,20,0.0,00:01:36.4470000,NULL,NULL
852,1120,8,6,4.0,00:01:24.2860000,00:01:24.2070000,00:01:23.9680000
852,1121,14,11,0.0,00:01:30.4810000,00:01:30.1290000,NULL
852,1122,15,9,0.0,00:01:28.9880000,00:01:28.5640000,00:01:28.5470000
852,1123,7,8,6.0,00:01:17.3560000,00:01:16.7910000,00:01:16.7880000
852,1124,10,10,1.0,00:01:29.7750000,00:01:29.4170000,00:01:29.4130000
852,1125,-1,19,0.0,00:01:35.7460000,NULL,NULL
852,1127,10,7,1.0,00:01:15.8940000,00:01:15.3580000,00:01:15.4650000
852,1128,8,8,4.0,00:01:11.8520000,00:01:11.1060000,00:01:10.8580000
852,1129,14,8,0.0,00:01:12.7480000,00:01:12.3030000,00:01:12.4140000
852,1130,19,17,0.0,00:01:12.9850000,NULL,NULL
852,1131,14,14,0.0,00:01:05.5630000,00:01:05.4120000,NULL
852,1132,10,13,1.0,00:01:30.9940000,00:01:27.2690000,NULL
852,1133,9,10,2.0,00:01:17.4360000,00:01:16.1210000,00:01:16.4770000
852,1134,16,20,0.0,00:01:56.5930000,NULL,NULL
852,1135,17,11,0.0,00:01:11.6030000,00:01:10.9550000,NULL
852,1136,-1,16,0.0,00:01:20.9450000,NULL,NULL
852,1137,-1,11,0.0,00:01:43.3370000,00:01:43.0350000,NULL
852,1138,12,8,0.0,00:01:30.7100000,00:01:30.2890000,00:01:30.3540000
852,1140,-1,11,0.0,00:01:17.1820000,00:01:17.1290000,NULL
852,1141,7,3,6.0,00:01:29.1720000,00:01:26.4640000,00:01:24.1110000
852,1142,9,7,2.0,00:01:33.7890000,00:01:33.0890000,00:01:33.0290000
852,1143,13,14,0.0,00:01:22.3640000,00:01:21.7710000,NULL
852,1144,12,11,0.0,00:01:23.7350000,00:01:23.4190000,NULL
853,1051,18,20,0.0,00:01:25.8590000,NULL,NULL
853,1052,-1,19,0.0,00:01:33.2730000,NULL,NULL
853,1053,17,19,0.0,00:01:16.7970000,NULL,NULL
853,1054,19,20,0.0,00:01:20.9120000,NULL,NULL
853,1055,19,20,0.0,00:01:19.8070000,NULL,NULL
853,1056,17,19,0.0,00:01:12.9580000,NULL,NULL
853,1057,14,18,0.0,00:01:44.2380000,NULL,NULL
853,1058,18,20,0.0,00:01:06.1920000,NULL,NULL
853,1059,20,18,0.0,00:01:33.5540000,NULL,NULL
853,1060,19,20,0.0,00:01:05.9510000,NULL,NULL
853,1061,17,19,0.0,00:01:29.0510000,NULL,NULL
853,1062,-1,19,0.0,00:01:18.9220000,NULL,NULL
853,1063,17,18,0.0,00:02:04.9390000,NULL,NULL
853,1064,-1,18,0.0,00:01:11.8750000,NULL,NULL
853,1065,-1,16,0.0,00:01:22.7160000,NULL,NULL
853,1066,18,15,0.0,00:01:53.7640000,NULL,NULL
853,1067,20,18,0.0,00:01:28.4490000,NULL,NULL
853,1070,18,15,0.0,00:01:19.3030000,NULL,NULL
853,1071,17,19,0.0,00:01:10.5890000,NULL,NULL
853,1072,-1,20,0.0,00:01:30.4730000,NULL,NULL
853,1073,-1,20,0.0,00:01:25.6850000,NULL,NULL
854,1051,16,19,0.0,00:01:23.4070000,NULL,NULL
854,1052,16,18,0.0,00:01:32.4490000,NULL,NULL
854,1053,16,18,0.0,00:01:16.2790000,NULL,NULL
854,1054,17,19,0.0,00:01:20.4520000,NULL,NULL
854,1055,18,18,0.0,00:01:19.1170000,NULL,NULL
854,1057,13,17,0.0,00:01:44.1580000,NULL,NULL
854,1058,16,19,0.0,00:01:06.0410000,NULL,NULL
854,1059,19,15,0.0,00:01:32.9420000,NULL,NULL
854,1060,18,19,0.0,00:01:05.4270000,NULL,NULL
854,1061,18,18,0.0,00:01:28.7380000,NULL,NULL
854,1062,12,20,0.0,NULL,NULL,NULL
854,1063,16,17,0.0,00:02:03.9730000,NULL,NULL
854,1064,18,17,0.0,00:01:11.3870000,NULL,NULL
854,1065,15,18,0.0,00:01:22.2480000,NULL,NULL
854,1066,-1,14,0.0,00:01:49.8300000,NULL,NULL
854,1067,19,14,0.0,00:01:25.5550000,00:01:25.2000000,NULL
854,1070,-1,14,0.0,00:01:18.8580000,NULL,NULL
854,1071,18,18,0.0,00:01:10.3290000,NULL,NULL
854,1072,-1,19,0.0,00:01:29.4640000,NULL,NULL
854,1073,14,19,0.0,00:01:24.9060000,NULL,NULL
854,1074,11,12,0.0,00:01:32.3800000,00:01:31.9980000,NULL
854,1075,-1,0,0.0,00:01:30.1670000,00:01:29.9200000,NULL
854,1076,13,15,0.0,00:01:20.1040000,00:01:20.4650000,NULL
854,1077,17,10,0.0,00:01:20.4220000,00:01:20.9160000,NULL
854,1079,14,10,0.0,00:01:20.6830000,00:01:20.4360000,00:01:20.3680000
854,1080,-1,15,0.0,00:01:13.4690000,00:01:13.0810000,NULL
854,1081,14,20,0.0,00:01:45.7750000,NULL,NULL
854,1082,-1,6,0.0,00:01:33.7070000,00:01:25.6840000,00:01:23.3560000
854,1083,8,19,4.0,00:01:42.7080000,NULL,NULL
854,1084,6,9,8.0,00:01:06.4050000,00:01:06.1510000,00:01:06.0110000
854,1085,15,17,0.0,00:01:33.7010000,NULL,NULL
854,1086,14,15,0.0,00:01:19.1640000,00:01:19.2020000,NULL
854,1087,17,19,0.0,00:01:46.3420000,00:01:47.7180000,NULL
854,1088,13,8,0.0,00:01:11.7410000,00:01:11.4200000,00:01:11.4420000
854,1089,12,17,0.0,00:01:23.0050000,NULL,NULL
854,1091,13,12,0.0,00:01:55.7360000,00:01:54.3700000,NULL
854,1092,17,15,0.0,00:01:31.1520000,00:01:31.4390000,NULL
854,1094,16,15,0.0,00:01:20.4190000,NULL,NULL
854,1095,13,12,0.0,00:01:16.3610000,NULL,NULL
854,1096,16,12,0.0,00:01:25.7110000,00:01:25.2250000,NULL
855,1074,10,15,1.0,00:01:32.4930000,00:01:33.5430000,NULL
855,1075,11,12,0.0,00:01:29.9780000,00:01:29.8190000,NULL
855,1076,11,14,0.0,00:01:19.9100000,00:01:20.1550000,NULL
855,1077,15,0,0.0,00:01:19.7300000,00:01:21.4340000,NULL
855,1079,-1,15,0.0,00:01:20.4760000,00:01:21.0940000,NULL
855,1080,16,20,0.0,00:01:15.6060000,NULL,NULL
855,1081,-1,14,0.0,00:01:43.7770000,00:01:43.7900000,NULL
855,1082,8,10,4.0,00:01:33.6920000,00:01:26.1160000,00:01:24.0300000
855,1083,-1,9,0.0,00:01:40.7910000,00:01:42.6400000,00:01:42.7190000
855,1084,14,13,0.0,00:01:06.9010000,NULL,NULL
855,1085,16,16,0.0,00:01:33.6740000,NULL,NULL
855,1086,13,12,0.0,00:01:18.9730000,00:01:18.5730000,NULL
855,1087,14,18,0.0,00:01:46.1780000,00:01:46.0850000,NULL
855,1088,16,14,0.0,00:01:11.8260000,00:01:11.7040000,NULL
855,1089,10,9,1.0,00:01:22.0030000,00:01:22.5770000,NULL
855,1091,-1,14,0.0,00:01:55.3750000,00:01:55.5180000,NULL
855,1092,16,14,0.0,00:01:30.8940000,00:01:30.9530000,NULL
855,1094,13,12,0.0,00:01:20.2830000,00:01:19.4760000,NULL
855,1095,12,13,0.0,00:01:15.1970000,NULL,NULL
855,1096,12,15,0.0,00:01:25.5940000,00:01:25.4080000,NULL
855,1098,16,13,0.0,00:01:31.6150000,00:01:31.4730000,NULL
855,1099,13,11,0.0,00:01:29.6540000,00:01:29.4610000,NULL
855,1100,9,17,2.0,00:01:18.5400000,NULL,NULL
855,1101,-1,15,0.0,00:01:42.6420000,NULL,NULL
855,1104,13,19,0.0,00:01:13.5230000,NULL,NULL
855,1105,9,13,2.0,00:01:13.6770000,00:01:13.5210000,NULL
855,1106,16,20,0.0,00:01:23.3420000,NULL,NULL
855,1107,12,17,0.0,00:01:05.8180000,NULL,NULL
855,1108,15,17,0.0,00:01:30.1230000,NULL,NULL
855,1109,16,5,0.0,00:01:18.1430000,00:01:17.7000000,00:01:16.9710000
855,1110,13,17,0.0,00:02:00.8320000,NULL,NULL
855,1111,-1,15,0.0,00:01:22.0670000,NULL,NULL
855,1112,14,16,0.0,00:01:22.3900000,NULL,NULL
855,1113,12,0,0.0,00:01:33.2580000,NULL,NULL
855,1114,13,19,0.0,00:01:31.3980000,NULL,NULL
855,1115,9,19,2.0,00:01:27.4320000,NULL,NULL
855,1117,14,10,0.0,00:01:19.0160000,00:01:18.4400000,00:01:18.0500000
855,1118,-1,20,0.0,00:01:11.2750000,NULL,NULL
855,1119,15,17,0.0,00:01:34.8490000,NULL,NULL
855,1120,17,19,0.0,00:01:25.1590000,NULL,NULL
855,1121,11,17,0.0,00:01:30.7570000,NULL,NULL
855,1122,18,20,0.0,NULL,NULL,NULL
855,1123,15,19,0.0,00:01:18.1880000,NULL,NULL
855,1124,-1,20,0.0,00:01:30.1430000,NULL,NULL
855,1125,14,16,0.0,00:01:35.5050000,NULL,NULL
855,1127,15,17,0.0,00:01:16.8340000,NULL,NULL
855,1128,16,18,0.0,00:01:13.0280000,NULL,NULL
855,1129,15,0,0.0,00:01:14.2920000,NULL,NULL
855,1130,13,15,0.0,00:01:12.8800000,00:01:12.7380000,NULL
855,1131,17,20,0.0,00:01:06.0610000,NULL,NULL
855,1132,18,14,0.0,00:01:31.1900000,00:01:27.8670000,NULL
855,1133,19,18,0.0,00:01:18.0370000,NULL,NULL
855,1134,-1,19,0.0,00:01:57.7750000,NULL,NULL
855,1135,20,17,0.0,00:01:13.2610000,NULL,NULL
855,1136,18,20,0.0,00:01:21.4450000,NULL,NULL
855,1137,14,17,0.0,00:01:44.2460000,NULL,NULL
855,1138,15,20,0.0,00:01:32.0540000,NULL,NULL
855,1140,15,19,0.0,00:01:18.0720000,NULL,NULL
855,1141,15,19,0.0,00:01:32.2630000,NULL,NULL
855,1142,13,13,0.0,00:01:34.0790000,00:01:33.5660000,NULL
855,1143,8,12,4.0,00:01:22.1030000,00:01:21.5010000,NULL
855,1144,13,15,0.0,00:01:23.8800000,NULL,NULL
856,1089,9,8,2.0,00:01:22.5670000,00:01:22.4710000,NULL
856,1098,14,19,0.0,00:01:32.1210000,NULL,NULL
856,1099,14,18,0.0,00:01:30.2440000,NULL,NULL
856,1100,15,15,0.0,00:01:18.4500000,00:01:18.3350000,NULL
856,1101,-1,18,0.0,NULL,NULL,NULL
856,1104,12,12,0.0,00:01:13.0540000,00:01:12.4280000,NULL
856,1105,14,14,0.0,00:01:13.5810000,00:01:14.0830000,NULL
856,1106,18,17,0.0,00:01:23.1370000,NULL,NULL
856,1107,17,0,0.0,00:01:05.9740000,NULL,NULL
856,1108,17,18,0.0,00:01:30.5130000,NULL,NULL
857,1098,-1,18,0.0,00:01:32.1010000,NULL,NULL
857,1099,15,8,0.0,00:01:29.7060000,00:01:29.3780000,00:01:29.2430000
857,1100,8,16,4.0,00:01:18.5170000,NULL,NULL
857,1101,11,10,0.0,00:01:42.4550000,00:01:41.6360000,00:01:41.6110000
857,1104,10,11,1.0,00:01:13.0060000,00:01:12.3950000,NULL
857,1105,13,9,0.0,00:01:13.6910000,00:01:13.0590000,00:01:13.6820000
857,1106,11,8,0.0,00:01:22.1900000,00:01:19.6590000,00:01:31.3490000
857,1107,16,13,0.0,00:01:05.6830000,00:01:05.6050000,NULL
857,1108,4,3,12.0,00:01:29.8740000,00:01:27.8450000,00:01:27.0920000
857,1109,5,4,10.0,00:01:18.4640000,00:01:17.5710000,00:01:16.9050000
857,1110,-1,5,0.0,00:01:58.8720000,00:01:51.5340000,00:01:47.3650000
857,1111,9,8,2.0,00:01:21.2310000,00:01:19.3920000,00:01:11.9380000
857,1112,12,7,0.0,00:01:22.1060000,00:01:21.5270000,00:01:20.7850000
857,1113,7,17,6.0,00:01:32.9020000,NULL,NULL
857,1114,3,2,15.0,00:01:30.4390000,00:01:30.1220000,00:01:29.4580000
857,1115,2,6,18.0,00:01:25.2660000,00:01:24.7240000,00:01:24.5400000
857,1117,8,7,4.0,00:01:18.2410000,00:01:17.8740000,00:01:17.6230000
857,1118,14,10,0.0,00:01:10.5190000,00:01:10.3300000,NULL
857,1119,10,18,2.0,00:01:34.8500000,NULL,NULL
857,1120,6,3,8.0,00:01:24.4870000,00:01:24.2780000,00:01:23.7820000
857,1121,8,8,4.0,00:01:30.5310000,00:01:30.1220000,00:01:29.6830000
857,1122,4,5,12.0,00:01:28.7550000,00:01:28.3430000,00:01:28.0890000
857,1123,4,5,12.0,00:01:17.3690000,00:01:16.6010000,00:01:16.5720000
857,1124,8,6,4.0,00:01:29.4250000,00:01:29.1480000,00:01:28.7600000
857,1125,8,5,4.0,00:01:35.0140000,00:01:34.6590000,00:01:34.2730000
857,1127,4,5,12.0,00:01:15.9400000,00:01:15.4070000,00:01:14.8200000
857,1128,2,2,18.0,00:01:11.5000000,00:01:10.7560000,00:01:10.4240000
857,1129,5,4,10.0,00:01:12.9070000,00:01:12.4620000,00:01:12.1030000
857,1130,7,9,6.0,00:01:12.4600000,00:01:12.0110000,NULL
857,1131,2,7,18.0,00:01:05.3110000,00:01:05.0700000,00:01:05.0480000
857,1132,4,5,12.0,00:01:30.8950000,00:01:26.7330000,00:01:26.2370000
857,1133,1,2,25.0,00:01:17.5040000,00:01:15.7850000,00:01:15.2490000
857,1134,2,5,18.0,00:01:54.8350000,00:01:54.1360000,00:01:54.0270000
857,1135,4,3,12.0,00:01:11.5410000,00:01:10.5050000,00:01:10.1720000
857,1136,2,2,18.0,00:01:20.0760000,00:01:19.8080000,00:01:19.4360000
857,1137,1,2,25.0,00:01:43.0330000,00:01:42.5980000,00:01:41.6860000
857,1138,3,5,15.0,00:01:30.2580000,00:01:29.6400000,00:01:29.9530000
857,1140,8,17,4.0,00:01:17.5970000,NULL,NULL
857,1141,8,8,4.0,00:01:30.1140000,00:01:25.1790000,00:01:24.6860000
857,1142,7,8,6.0,00:01:33.4500000,00:01:33.0240000,00:01:33.0330000
857,1143,3,4,15.0,00:01:21.8210000,00:01:21.1210000,00:01:20.8290000
857,1144,10,2,1.0,00:01:23.6400000,00:01:23.1990000,00:01:22.8040000
858,1098,12,16,0.0,00:01:31.6520000,NULL,NULL
858,1099,16,20,0.0,00:02:08.5100000,NULL,NULL
858,1100,16,18,0.0,00:01:18.5570000,NULL,NULL
858,1101,16,14,0.0,00:01:42.2420000,00:01:42.3950000,NULL
858,1104,18,16,0.0,00:01:13.1130000,NULL,NULL
858,1105,20,20,0.0,00:01:14.6990000,NULL,NULL
858,1106,-1,18,0.0,00:01:23.3370000,NULL,NULL
858,1107,13,18,0.0,00:01:05.9480000,NULL,NULL
858,1108,11,14,0.0,00:01:29.8730000,00:01:29.0310000,NULL
858,1109,-1,20,0.0,00:01:19.2480000,NULL,NULL
858,1110,17,18,0.0,00:02:01.5350000,NULL,NULL
858,1111,-1,10,0.0,00:01:22.0360000,00:01:20.0670000,00:01:16.7480000
858,1112,13,15,0.0,00:01:21.9300000,00:01:21.9440000,NULL
858,1113,14,18,0.0,00:01:33.2520000,NULL,NULL
858,1114,-1,0,0.0,NULL,NULL,NULL
858,1115,-1,15,0.0,00:01:26.2100000,NULL,NULL
858,1117,16,19,0.0,NULL,NULL,NULL
858,1118,11,19,0.0,00:01:11.0350000,NULL,NULL
858,1119,16,6,0.0,00:01:34.5250000,00:01:33.7330000,00:01:33.5130000
858,1120,16,20,0.0,NULL,NULL,NULL
858,1121,20,18,0.0,00:01:30.7700000,NULL,NULL
858,1122,14,19,0.0,00:01:29.5260000,NULL,NULL
858,1124,17,19,0.0,00:01:30.1390000,NULL,NULL
858,1125,17,20,0.0,00:01:36.3580000,NULL,NULL
858,1127,17,19,0.0,NULL,NULL,NULL
858,1128,15,15,0.0,00:01:12.0200000,NULL,NULL
858,1129,-1,13,0.0,00:01:13.0630000,00:01:12.7360000,NULL
858,1130,20,19,0.0,00:01:13.5090000,NULL,NULL
858,1131,19,19,0.0,00:01:05.8560000,NULL,NULL
858,1132,11,12,0.0,00:01:31.6080000,00:01:27.1750000,NULL
858,1133,17,14,0.0,00:01:17.7700000,00:01:16.5430000,NULL
858,1134,17,18,0.0,00:01:57.2300000,NULL,NULL
858,1135,16,18,0.0,NULL,NULL,NULL
859,1111,13,19,0.0,00:01:23.4200000,NULL,NULL
859,1112,11,12,0.0,00:01:22.1120000,00:01:21.7580000,NULL
859,1113,9,10,2.0,00:01:32.2150000,00:01:32.1660000,00:01:32.2680000
859,1114,11,11,0.0,00:01:30.4250000,00:01:30.5080000,NULL
859,1115,17,17,0.0,00:01:26.6350000,NULL,NULL
859,1140,16,12,0.0,00:01:17.3800000,00:01:17.1620000,NULL
859,1141,9,5,2.0,00:01:30.7580000,00:01:25.6540000,00:01:24.4840000
859,1142,16,14,0.0,00:01:34.0870000,00:01:34.2570000,NULL
859,1143,14,17,0.0,00:01:22.4110000,NULL,NULL
859,1144,17,12,0.0,00:01:23.7330000,00:01:23.4720000,NULL
860,1122,7,11,6.0,00:01:28.9840000,00:01:28.6420000,NULL
860,1137,10,10,1.0,00:01:43.4710000,00:01:42.9680000,NULL
860,1141,12,15,0.0,00:01:31.2290000,NULL,NULL
861,1136,12,18,0.0,00:01:21.0610000,NULL,NULL
861,1137,8,8,4.0,00:01:43.1380000,00:01:42.4730000,00:01:42.5300000
861,1138,11,12,0.0,00:01:30.7040000,00:01:30.4810000,NULL
861,1140,12,16,0.0,00:01:17.5580000,NULL,NULL
861,1141,-1,16,0.0,00:01:31.2700000,NULL,NULL
861,1142,14,0,0.0,00:01:33.7460000,00:01:33.7490000,NULL
861,1143,-1,19,0.0,00:01:22.5940000,NULL,NULL
861,1144,-1,20,0.0,00:01:23.9120000,NULL,NULL
862,1144,15,17,0.0,00:01:24.1050000,NULL,NULL
